"p","U:0","U:1","U:2","Ksl","Us:0","Us:1","Us:2","rho","voidfraction","Volume","Cell Type"
0.026932,-0.00028788,-0.000101,0.045427,1001.1,7.7162e-10,-2.1636e-10,1.4684e-10,1.21,0.89875,1.955e-05,1
