"p","U:0","U:1","U:2","Ksl","Us:0","Us:1","Us:2","rho","voidfraction","Volume","Cell Type"
0.021177,0.0012454,0.0012423,0.089901,1002,7.3368e-10,-7.3396e-10,5.3348e-12,1.21,0.89875,1.955e-05,1
