"p","U:0","U:1","U:2","Ksl","Us:0","Us:1","Us:2","rho","voidfraction","Volume","Cell Type"
5.0449,0.00072085,0.0034186,0.62003,1055.8,7.0397e-10,1.4266e-09,-5.1771e-11,1.21,0.89875,1.955e-05,1
