"p","U:0","U:1","U:2","Ksl","Us:0","Us:1","Us:2","rho","voidfraction","Volume","Cell Type"
2.5811,0.00068014,0.0070415,0.44356,1033,7.8083e-10,9.2771e-10,4.0518e-11,1.21,0.89875,1.955e-05,1
