"p","U:0","U:1","U:2","Ksl","Us:0","Us:1","Us:2","rho","voidfraction","Volume","Cell Type"
0.020171,0.0011993,0.0012066,0.089907,1002,6.1863e-10,-1.2357e-09,-2.4189e-11,1.21,0.89875,1.955e-05,1
