"p","U:0","U:1","U:2","Ksl","Us:0","Us:1","Us:2","rho","voidfraction","Volume","Cell Type"
0.10445,0.0003543,0.00049324,0.089962,1002.1,-3.9758e-10,2.0593e-09,-3.4859e-11,1.21,0.89875,1.955e-05,1
