"p","U:0","U:1","U:2","Ksl","Us:0","Us:1","Us:2","rho","voidfraction","Volume","Cell Type"
0.90771,0.0023193,0.0062232,0.26709,1014.1,6.8041e-10,1.7671e-11,-6.0962e-11,1.21,0.89875,1.955e-05,1
