"p","U:0","U:1","U:2","Ksl","Us:0","Us:1","Us:2","rho","voidfraction","Volume","Cell Type"
2.0818,0.00076695,0.0069448,0.39938,1027.8,-1.2516e-09,5.3528e-11,1.3624e-10,1.21,0.89875,1.955e-05,1
