"p","U:0","U:1","U:2","Ksl","Us:0","Us:1","Us:2","rho","voidfraction","Volume","Cell Type"
0.23094,0.0014977,0.0023789,0.13429,1004.1,-8.1968e-10,1.9868e-09,5.2414e-11,1.21,0.89875,1.955e-05,1
