"p","U:0","U:1","U:2","Ksl","Us:0","Us:1","Us:2","rho","voidfraction","Volume","Cell Type"
2.5812,0.00068006,0.0070413,0.44356,1033,5.3511e-10,6.1943e-10,4.4568e-11,1.21,0.89875,1.955e-05,1
