"p","U:0","U:1","U:2","Ksl","Us:0","Us:1","Us:2","rho","voidfraction","Volume","Cell Type"
0.026947,-0.00028841,-0.00011139,0.045427,1001.1,-1.0701e-09,4.8632e-11,1.1488e-11,1.21,0.89875,1.955e-05,1
