"p","U:0","U:1","U:2","Ksl","Us:0","Us:1","Us:2","rho","voidfraction","Volume","Cell Type"
2.0868,0.00076831,0.0069445,0.39938,1027.8,6.1867e-10,1.8312e-10,-1.4202e-10,1.21,0.89875,1.955e-05,1
