"p","U:0","U:1","U:2","Ksl","Us:0","Us:1","Us:2","rho","voidfraction","Volume","Cell Type"
0.10475,0.00012386,0.00045285,0.089971,1002.1,2.6416e-10,1.4945e-09,7.9934e-11,1.21,0.89875,1.955e-05,1
