"p","U:0","U:1","U:2","Ksl","Us:0","Us:1","Us:2","rho","voidfraction","Volume","Cell Type"
0.0090928,0.00078821,0.00095713,0.089889,1002,-3.2546e-10,1.4254e-09,1.1959e-10,1.21,0.89875,1.955e-05,1
