"p","U:0","U:1","U:2","Ksl","Us:0","Us:1","Us:2","rho","voidfraction","Volume","Cell Type"
3.5942,0.00058682,0.0056208,0.50965,1041.1,1.5422e-09,3.8286e-10,-5.3778e-09,1.21,0.89875,1.955e-05,1
