"p","U:0","U:1","U:2","Ksl","Us:0","Us:1","Us:2","rho","voidfraction","Volume","Cell Type"
0.10413,0.00048011,0.00056741,0.089902,1002.1,-1.9842e-10,1.0438e-09,2.627e-11,1.21,0.89875,1.955e-05,1
