"p","U:0","U:1","U:2","Ksl","Us:0","Us:1","Us:2","rho","voidfraction","Volume","Cell Type"
157.88,0.21646,0.013703,2.2475,4258.3,0.067207,-0.051526,0.014232,1.21,0.71469,1.9629e-005,1
