"p","U:0","U:1","U:2","Ksl","Us:0","Us:1","Us:2","rho","voidfraction","Volume","Cell Type"
160.54,0.074842,0.097603,2.2632,3879.9,-0.023052,0.0025262,-0.0050438,1.21,0.73186,1.9629e-005,1
