"p","U:0","U:1","U:2","Ksl","Us:0","Us:1","Us:2","rho","voidfraction","Volume","Cell Type"
199.44,0.042337,0.31918,2.1486,2855,0.016948,0.067613,0.018718,1.21,0.77041,1.9629e-005,1
