"p","U:0","U:1","U:2","Ksl","Us:0","Us:1","Us:2","rho","voidfraction","Volume","Cell Type"
141.03,-0.12537,0.39401,2.1189,3163.6,0.053948,0.0076698,-0.027482,1.21,0.77894,1.9629e-005,1
