"p","U:0","U:1","U:2","Ksl","Us:0","Us:1","Us:2","rho","voidfraction","Volume","Cell Type"
140.07,0.0054701,0.021394,2.1374,3112.9,-0.079772,0.10795,0.0091119,1.21,0.7668,1.9629e-005,1
