"p","U:0","U:1","U:2","Ksl","Us:0","Us:1","Us:2","rho","voidfraction","Volume","Cell Type"
170.88,-0.045437,-0.28061,2.1651,3974.1,-0.045046,-0.00049201,0.017112,1.21,0.74255,1.9629e-005,1
