"p","U:0","U:1","U:2","Ksl","Us:0","Us:1","Us:2","rho","voidfraction","Volume","Cell Type"
213.61,0.026931,0.33975,2.2354,3593.3,0.018104,-0.07962,0.045031,1.21,0.74713,1.9629e-005,1
