"p","U:0","U:1","U:2","Ksl","Us:0","Us:1","Us:2","rho","voidfraction","Volume","Cell Type"
150.42,-0.066131,0.0029856,2.2187,3585.5,0.02138,0.068788,-0.0029955,1.21,0.74244,1.9629e-005,1
