"p","U:0","U:1","U:2","Ksl","Us:0","Us:1","Us:2","rho","voidfraction","Volume","Cell Type"
138.92,0.22558,-0.37643,2.1467,3393.6,0.026029,0.0025326,-0.0097671,1.21,0.75477,1.9629e-005,1
