"p","U:0","U:1","U:2","Ksl","Us:0","Us:1","Us:2","rho","voidfraction","Volume","Cell Type"
150.77,-0.073303,0.021191,2.3105,4428.9,0.011671,0.05109,0.025115,1.21,0.71033,1.9629e-005,1
