"p","U:0","U:1","U:2","Ksl","Us:0","Us:1","Us:2","rho","voidfraction","Volume","Cell Type"
128.66,-0.024526,-0.18538,2.2197,3741.2,-0.022341,-0.0062393,0.0052865,1.21,0.73567,1.9629e-005,1
