"p","U:0","U:1","U:2","Ksl","Us:0","Us:1","Us:2","rho","voidfraction","Volume","Cell Type"
232.99,-0.0084714,0.17473,2.3144,4645,0.0070972,0.035959,0.052301,1.21,0.69995,1.9629e-005,1
