"p","U:0","U:1","U:2","Ksl","Us:0","Us:1","Us:2","rho","voidfraction","Volume","Cell Type"
191.86,0.14715,0.097917,2.1773,2902.3,0.091674,-0.21837,0.082457,1.21,0.78059,1.9629e-005,1
