"p","U:0","U:1","U:2","Ksl","Us:0","Us:1","Us:2","rho","voidfraction","Volume","Cell Type"
184.97,-0.034628,0.065837,2.2089,3761.7,0.12642,0.023908,0.047037,1.21,0.74225,1.9629e-005,1
