"p","U:0","U:1","U:2","Ksl","Us:0","Us:1","Us:2","rho","voidfraction","Volume","Cell Type"
188.24,-0.21288,0.060389,2.2244,3512.5,0.031031,-0.0085239,0.049229,1.21,0.75046,1.9629e-005,1
