"p","U:0","U:1","U:2","Ksl","Us:0","Us:1","Us:2","rho","voidfraction","Volume","Cell Type"
160.73,-0.26356,0.080944,2.1961,3257.9,-0.053035,0.017109,0.028733,1.21,0.75217,1.9629e-005,1
