"p","U:0","U:1","U:2","Ksl","Us:0","Us:1","Us:2","rho","voidfraction","Volume","Cell Type"
351.28,-0.00049939,0.0053865,1.8611,81.516,0.0020422,0.0011447,-0.014997,1.21,0.9832,1.9629e-005,1
