"p","U:0","U:1","U:2","Ksl","Us:0","Us:1","Us:2","rho","voidfraction","Volume","Cell Type"
131.46,-0.045551,-0.042688,2.2199,3410.8,-0.0010879,0.041681,0.0022746,1.21,0.74427,1.9629e-005,1
