"p","U:0","U:1","U:2","Ksl","Us:0","Us:1","Us:2","rho","voidfraction","Volume","Cell Type"
64.771,-0.01661,-0.0096723,1.9351,1155.8,-0.0076736,-0.00073163,-0.29095,1.21,0.89736,1.9629e-005,1
