"p","U:0","U:1","U:2","Ksl","Us:0","Us:1","Us:2","rho","voidfraction","Volume","Cell Type"
155.52,0.40723,0.065329,2.3258,5131.4,0.018591,-0.020592,0.02966,1.21,0.68555,1.9629e-005,1
