"p","U:0","U:1","U:2","Ksl","Us:0","Us:1","Us:2","rho","voidfraction","Volume","Cell Type"
207.43,-0.11331,0.50338,2.3032,4522,-0.0010006,0.082671,0.023624,1.21,0.70832,1.9629e-005,1
