"p","U:0","U:1","U:2","Ksl","Us:0","Us:1","Us:2","rho","voidfraction","Volume","Cell Type"
131.98,0.31769,0.099887,2.1942,3763.1,0.012779,-0.048095,0.013215,1.21,0.73431,1.9629e-005,1
