"p","U:0","U:1","U:2","Ksl","Us:0","Us:1","Us:2","rho","voidfraction","Volume","Cell Type"
155.83,-0.052875,0.089052,2.1456,3056.4,0.050584,-0.10148,0.017769,1.21,0.76212,1.9629e-005,1
