"p","U:0","U:1","U:2","Ksl","Us:0","Us:1","Us:2","rho","voidfraction","Volume","Cell Type"
181.53,-0.40203,0.049474,2.1856,3625.3,-0.013297,0.0036813,0.027864,1.21,0.74121,1.9629e-005,1
