"p","U:0","U:1","U:2","Ksl","Us:0","Us:1","Us:2","rho","voidfraction","Volume","Cell Type"
62.818,-0.0051542,0.0062298,1.9118,714.28,-0.00078107,0.0015614,-0.22004,1.21,0.92997,1.9629e-005,1
