"p","U:0","U:1","U:2","Ksl","Us:0","Us:1","Us:2","rho","voidfraction","Volume","Cell Type"
141.95,0.42658,0.30614,2.1101,2227.3,-0.042605,0.087797,-0.00030122,1.21,0.80935,1.9629e-005,1
