"p","U:0","U:1","U:2","Ksl","Us:0","Us:1","Us:2","rho","voidfraction","Volume","Cell Type"
178.36,0.080162,0.13054,2.1788,3401,0.070476,0.036625,0.012759,1.21,0.74607,1.9629e-005,1
