"p","U:0","U:1","U:2","Ksl","Us:0","Us:1","Us:2","rho","voidfraction","Volume","Cell Type"
183.76,-0.05756,0.73554,2.2783,4988.7,-0.00065105,0.10658,0.041524,1.21,0.69382,1.9629e-005,1
