"p","U:0","U:1","U:2","Ksl","Us:0","Us:1","Us:2","rho","voidfraction","Volume","Cell Type"
254.32,0.083668,-0.40113,2.4337,5516.1,0.039065,-0.064286,0.069983,1.21,0.69065,1.9629e-005,1
