"p","U:0","U:1","U:2","Ksl","Us:0","Us:1","Us:2","rho","voidfraction","Volume","Cell Type"
129.61,0.0082675,0.0022102,0.46347,13752,1.2257e-06,-2.6802e-06,3.8193e-06,1.21,0.39294,1.9629e-05,1
