"p","U:0","U:1","U:2","Ksl","Us:0","Us:1","Us:2","rho","voidfraction","Volume","Cell Type"
133.07,0.0047138,-0.00013007,0.52825,12295,-0.00035272,-0.00036227,-0.00076061,1.21,0.4205,1.9629e-05,1
