"p","U:0","U:1","U:2","Ksl","Us:0","Us:1","Us:2","rho","voidfraction","Volume","Cell Type"
112.35,0.0093145,0.0021617,0.39394,15771,1.5322e-07,2.7446e-07,-1.8737e-07,1.21,0.36365,1.9629e-05,1
