"p","U:0","U:1","U:2","Ksl","Us:0","Us:1","Us:2","rho","voidfraction","Volume","Cell Type"
133.29,0.0065854,0.0023008,0.52735,12393,1.2724e-05,1.4614e-05,-1.4112e-05,1.21,0.41931,1.9629e-05,1
