"p","U:0","U:1","U:2","Ksl","Us:0","Us:1","Us:2","rho","voidfraction","Volume","Cell Type"
173.44,-0.024152,-0.0085283,0.81965,11631,-0.017781,-0.010414,0.011706,1.21,0.43832,1.9629e-05,1
