"p","U:0","U:1","U:2","Ksl","Us:0","Us:1","Us:2","rho","voidfraction","Volume","Cell Type"
132.15,-0.10201,0.0049214,0.79575,11382,-0.023383,-0.0061293,0.0039955,1.21,0.44744,1.9629e-05,1
