"p","U:0","U:1","U:2","Ksl","Us:0","Us:1","Us:2","rho","voidfraction","Volume","Cell Type"
112.51,0.0093114,0.002179,0.39417,15780,2.1289e-06,3.7478e-06,0.00023934,1.21,0.36353,1.9629e-05,1
