"p","U:0","U:1","U:2","Ksl","Us:0","Us:1","Us:2","rho","voidfraction","Volume","Cell Type"
143.32,-0.029279,-0.032769,0.6896,11439,-0.0048236,-0.0039679,0.0013517,1.21,0.44374,1.9629e-05,1
