"p","U:0","U:1","U:2","Ksl","Us:0","Us:1","Us:2","rho","voidfraction","Volume","Cell Type"
135.23,0.0020988,-0.0030119,0.59419,11484,-0.0003251,-0.00079772,9.2742e-05,1.21,0.43723,1.9629e-05,1
