"p","U:0","U:1","U:2","Ksl","Us:0","Us:1","Us:2","rho","voidfraction","Volume","Cell Type"
127.41,-0.040863,-0.041746,0.6408,10092,-0.0019249,0.00010209,-0.02218,1.21,0.47779,1.9629e-05,1
