"p","U:0","U:1","U:2","Ksl","Us:0","Us:1","Us:2","rho","voidfraction","Volume","Cell Type"
115.77,0.041916,0.037741,0.63017,6992.3,0.010609,0.0069946,-0.033444,1.21,0.54912,1.9629e-05,1
