"p","U:0","U:1","U:2","Ksl","Us:0","Us:1","Us:2","rho","voidfraction","Volume","Cell Type"
129.62,0.0082434,0.0021917,0.46351,13751,-5.9504e-06,-1.0161e-06,5.3256e-06,1.21,0.39294,1.9629e-05,1
