"p","U:0","U:1","U:2","Ksl","Us:0","Us:1","Us:2","rho","voidfraction","Volume","Cell Type"
135.25,0.0007715,0.0011589,0.5926,11434,-0.00062781,-0.00047427,0.00025699,1.21,0.43851,1.9629e-05,1
