"p","U:0","U:1","U:2","Ksl","Us:0","Us:1","Us:2","rho","voidfraction","Volume","Cell Type"
111.63,0.055542,0.05625,0.64112,5757.1,0.0046746,0.0031246,-0.044724,1.21,0.60099,1.9629e-05,1
