"p","U:0","U:1","U:2","Ksl","Us:0","Us:1","Us:2","rho","voidfraction","Volume","Cell Type"
119.37,0.060431,0.047147,0.64222,7315,0.0083248,0.0036534,-0.003223,1.21,0.53948,1.9629e-05,1
