"p","U:0","U:1","U:2","Ksl","Us:0","Us:1","Us:2","rho","voidfraction","Volume","Cell Type"
115.08,-0.026163,-0.017778,0.63764,5316.8,0.005485,0.0037453,-0.050842,1.21,0.60857,1.9629e-05,1
