"p","U:0","U:1","U:2","Ksl","Us:0","Us:1","Us:2","rho","voidfraction","Volume","Cell Type"
95.656,-0.042461,-0.069546,0.7191,8743,0.0018144,0.0027599,-0.047472,1.21,0.52579,1.9629e-05,1
