"p","U:0","U:1","U:2","Ksl","Us:0","Us:1","Us:2","rho","voidfraction","Volume","Cell Type"
82.959,0.0070975,0.0016646,0.29639,15619,1.0536e-07,-5.1997e-07,2.2338e-07,1.21,0.36242,1.9629e-05,1
