"p","U:0","U:1","U:2","Ksl","Us:0","Us:1","Us:2","rho","voidfraction","Volume","Cell Type"
145.96,0.059855,0.031148,0.69164,9113.9,0.0011635,-0.0013008,0.023686,1.21,0.49558,1.9629e-05,1
