"p","U:0","U:1","U:2","Ksl","Us:0","Us:1","Us:2","rho","voidfraction","Volume","Cell Type"
135.41,0.0033536,0.00050967,0.59364,11490,1.4536e-05,-0.00015622,-5.8087e-05,1.21,0.43732,1.9629e-05,1
