"p","U:0","U:1","U:2","Ksl","Us:0","Us:1","Us:2","rho","voidfraction","Volume","Cell Type"
172.43,-0.016873,0.0033562,0.81618,11437,-0.018321,-0.0029624,0.017658,1.21,0.44193,1.9629e-05,1
