"p","U:0","U:1","U:2","Ksl","Us:0","Us:1","Us:2","rho","voidfraction","Volume","Cell Type"
130.35,0.0061315,0.00048374,0.46503,13893,-0.00010902,-0.00012408,0.0051816,1.21,0.39134,1.9629e-05,1
