"p","U:0","U:1","U:2","Ksl","Us:0","Us:1","Us:2","rho","voidfraction","Volume","Cell Type"
129.61,0.0082169,0.0022175,0.46348,13753,-4.5472e-06,1.9299e-06,-2.8897e-06,1.21,0.39294,1.9629e-05,1
