"p","U:0","U:1","U:2","Ksl","Us:0","Us:1","Us:2","rho","voidfraction","Volume","Cell Type"
26.631,0.0024178,0.00055429,0.099042,15138,-1.6894e-08,-9.1852e-09,-1.2211e-10,1.21,0.3618,1.9629e-05,1
