"p","U:0","U:1","U:2","Ksl","Us:0","Us:1","Us:2","rho","voidfraction","Volume","Cell Type"
105.93,-0.026603,-0.026338,0.66044,6259,0.0074208,0.0049655,-0.052629,1.21,0.59387,1.9629e-05,1
