"p","U:0","U:1","U:2","Ksl","Us:0","Us:1","Us:2","rho","voidfraction","Volume","Cell Type"
117.62,0.04819,0.039144,0.6371,7120.1,0.0097959,0.0057385,-0.029409,1.21,0.54357,1.9629e-05,1
