"p","U:0","U:1","U:2","Ksl","Us:0","Us:1","Us:2","rho","voidfraction","Volume","Cell Type"
0.026944,-0.00028418,-7.6148e-05,0.045427,1001.1,3.1582e-11,5.0102e-10,6.2305e-12,1.21,0.89875,1.955e-05,1
