"p","U:0","U:1","U:2","Ksl","Us:0","Us:1","Us:2","rho","voidfraction","Volume","Cell Type"
2.0836,0.00076814,0.0069446,0.39938,1027.8,6.1592e-10,3.4915e-10,2.5002e-12,1.21,0.89875,1.955e-05,1
