"p","U:0","U:1","U:2","Ksl","Us:0","Us:1","Us:2","rho","voidfraction","Volume","Cell Type"
2.0812,0.00075919,0.0069553,0.39938,1027.8,-8.3755e-11,4.0485e-10,1.0533e-10,1.21,0.89875,1.955e-05,1
