"p","U:0","U:1","U:2","Ksl","Us:0","Us:1","Us:2","rho","voidfraction","Volume","Cell Type"
0.024416,0.0011907,0.0012166,0.08992,1002,9.4672e-11,8.1754e-10,-3.2473e-12,1.21,0.89875,1.955e-05,1
