"p","U:0","U:1","U:2","Ksl","Us:0","Us:1","Us:2","rho","voidfraction","Volume","Cell Type"
0.92469,0.0026555,0.0060171,0.26707,1014.1,-3.8559e-10,5.5374e-10,2.4279e-11,1.21,0.89875,1.955e-05,1
