"p","U:0","U:1","U:2","Ksl","Us:0","Us:1","Us:2","rho","voidfraction","Volume","Cell Type"
5.0476,0.00072537,0.0034142,0.62003,1055.8,8.7588e-10,1.4563e-09,2.8451e-10,1.21,0.89875,1.955e-05,1
