"p","U:0","U:1","U:2","Ksl","Us:0","Us:1","Us:2","rho","voidfraction","Volume","Cell Type"
5.0471,0.00072506,0.0034148,0.62003,1055.8,1.3906e-09,1.9776e-09,6.0215e-11,1.21,0.89875,1.955e-05,1
