"p","U:0","U:1","U:2","Ksl","Us:0","Us:1","Us:2","rho","voidfraction","Volume","Cell Type"
0.013187,0.0012366,0.0011162,0.089883,1002,-4.5296e-10,-7.1868e-10,7.8631e-11,1.21,0.89875,1.955e-05,1
