"p","U:0","U:1","U:2","Ksl","Us:0","Us:1","Us:2","rho","voidfraction","Volume","Cell Type"
1.6446,0.00077887,0.0066111,0.35524,1022.9,2.5099e-10,2.9652e-10,1.5581e-10,1.21,0.89875,1.955e-05,1
