"p","U:0","U:1","U:2","Ksl","Us:0","Us:1","Us:2","rho","voidfraction","Volume","Cell Type"
0.23174,0.0014652,0.0023586,0.13428,1004.1,1.8091e-10,2.9775e-10,-1.0184e-11,1.21,0.89875,1.955e-05,1
