"p","U:0","U:1","U:2","Ksl","Us:0","Us:1","Us:2","rho","voidfraction","Volume","Cell Type"
0.027035,-0.0002322,0.00018479,0.045418,1001.1,-4.8359e-09,2.961e-09,7.8958e-11,1.21,0.89875,1.955e-05,1
