"p","U:0","U:1","U:2","Ksl","Us:0","Us:1","Us:2","rho","voidfraction","Volume","Cell Type"
0.026912,-0.00028673,-0.00014214,0.045427,1001.1,-1.6052e-09,8.6725e-10,3.5376e-11,1.21,0.89875,1.955e-05,1
