"p","U:0","U:1","U:2","Ksl","Us:0","Us:1","Us:2","rho","voidfraction","Volume","Cell Type"
0.026928,-0.00028749,-0.00013586,0.045427,1001.1,-1.3176e-09,6.6541e-10,-4.7562e-12,1.21,0.89875,1.955e-05,1
