"p","U:0","U:1","U:2","Ksl","Us:0","Us:1","Us:2","rho","voidfraction","Volume","Cell Type"
0.026931,-0.00027533,-0.00017367,0.045428,1001,-1.3365e-09,7.072e-10,9.1838e-12,1.21,0.89875,1.955e-05,1
