"p","U:0","U:1","U:2","Ksl","Us:0","Us:1","Us:2","rho","voidfraction","Volume","Cell Type"
2.0828,0.00076736,0.0069445,0.39938,1027.8,-3.9764e-10,5.3636e-10,1.1281e-11,1.21,0.89875,1.955e-05,1
