"p","U:0","U:1","U:2","Ksl","Us:0","Us:1","Us:2","rho","voidfraction","Volume","Cell Type"
0.01601,0.0012065,0.0011509,0.089899,1002,2.1547e-10,-1.3015e-09,3.5355e-11,1.21,0.89875,1.955e-05,1
