"p","U:0","U:1","U:2","Ksl","Us:0","Us:1","Us:2","rho","voidfraction","Volume","Cell Type"
0.026923,-0.00028811,-0.00012876,0.045427,1001.1,-1.914e-09,4.0479e-10,1.7331e-11,1.21,0.89875,1.955e-05,1
