"p","U:0","U:1","U:2","Ksl","Us:0","Us:1","Us:2","rho","voidfraction","Volume","Cell Type"
0.63004,0.0017956,0.0035744,0.17856,1006.9,3.7101e-10,6.0815e-11,-1.3252e-10,1.21,0.89875,1.955e-05,1
