"p","U:0","U:1","U:2","Ksl","Us:0","Us:1","Us:2","rho","voidfraction","Volume","Cell Type"
0.63064,0.0018976,0.0039457,0.17854,1006.9,4.3937e-10,2.9168e-10,8.7174e-11,1.21,0.89875,1.955e-05,1
