"p","U:0","U:1","U:2","Ksl","Us:0","Us:1","Us:2","rho","voidfraction","Volume","Cell Type"
0.026931,-0.00028574,-0.0001476,0.045427,1001.1,-1.6577e-09,8.6912e-10,1.2691e-10,1.21,0.89875,1.955e-05,1
