"p","U:0","U:1","U:2","Ksl","Us:0","Us:1","Us:2","rho","voidfraction","Volume","Cell Type"
0.015273,0.0012196,0.0011467,0.089895,1002,9.2163e-11,-1.1135e-09,-6.7559e-12,1.21,0.89875,1.955e-05,1
