"p","U:0","U:1","U:2","Ksl","Us:0","Us:1","Us:2","rho","voidfraction","Volume","Cell Type"
130.75,0.21568,0.65054,1.6454,5019.5,0.0052373,0.082956,-0.039121,1.21,0.68774,1.9629e-005,1
