"p","U:0","U:1","U:2","Ksl","Us:0","Us:1","Us:2","rho","voidfraction","Volume","Cell Type"
95.758,0.35944,0.012219,1.6944,5429,0.15579,0.07442,0.0030687,1.21,0.65816,1.9629e-005,1
