"p","U:0","U:1","U:2","Ksl","Us:0","Us:1","Us:2","rho","voidfraction","Volume","Cell Type"
145.74,0.10645,0.11855,1.8422,6990.8,0.061449,-0.01974,0.0066564,1.21,0.61138,1.9629e-005,1
