"p","U:0","U:1","U:2","Ksl","Us:0","Us:1","Us:2","rho","voidfraction","Volume","Cell Type"
106.93,-0.67437,0.044466,1.4681,2542.8,-0.0058014,0.044425,-0.052114,1.21,0.79867,1.9629e-005,1
