"p","U:0","U:1","U:2","Ksl","Us:0","Us:1","Us:2","rho","voidfraction","Volume","Cell Type"
128.46,0.30721,0.14207,1.5139,3812.8,-0.00042164,0.12919,-0.043555,1.21,0.72923,1.9629e-005,1
