"p","U:0","U:1","U:2","Ksl","Us:0","Us:1","Us:2","rho","voidfraction","Volume","Cell Type"
45.081,-0.026343,-0.0053091,1.5512,3462.5,-0.0062503,0.0017533,-0.19326,1.21,0.78354,1.9629e-005,1
