"p","U:0","U:1","U:2","Ksl","Us:0","Us:1","Us:2","rho","voidfraction","Volume","Cell Type"
115.86,0.59888,0.0056259,1.6094,5529.2,0.098982,0.10809,-0.07246,1.21,0.67993,1.9629e-005,1
