"p","U:0","U:1","U:2","Ksl","Us:0","Us:1","Us:2","rho","voidfraction","Volume","Cell Type"
124.26,-0.25447,0.17518,1.7887,6491.2,-0.056828,-0.0074739,-0.0011252,1.21,0.62653,1.9629e-005,1
