"p","U:0","U:1","U:2","Ksl","Us:0","Us:1","Us:2","rho","voidfraction","Volume","Cell Type"
68.808,-0.024813,-0.0081348,1.3313,841.44,0.0080709,0.0039344,-0.19277,1.21,0.91044,1.9629e-005,1
