"p","U:0","U:1","U:2","Ksl","Us:0","Us:1","Us:2","rho","voidfraction","Volume","Cell Type"
197.09,0.20935,0.16754,1.5404,2611.9,-0.0048734,-0.043929,0.035816,1.21,0.77178,1.9629e-005,1
