"p","U:0","U:1","U:2","Ksl","Us:0","Us:1","Us:2","rho","voidfraction","Volume","Cell Type"
179.5,-0.054033,0.099794,1.5765,4842.1,-0.067229,0.055888,-0.0042306,1.21,0.68941,1.9629e-005,1
