"p","U:0","U:1","U:2","Ksl","Us:0","Us:1","Us:2","rho","voidfraction","Volume","Cell Type"
199.33,0.15496,0.062571,1.7726,6437.9,-0.059629,0.044332,0.085229,1.21,0.62534,1.9629e-005,1
