"p","U:0","U:1","U:2","Ksl","Us:0","Us:1","Us:2","rho","voidfraction","Volume","Cell Type"
195.28,0.093127,0.09022,1.7249,5791.3,-0.11902,0.0017914,0.044094,1.21,0.63919,1.9629e-005,1
