"p","U:0","U:1","U:2","Ksl","Us:0","Us:1","Us:2","rho","voidfraction","Volume","Cell Type"
112.36,0.0093092,0.0021643,0.39394,15771,4.3325e-07,-2.3603e-07,-3.4385e-07,1.21,0.36364,1.9629e-05,1
