"p","U:0","U:1","U:2","Ksl","Us:0","Us:1","Us:2","rho","voidfraction","Volume","Cell Type"
86.354,0.035425,0.18516,0.68755,5470.6,0.016072,-0.037649,-0.071036,1.21,0.63337,1.9629e-05,1
