"p","U:0","U:1","U:2","Ksl","Us:0","Us:1","Us:2","rho","voidfraction","Volume","Cell Type"
142.22,0.050239,0.18273,0.75418,4994.5,0.0069325,-0.050133,0.014583,1.21,0.62833,1.9629e-05,1
