"p","U:0","U:1","U:2","Ksl","Us:0","Us:1","Us:2","rho","voidfraction","Volume","Cell Type"
161.89,-0.074104,0.030765,0.82363,11921,-0.022641,-0.00077663,0.011702,1.21,0.43421,1.9629e-05,1
