"p","U:0","U:1","U:2","Ksl","Us:0","Us:1","Us:2","rho","voidfraction","Volume","Cell Type"
82.962,0.0070973,0.0016651,0.29639,15619,4.9459e-08,1.2591e-07,-3.5169e-08,1.21,0.36242,1.9629e-05,1
