"p","U:0","U:1","U:2","Ksl","Us:0","Us:1","Us:2","rho","voidfraction","Volume","Cell Type"
117.67,-0.033649,0.036308,0.6136,8949.2,-0.0037371,0.0071276,-0.01174,1.21,0.49719,1.9629e-05,1
