"p","U:0","U:1","U:2","Ksl","Us:0","Us:1","Us:2","rho","voidfraction","Volume","Cell Type"
149.44,0.023524,0.062331,0.73222,7852.2,-0.0066549,0.016843,0.038683,1.21,0.52947,1.9629e-05,1
