"p","U:0","U:1","U:2","Ksl","Us:0","Us:1","Us:2","rho","voidfraction","Volume","Cell Type"
138.68,-0.086328,0.070425,0.70248,9915,-0.0043865,0.0021308,-0.0050765,1.21,0.47904,1.9629e-05,1
