"p","U:0","U:1","U:2","Ksl","Us:0","Us:1","Us:2","rho","voidfraction","Volume","Cell Type"
135.72,0.0028088,-0.00032963,0.59223,11418,-0.00075262,-0.00088553,0.0013164,1.21,0.43884,1.9629e-05,1
