"p","U:0","U:1","U:2","Ksl","Us:0","Us:1","Us:2","rho","voidfraction","Volume","Cell Type"
183.31,0.068489,-0.066347,0.96299,4851.7,0.098132,-0.090249,0.0047876,1.21,0.64923,1.9629e-05,1
