"p","U:0","U:1","U:2","Ksl","Us:0","Us:1","Us:2","rho","voidfraction","Volume","Cell Type"
82.965,0.0070975,0.0016648,0.29639,15619,8.3495e-08,-1.1587e-09,-7.0676e-08,1.21,0.36242,1.9629e-05,1
