"p","U:0","U:1","U:2","Ksl","Us:0","Us:1","Us:2","rho","voidfraction","Volume","Cell Type"
129.55,0.0081759,0.0022194,0.46345,13755,-1.4483e-06,9.1191e-07,-1.6939e-07,1.21,0.39292,1.9629e-05,1
