"p","U:0","U:1","U:2","Ksl","Us:0","Us:1","Us:2","rho","voidfraction","Volume","Cell Type"
136.68,0.043246,-0.12201,0.689,9625.6,0.0008204,-0.0097198,-0.0030853,1.21,0.48329,1.9629e-05,1
