"p","U:0","U:1","U:2","Ksl","Us:0","Us:1","Us:2","rho","voidfraction","Volume","Cell Type"
168.37,0.015878,-0.085537,0.81718,11510,-0.0080128,-0.026139,0.019933,1.21,0.44065,1.9629e-05,1
