"p","U:0","U:1","U:2","Ksl","Us:0","Us:1","Us:2","rho","voidfraction","Volume","Cell Type"
112.33,0.0093078,0.0021645,0.39395,15771,-1.0708e-06,3.5254e-07,4.9298e-06,1.21,0.36364,1.9629e-05,1
