"p","U:0","U:1","U:2","Ksl","Us:0","Us:1","Us:2","rho","voidfraction","Volume","Cell Type"
97.795,0.0082553,0.0019319,0.34551,15717,7.1122e-08,3.4473e-07,0.00010924,1.21,0.36279,1.9629e-05,1
