"p","U:0","U:1","U:2","Ksl","Us:0","Us:1","Us:2","rho","voidfraction","Volume","Cell Type"
139.23,-0.012101,-0.043423,0.70307,9907.8,-0.0094752,0.0045082,0.0022283,1.21,0.47569,1.9629e-05,1
