"p","U:0","U:1","U:2","Ksl","Us:0","Us:1","Us:2","rho","voidfraction","Volume","Cell Type"
109.64,-0.056148,-0.0098554,0.75586,10632,-0.0036305,0.0040559,-0.024918,1.21,0.46939,1.9629e-05,1
