"p","U:0","U:1","U:2","Ksl","Us:0","Us:1","Us:2","rho","voidfraction","Volume","Cell Type"
168.27,0.071601,0.014216,0.77093,9142,0.0084281,-0.018762,0.043461,1.21,0.49683,1.9629e-05,1
