"p","U:0","U:1","U:2","Ksl","Us:0","Us:1","Us:2","rho","voidfraction","Volume","Cell Type"
134.79,0.0016633,-6.307e-05,0.59172,11402,-0.00058834,-0.00066194,-0.0016986,1.21,0.43924,1.9629e-05,1
