"p","U:0","U:1","U:2","Ksl","Us:0","Us:1","Us:2","rho","voidfraction","Volume","Cell Type"
129.21,-0.092677,0.073874,0.69711,9727,-0.0090968,0.0087722,-0.00048791,1.21,0.48349,1.9629e-05,1
