"p","U:0","U:1","U:2","Ksl","Us:0","Us:1","Us:2","rho","voidfraction","Volume","Cell Type"
134.62,0.0075446,-0.047028,0.65734,10616,0.00058167,-0.0060315,0.0073985,1.21,0.45929,1.9629e-05,1
