"p","U:0","U:1","U:2","Ksl","Us:0","Us:1","Us:2","rho","voidfraction","Volume","Cell Type"
89.283,0.055595,-0.092149,0.79865,9356.8,0.011537,-0.025081,-0.035503,1.21,0.50689,1.9629e-05,1
