"p","U:0","U:1","U:2","Ksl","Us:0","Us:1","Us:2","rho","voidfraction","Volume","Cell Type"
139.43,-0.0091959,0.070775,0.71456,7432.6,0.0011122,-0.0044133,0.013632,1.21,0.54045,1.9629e-05,1
