"p","U:0","U:1","U:2","Ksl","Us:0","Us:1","Us:2","rho","voidfraction","Volume","Cell Type"
54.309,0.0047835,0.0011155,0.19788,15388,-2.1362e-07,-1.3475e-07,3.5753e-07,1.21,0.36201,1.9629e-05,1
