"p","U:0","U:1","U:2","Ksl","Us:0","Us:1","Us:2","rho","voidfraction","Volume","Cell Type"
112.36,0.0093109,0.0021631,0.39394,15771,-7.5648e-08,4.4138e-08,-7.2302e-08,1.21,0.36364,1.9629e-05,1
