"p","U:0","U:1","U:2","Ksl","Us:0","Us:1","Us:2","rho","voidfraction","Volume","Cell Type"
175.97,-0.058185,0.16351,0.87005,10566,-0.031751,0.048272,0.029283,1.21,0.46145,1.9629e-05,1
