"p","U:0","U:1","U:2","Ksl","Us:0","Us:1","Us:2","rho","voidfraction","Volume","Cell Type"
54.307,0.0047841,0.0011161,0.19789,15388,5.487e-07,2.5498e-07,6.1311e-06,1.21,0.36201,1.9629e-05,1
