"p","U:0","U:1","U:2","Ksl","Us:0","Us:1","Us:2","rho","voidfraction","Volume","Cell Type"
187.16,0.075931,-0.058034,0.85803,9599,0.010552,-0.054429,0.049531,1.21,0.48575,1.9629e-05,1
