"p","U:0","U:1","U:2","Ksl","Us:0","Us:1","Us:2","rho","voidfraction","Volume","Cell Type"
167.21,-0.096677,0.10639,0.98628,11724,-0.032221,0.027097,0.0066131,1.21,0.4474,1.9629e-05,1
