"p","U:0","U:1","U:2","Ksl","Us:0","Us:1","Us:2","rho","voidfraction","Volume","Cell Type"
132.86,-0.083229,0.013311,0.85638,11251,-0.016413,0.0018991,-0.0067905,1.21,0.45989,1.9629e-05,1
