"p","U:0","U:1","U:2","Ksl","Us:0","Us:1","Us:2","rho","voidfraction","Volume","Cell Type"
137.38,-0.0045617,0.017183,0.64369,10223,-0.0013733,0.001322,0.018755,1.21,0.4678,1.9629e-05,1
