"p","U:0","U:1","U:2","Ksl","Us:0","Us:1","Us:2","rho","voidfraction","Volume","Cell Type"
134.83,0.0045109,-0.002868,0.59236,11420,-0.00044266,-0.0010401,-0.0014914,1.21,0.4389,1.9629e-05,1
