"p","U:0","U:1","U:2","Ksl","Us:0","Us:1","Us:2","rho","voidfraction","Volume","Cell Type"
142.5,-0.02605,0.013569,0.67245,11022,-0.0040354,0.0015374,0.0087112,1.21,0.44861,1.9629e-05,1
