"p","U:0","U:1","U:2","Ksl","Us:0","Us:1","Us:2","rho","voidfraction","Volume","Cell Type"
140.99,0.059626,0.038828,0.73104,5767.8,0.012245,-0.020979,0.033443,1.21,0.598,1.9629e-05,1
