"p","U:0","U:1","U:2","Ksl","Us:0","Us:1","Us:2","rho","voidfraction","Volume","Cell Type"
137.71,-0.0028679,-0.037572,0.66365,11091,0.0011141,-0.0084112,-0.0040478,1.21,0.44792,1.9629e-05,1
