"p","U:0","U:1","U:2","Ksl","Us:0","Us:1","Us:2","rho","voidfraction","Volume","Cell Type"
131.84,-0.034399,-0.011743,0.64835,10232,-0.0076056,0.0040942,-0.0070524,1.21,0.46666,1.9629e-05,1
