"p","U:0","U:1","U:2","Ksl","Us:0","Us:1","Us:2","rho","voidfraction","Volume","Cell Type"
134.43,0.0034971,-0.0026822,0.58823,11289,-0.0010172,-0.0011506,0.00031051,1.21,0.44311,1.9629e-05,1
