"p","U:0","U:1","U:2","Ksl","Us:0","Us:1","Us:2","rho","voidfraction","Volume","Cell Type"
133.39,0.0060529,0.0023618,0.528,12372,-0.00010316,1.929e-05,-6.8185e-05,1.21,0.41904,1.9629e-05,1
