"p","U:0","U:1","U:2","Ksl","Us:0","Us:1","Us:2","rho","voidfraction","Volume","Cell Type"
136.81,-0.0035854,-0.005337,0.59698,11555,-0.0016515,-0.001393,0.00118,1.21,0.43655,1.9629e-05,1
