"p","U:0","U:1","U:2","Ksl","Us:0","Us:1","Us:2","rho","voidfraction","Volume","Cell Type"
136.74,0.00064039,-0.0050413,0.59203,11340,-0.00010343,-0.00031523,-0.0018458,1.21,0.44179,1.9629e-05,1
