"p","U:0","U:1","U:2","Ksl","Us:0","Us:1","Us:2","rho","voidfraction","Volume","Cell Type"
140.18,0.0091348,-0.020731,0.65774,10801,-0.0018195,-0.0011639,0.0061973,1.21,0.45519,1.9629e-05,1
