"p","U:0","U:1","U:2","Ksl","Us:0","Us:1","Us:2","rho","voidfraction","Volume","Cell Type"
133.24,0.005127,0.00056562,0.52843,12325,-0.00041895,-0.00037148,-0.00019271,1.21,0.41923,1.9629e-05,1
