"p","U:0","U:1","U:2","Ksl","Us:0","Us:1","Us:2","rho","voidfraction","Volume","Cell Type"
133.86,-0.022676,0.0003737,0.69237,9436.1,0.0035028,-0.012253,-0.0030279,1.21,0.48584,1.9629e-05,1
