"p","U:0","U:1","U:2","Ksl","Us:0","Us:1","Us:2","rho","voidfraction","Volume","Cell Type"
82.965,0.0070973,0.0016649,0.29639,15619,3.5925e-08,-1.1939e-07,5.6656e-08,1.21,0.36242,1.9629e-05,1
