"p","U:0","U:1","U:2","Ksl","Us:0","Us:1","Us:2","rho","voidfraction","Volume","Cell Type"
26.631,0.0024175,0.00055413,0.099041,15138,-4.2649e-07,-2.0783e-07,-8.2124e-07,1.21,0.3618,1.9629e-05,1
