"p","U:0","U:1","U:2","Ksl","Us:0","Us:1","Us:2","rho","voidfraction","Volume","Cell Type"
140.98,0.03794,-0.12301,0.98918,10632,0.050168,-0.05153,0.0026486,1.21,0.47092,1.9629e-05,1
