"p","U:0","U:1","U:2","Ksl","Us:0","Us:1","Us:2","rho","voidfraction","Volume","Cell Type"
85.413,-0.048678,-0.054769,0.85573,9001.6,0.0049337,-0.047858,-0.048032,1.21,0.51309,1.9629e-05,1
