"p","U:0","U:1","U:2","Ksl","Us:0","Us:1","Us:2","rho","voidfraction","Volume","Cell Type"
112.33,0.0093138,0.0021666,0.39394,15771,2.3564e-06,1.103e-06,2.9831e-06,1.21,0.36364,1.9629e-05,1
