"p","U:0","U:1","U:2","Ksl","Us:0","Us:1","Us:2","rho","voidfraction","Volume","Cell Type"
205.42,0.067015,-0.15556,1.1067,9140.8,0.0018305,0.0045733,0.055299,1.21,0.50721,1.9629e-05,1
