"p","U:0","U:1","U:2","Ksl","Us:0","Us:1","Us:2","rho","voidfraction","Volume","Cell Type"
112.35,0.0093101,0.0021636,0.39394,15771,1.4846e-07,6.7153e-08,2.4427e-07,1.21,0.36364,1.9629e-05,1
