"p","U:0","U:1","U:2","Ksl","Us:0","Us:1","Us:2","rho","voidfraction","Volume","Cell Type"
136.78,0.002156,-0.0048206,0.59497,11537,-0.00075852,-0.00023353,0.0026671,1.21,0.43656,1.9629e-05,1
