"p","U:0","U:1","U:2","Ksl","Us:0","Us:1","Us:2","rho","voidfraction","Volume","Cell Type"
140.31,0.038746,-0.09537,0.69142,9461.1,-0.0033163,-0.0028077,-0.0060191,1.21,0.48607,1.9629e-05,1
