"p","U:0","U:1","U:2","Ksl","Us:0","Us:1","Us:2","rho","voidfraction","Volume","Cell Type"
153.64,0.024966,-0.20065,0.87269,11327,-0.0031265,-0.043464,-0.0012711,1.21,0.45554,1.9629e-05,1
