"p","U:0","U:1","U:2","Ksl","Us:0","Us:1","Us:2","rho","voidfraction","Volume","Cell Type"
130.36,0.0060865,0.00051445,0.46506,13898,-0.00010209,-0.00011759,0.0051848,1.21,0.39126,1.9629e-05,1
