"p","U:0","U:1","U:2","Ksl","Us:0","Us:1","Us:2","rho","voidfraction","Volume","Cell Type"
57.751,0.089314,0.32276,0.94451,5707.8,0.050559,0.0088676,-0.091547,1.21,0.65161,1.9629e-05,1
