"p","U:0","U:1","U:2","Ksl","Us:0","Us:1","Us:2","rho","voidfraction","Volume","Cell Type"
115.88,0.018438,-0.014059,0.64855,5641,0.0050388,-0.0015224,-0.033966,1.21,0.59396,1.9629e-05,1
