"p","U:0","U:1","U:2","Ksl","Us:0","Us:1","Us:2","rho","voidfraction","Volume","Cell Type"
54.312,0.0047848,0.0011166,0.19788,15388,5.8315e-08,8.7566e-08,-9.6861e-06,1.21,0.36201,1.9629e-05,1
