"p","U:0","U:1","U:2","Ksl","Us:0","Us:1","Us:2","rho","voidfraction","Volume","Cell Type"
138.23,0.051807,0.14323,0.72495,5159.4,0.011538,0.01206,-0.0092295,1.21,0.62088,1.9629e-05,1
