"p","U:0","U:1","U:2","Ksl","Us:0","Us:1","Us:2","rho","voidfraction","Volume","Cell Type"
103.49,0.21701,-0.42386,0.89348,6106.8,-0.0045304,-0.0033955,-0.047559,1.21,0.63892,1.9629e-05,1
