"p","U:0","U:1","U:2","Ksl","Us:0","Us:1","Us:2","rho","voidfraction","Volume","Cell Type"
183.66,0.042093,0.028754,0.80885,10495,-0.007422,0.0086265,0.033865,1.21,0.4627,1.9629e-05,1
