"p","U:0","U:1","U:2","Ksl","Us:0","Us:1","Us:2","rho","voidfraction","Volume","Cell Type"
133.11,0.0059994,0.0010443,0.52833,12345,-0.00014594,-0.00021812,-0.00011765,1.21,0.4191,1.9629e-05,1
