"p","U:0","U:1","U:2","Ksl","Us:0","Us:1","Us:2","rho","voidfraction","Volume","Cell Type"
132.93,-0.01322,0.046312,0.63434,9721.2,-0.0007763,-2.7398e-05,0.0087411,1.21,0.47959,1.9629e-05,1
