"p","U:0","U:1","U:2","Ksl","Us:0","Us:1","Us:2","rho","voidfraction","Volume","Cell Type"
130.78,0.023992,-0.097875,0.68798,9534.1,0.0055766,-0.01664,0.0035576,1.21,0.48588,1.9629e-05,1
