"p","U:0","U:1","U:2","Ksl","Us:0","Us:1","Us:2","rho","voidfraction","Volume","Cell Type"
135.38,0.0035797,-0.0021135,0.59448,11498,-0.00044166,-0.00099482,0.00028791,1.21,0.4368,1.9629e-05,1
