"p","U:0","U:1","U:2","Ksl","Us:0","Us:1","Us:2","rho","voidfraction","Volume","Cell Type"
127.91,0.082078,-0.012307,0.67498,6177.9,0.0017428,0.0037351,0.012798,1.21,0.57914,1.9629e-05,1
