"p","U:0","U:1","U:2","Ksl","Us:0","Us:1","Us:2","rho","voidfraction","Volume","Cell Type"
133.42,0.005427,0.00067913,0.53116,12260,-0.00053998,-0.0001866,0.00047939,1.21,0.42165,1.9629e-05,1
