"p","U:0","U:1","U:2","Ksl","Us:0","Us:1","Us:2","rho","voidfraction","Volume","Cell Type"
135.7,0.0041758,-0.00034104,0.59274,11436,-0.0010534,-0.00085316,7.3423e-05,1.21,0.43821,1.9629e-05,1
