"p","U:0","U:1","U:2","Ksl","Us:0","Us:1","Us:2","rho","voidfraction","Volume","Cell Type"
132.92,-0.0060415,-0.0079026,0.69099,9484.2,0.0048388,-0.011104,-0.00057912,1.21,0.4875,1.9629e-05,1
