"p","U:0","U:1","U:2","Ksl","Us:0","Us:1","Us:2","rho","voidfraction","Volume","Cell Type"
131.98,-0.11129,0.12357,0.71542,8437.6,-0.0061752,0.0050321,-0.012188,1.21,0.52119,1.9629e-05,1
