"p","U:0","U:1","U:2","Ksl","Us:0","Us:1","Us:2","rho","voidfraction","Volume","Cell Type"
138.25,-0.031936,0.0031992,0.70366,10015,-0.011575,0.0089326,0.0022528,1.21,0.47423,1.9629e-05,1
