"p","U:0","U:1","U:2","Ksl","Us:0","Us:1","Us:2","rho","voidfraction","Volume","Cell Type"
105.34,0.020834,0.19895,0.68658,5497.2,0.012359,0.0022089,-0.052458,1.21,0.6193,1.9629e-05,1
