"p","U:0","U:1","U:2","Ksl","Us:0","Us:1","Us:2","rho","voidfraction","Volume","Cell Type"
125.66,0.098063,-0.21459,1.0924,9986,0.0040596,-0.0078519,-0.029429,1.21,0.50695,1.9629e-05,1
