"p","U:0","U:1","U:2","Ksl","Us:0","Us:1","Us:2","rho","voidfraction","Volume","Cell Type"
68.965,-0.0026201,0.36406,0.76493,6983.9,0.0059822,-0.0053851,-0.065037,1.21,0.59191,1.9629e-05,1
