"p","U:0","U:1","U:2","Ksl","Us:0","Us:1","Us:2","rho","voidfraction","Volume","Cell Type"
88.725,-0.10094,0.10094,0.71914,8920.1,0.0023099,0.0039814,-0.044238,1.21,0.52082,1.9629e-05,1
