"p","U:0","U:1","U:2","Ksl","Us:0","Us:1","Us:2","rho","voidfraction","Volume","Cell Type"
135.38,-0.008178,-0.028789,0.69973,9759.8,0.0048304,-0.014501,0.001418,1.21,0.47921,1.9629e-05,1
