"p","U:0","U:1","U:2","Ksl","Us:0","Us:1","Us:2","rho","voidfraction","Volume","Cell Type"
136.61,0.0044526,0.00082555,0.59436,11506,-0.0010488,-0.00068698,0.0014879,1.21,0.43715,1.9629e-05,1
