"p","U:0","U:1","U:2","Ksl","Us:0","Us:1","Us:2","rho","voidfraction","Volume","Cell Type"
129.62,0.0080944,0.0022226,0.46355,13750,-1.6384e-05,2.0934e-06,-5.3601e-06,1.21,0.39291,1.9629e-05,1
