"p","U:0","U:1","U:2","Ksl","Us:0","Us:1","Us:2","rho","voidfraction","Volume","Cell Type"
171.98,0.097452,-0.099325,0.80417,7959.2,0.014623,-0.064006,0.053127,1.21,0.53143,1.9629e-05,1
