"p","U:0","U:1","U:2","Ksl","Us:0","Us:1","Us:2","rho","voidfraction","Volume","Cell Type"
112.34,0.0093112,0.0021641,0.39394,15771,-2.9308e-07,-1.4181e-08,1.3082e-07,1.21,0.36364,1.9629e-05,1
