"p","U:0","U:1","U:2","Ksl","Us:0","Us:1","Us:2","rho","voidfraction","Volume","Cell Type"
82.964,0.0070973,0.0016651,0.29639,15618,5.2736e-08,-6.9006e-08,1.4896e-07,1.21,0.36242,1.9629e-05,1
