"p","U:0","U:1","U:2","Ksl","Us:0","Us:1","Us:2","rho","voidfraction","Volume","Cell Type"
54.309,0.0047842,0.0011161,0.19788,15388,2.7289e-07,1.3595e-07,-1.5691e-06,1.21,0.36201,1.9629e-05,1
