"p","U:0","U:1","U:2","Ksl","Us:0","Us:1","Us:2","rho","voidfraction","Volume","Cell Type"
184.95,0.067525,-0.14102,0.86867,7757.5,-0.00023057,-0.088719,0.063487,1.21,0.53878,1.9629e-05,1
