"p","U:0","U:1","U:2","Ksl","Us:0","Us:1","Us:2","rho","voidfraction","Volume","Cell Type"
82.956,0.0070971,0.0016676,0.29639,15618,2.3721e-06,1.2625e-06,-1.9768e-06,1.21,0.36241,1.9629e-05,1
