"p","U:0","U:1","U:2","Ksl","Us:0","Us:1","Us:2","rho","voidfraction","Volume","Cell Type"
177.4,0.025636,-0.035521,0.81235,10838,-0.0074221,-0.0052174,0.031331,1.21,0.45359,1.9629e-05,1
