"p","U:0","U:1","U:2","Ksl","Us:0","Us:1","Us:2","rho","voidfraction","Volume","Cell Type"
133.26,-0.025952,0.016637,0.64181,10084,-0.0039455,0.0023127,0.008863,1.21,0.47011,1.9629e-05,1
