"p","U:0","U:1","U:2","Ksl","Us:0","Us:1","Us:2","rho","voidfraction","Volume","Cell Type"
132.02,0.082838,-0.054343,0.70591,5270.5,-0.0086737,0.054114,-0.021403,1.21,0.61027,1.9629e-05,1
