"p","U:0","U:1","U:2","Ksl","Us:0","Us:1","Us:2","rho","voidfraction","Volume","Cell Type"
138.64,-0.067498,0.081178,0.68777,9318.7,-0.0022696,0.00084811,-0.011286,1.21,0.49087,1.9629e-05,1
