"p","U:0","U:1","U:2","Ksl","Us:0","Us:1","Us:2","rho","voidfraction","Volume","Cell Type"
26.628,0.0024198,0.0005551,0.099059,15139,2.4441e-06,1.2307e-06,3.0028e-05,1.21,0.3618,1.9629e-05,1
