"p","U:0","U:1","U:2","Ksl","Us:0","Us:1","Us:2","rho","voidfraction","Volume","Cell Type"
155.31,-0.094944,0.069769,0.88026,11767,-0.027716,0.0081928,0.015149,1.21,0.44096,1.9629e-05,1
