"p","U:0","U:1","U:2","Ksl","Us:0","Us:1","Us:2","rho","voidfraction","Volume","Cell Type"
133.21,-0.089729,0.078298,0.69801,9693.7,-0.0071889,0.0066415,-0.00098008,1.21,0.48347,1.9629e-05,1
