"p","U:0","U:1","U:2","Ksl","Us:0","Us:1","Us:2","rho","voidfraction","Volume","Cell Type"
76.09,-0.027464,0.11567,0.71652,6356.5,0.0069251,-0.0064206,-0.061214,1.21,0.62284,1.9629e-05,1
