"p","U:0","U:1","U:2","Ksl","Us:0","Us:1","Us:2","rho","voidfraction","Volume","Cell Type"
74.891,-0.056158,0.026431,0.81389,6003.8,0.042649,-0.039294,-0.064293,1.21,0.62035,1.9629e-05,1
