"p","U:0","U:1","U:2","Ksl","Us:0","Us:1","Us:2","rho","voidfraction","Volume","Cell Type"
133.83,0.035398,-0.12904,0.71585,9357.7,0.0055372,-0.017114,0.0042925,1.21,0.49322,1.9629e-05,1
