"p","U:0","U:1","U:2","Ksl","Us:0","Us:1","Us:2","rho","voidfraction","Volume","Cell Type"
26.613,0.0024197,0.00055638,0.099038,15131,1.8053e-06,1.3996e-07,-6.5382e-06,1.21,0.36179,1.9629e-05,1
