"p","U:0","U:1","U:2","Ksl","Us:0","Us:1","Us:2","rho","voidfraction","Volume","Cell Type"
153.86,-0.085765,0.047966,0.92835,5386.9,0.0060859,-0.036309,0.019166,1.21,0.62374,1.9629e-05,1
