"p","U:0","U:1","U:2","Ksl","Us:0","Us:1","Us:2","rho","voidfraction","Volume","Cell Type"
112.36,0.0093121,0.0021642,0.39394,15771,1.7988e-07,1.9639e-07,-3.9443e-07,1.21,0.36364,1.9629e-05,1
