"p","U:0","U:1","U:2","Ksl","Us:0","Us:1","Us:2","rho","voidfraction","Volume","Cell Type"
134.54,0.0016485,-0.0022051,0.59189,11480,-0.00021316,-0.00018078,-0.00019779,1.21,0.43788,1.9629e-05,1
