"p","U:0","U:1","U:2","Ksl","Us:0","Us:1","Us:2","rho","voidfraction","Volume","Cell Type"
140.82,-0.015408,-0.008646,0.7053,9937.8,-0.010082,0.0060745,0.0081225,1.21,0.47586,1.9629e-05,1
