"p","U:0","U:1","U:2","Ksl","Us:0","Us:1","Us:2","rho","voidfraction","Volume","Cell Type"
114.31,0.043958,-0.081864,0.64179,5476.4,0.0078525,0.0021886,-0.042338,1.21,0.60451,1.9629e-05,1
