"p","U:0","U:1","U:2","Ksl","Us:0","Us:1","Us:2","rho","voidfraction","Volume","Cell Type"
145.56,0.029285,-0.078879,0.74502,6099.2,-0.0060726,-0.012989,0.027404,1.21,0.58739,1.9629e-05,1
