"p","U:0","U:1","U:2","Ksl","Us:0","Us:1","Us:2","rho","voidfraction","Volume","Cell Type"
133.35,0.0063062,0.0024646,0.52773,12384,4.7673e-06,1.5204e-05,-1.5281e-06,1.21,0.41915,1.9629e-05,1
