"p","U:0","U:1","U:2","Ksl","Us:0","Us:1","Us:2","rho","voidfraction","Volume","Cell Type"
70.493,0.072545,-0.034574,0.95693,6180.6,-0.023124,0.031477,-0.060265,1.21,0.63302,1.9629e-05,1
