"p","U:0","U:1","U:2","Ksl","Us:0","Us:1","Us:2","rho","voidfraction","Volume","Cell Type"
124.58,-0.012895,-0.044733,0.6314,9791.5,0.00084989,-0.0047967,-0.015392,1.21,0.48039,1.9629e-05,1
