"p","U:0","U:1","U:2","Ksl","Us:0","Us:1","Us:2","rho","voidfraction","Volume","Cell Type"
126.94,0.062751,-0.089067,0.68834,4788.5,-0.0062162,0.030263,-0.023504,1.21,0.62656,1.9629e-05,1
