"p","U:0","U:1","U:2","Ksl","Us:0","Us:1","Us:2","rho","voidfraction","Volume","Cell Type"
157.3,-0.033833,-0.084205,0.88556,12010,-0.0097249,-0.018814,0.0037354,1.21,0.43842,1.9629e-05,1
