"p","U:0","U:1","U:2","Ksl","Us:0","Us:1","Us:2","rho","voidfraction","Volume","Cell Type"
26.631,0.0024179,0.00055431,0.099042,15138,7.9432e-10,-1.1139e-08,-2.4637e-08,1.21,0.3618,1.9629e-05,1
