"p","U:0","U:1","U:2","Ksl","Us:0","Us:1","Us:2","rho","voidfraction","Volume","Cell Type"
173.25,-0.15378,0.15468,1.0175,11423,-0.046535,0.043852,0.00021913,1.21,0.45624,1.9629e-05,1
