"p","U:0","U:1","U:2","Ksl","Us:0","Us:1","Us:2","rho","voidfraction","Volume","Cell Type"
137.73,0.034259,-0.11633,0.75744,9496.4,0.0073364,-0.024081,0.0087518,1.21,0.48836,1.9629e-05,1
