"p","U:0","U:1","U:2","Ksl","Us:0","Us:1","Us:2","rho","voidfraction","Volume","Cell Type"
133.98,-0.041336,0.019139,0.69012,9439.3,0.0039279,-0.0083351,-0.011056,1.21,0.48741,1.9629e-05,1
