"p","U:0","U:1","U:2","Ksl","Us:0","Us:1","Us:2","rho","voidfraction","Volume","Cell Type"
112.34,0.0093128,0.0021614,0.39394,15771,2.7113e-07,1.0424e-07,-4.1725e-07,1.21,0.36365,1.9629e-05,1
