"p","U:0","U:1","U:2","Ksl","Us:0","Us:1","Us:2","rho","voidfraction","Volume","Cell Type"
174.38,0.067022,0.03454,0.80099,8975.9,0.0053774,-0.020353,0.041682,1.21,0.50321,1.9629e-05,1
