"p","U:0","U:1","U:2","Ksl","Us:0","Us:1","Us:2","rho","voidfraction","Volume","Cell Type"
161.88,0.0081969,0.20454,0.81669,6458.4,-0.012063,0.088492,0.035669,1.21,0.58096,1.9629e-05,1
