"p","U:0","U:1","U:2","Ksl","Us:0","Us:1","Us:2","rho","voidfraction","Volume","Cell Type"
179.68,0.04332,-0.072204,0.82492,11445,0.0020601,-0.029029,0.024771,1.21,0.442,1.9629e-05,1
