"p","U:0","U:1","U:2","Ksl","Us:0","Us:1","Us:2","rho","voidfraction","Volume","Cell Type"
135.58,0.005759,0.00072379,0.49822,13096,-4.3579e-05,1.5291e-05,0.0060308,1.21,0.40531,1.9629e-05,1
