"p","U:0","U:1","U:2","Ksl","Us:0","Us:1","Us:2","rho","voidfraction","Volume","Cell Type"
136.61,-0.0076002,-0.049202,0.67022,11159,-0.00056115,-0.0067412,-0.0080774,1.21,0.44962,1.9629e-05,1
