"p","U:0","U:1","U:2","Ksl","Us:0","Us:1","Us:2","rho","voidfraction","Volume","Cell Type"
137.3,0.0058149,0.0021497,0.56124,11966,0.00026392,0.00029348,0.0045761,1.21,0.4286,1.9629e-05,1
