"p","U:0","U:1","U:2","Ksl","Us:0","Us:1","Us:2","rho","voidfraction","Volume","Cell Type"
133.87,-0.019853,0.14332,0.93654,11040,0.0030527,0.013748,-0.0069192,1.21,0.4611,1.9629e-05,1
