"p","U:0","U:1","U:2","Ksl","Us:0","Us:1","Us:2","rho","voidfraction","Volume","Cell Type"
135.62,0.00050403,-0.001689,0.59521,11535,-0.00064565,-0.00029624,0.00043228,1.21,0.43591,1.9629e-05,1
