"p","U:0","U:1","U:2","Ksl","Us:0","Us:1","Us:2","rho","voidfraction","Volume","Cell Type"
137.52,-0.037037,-0.0024391,0.65826,10819,-0.0031545,-0.0034793,-0.0080453,1.21,0.45752,1.9629e-05,1
