"p","U:0","U:1","U:2","Ksl","Us:0","Us:1","Us:2","rho","voidfraction","Volume","Cell Type"
40.531,0.0036049,0.00083218,0.14851,15262,1.0752e-06,4.4423e-07,3.1519e-05,1.21,0.36189,1.9629e-05,1
