"p","U:0","U:1","U:2","Ksl","Us:0","Us:1","Us:2","rho","voidfraction","Volume","Cell Type"
112.35,0.0093093,0.0021656,0.39394,15771,1.9792e-07,1.2841e-07,1.3281e-07,1.21,0.36364,1.9629e-05,1
