"p","U:0","U:1","U:2","Ksl","Us:0","Us:1","Us:2","rho","voidfraction","Volume","Cell Type"
154.82,-0.055851,0.036255,0.8843,11843,-0.011749,0.018786,0.0028326,1.21,0.43882,1.9629e-05,1
