"p","U:0","U:1","U:2","Ksl","Us:0","Us:1","Us:2","rho","voidfraction","Volume","Cell Type"
137,0.00060411,0.0033274,0.64458,10481,-0.00035822,-0.0019122,0.00068532,1.21,0.46605,1.9629e-05,1
