"p","U:0","U:1","U:2","Ksl","Us:0","Us:1","Us:2","rho","voidfraction","Volume","Cell Type"
135.44,0.0032413,0.00092052,0.59379,11493,-0.00093288,-5.087e-05,-2.5155e-05,1.21,0.43711,1.9629e-05,1
