"p","U:0","U:1","U:2","Ksl","Us:0","Us:1","Us:2","rho","voidfraction","Volume","Cell Type"
142.44,0.00050514,-0.14453,0.75698,5065.6,-0.00018171,-0.085161,-0.0068688,1.21,0.62759,1.9629e-05,1
