"p","U:0","U:1","U:2","Ksl","Us:0","Us:1","Us:2","rho","voidfraction","Volume","Cell Type"
112.36,0.0093082,0.0021648,0.39394,15771,1.3358e-07,1.9967e-08,6.8492e-08,1.21,0.36364,1.9629e-05,1
