"p","U:0","U:1","U:2","Ksl","Us:0","Us:1","Us:2","rho","voidfraction","Volume","Cell Type"
129.59,0.0081891,0.0021991,0.46346,13753,2.3672e-07,-1.0899e-06,-4.0431e-06,1.21,0.39292,1.9629e-05,1
