"p","U:0","U:1","U:2","Ksl","Us:0","Us:1","Us:2","rho","voidfraction","Volume","Cell Type"
101.84,0.02626,-0.19313,0.79049,9360.4,0.0005184,0.0069756,-0.044025,1.21,0.5038,1.9629e-05,1
