"p","U:0","U:1","U:2","Ksl","Us:0","Us:1","Us:2","rho","voidfraction","Volume","Cell Type"
26.63,0.0024177,0.00055437,0.099043,15138,-1.5313e-07,1.0245e-08,1.7194e-06,1.21,0.3618,1.9629e-05,1
