"p","U:0","U:1","U:2","Ksl","Us:0","Us:1","Us:2","rho","voidfraction","Volume","Cell Type"
134.01,0.052476,-0.10454,0.68956,9570.1,0.002383,-0.0086344,0.0025222,1.21,0.48554,1.9629e-05,1
