"p","U:0","U:1","U:2","Ksl","Us:0","Us:1","Us:2","rho","voidfraction","Volume","Cell Type"
134.84,0.095365,0.00013979,0.68926,6450.2,0.0086836,-0.0095425,0.018943,1.21,0.57025,1.9629e-05,1
