"p","U:0","U:1","U:2","Ksl","Us:0","Us:1","Us:2","rho","voidfraction","Volume","Cell Type"
119.1,0.22148,-0.18442,0.78009,5032.4,0.0069994,0.00066044,-0.032504,1.21,0.63334,1.9629e-05,1
