"p","U:0","U:1","U:2","Ksl","Us:0","Us:1","Us:2","rho","voidfraction","Volume","Cell Type"
135.64,0.00011115,-0.0013222,0.59277,11499,-0.00039578,-0.00018101,-0.0018002,1.21,0.43927,1.9629e-05,1
