"p","U:0","U:1","U:2","Ksl","Us:0","Us:1","Us:2","rho","voidfraction","Volume","Cell Type"
137.09,-0.015397,-0.0063919,0.6539,10740,-0.0017303,0.00031479,-0.0042092,1.21,0.45943,1.9629e-05,1
