"p","U:0","U:1","U:2","Ksl","Us:0","Us:1","Us:2","rho","voidfraction","Volume","Cell Type"
82.955,0.0070974,0.0016649,0.29639,15619,-3.4528e-07,-5.7916e-07,1.5785e-06,1.21,0.36242,1.9629e-05,1
