"p","U:0","U:1","U:2","Ksl","Us:0","Us:1","Us:2","rho","voidfraction","Volume","Cell Type"
112.34,0.0093095,0.002166,0.39394,15771,2.7469e-06,1.7477e-06,2.8121e-06,1.21,0.36365,1.9629e-05,1
