"p","U:0","U:1","U:2","Ksl","Us:0","Us:1","Us:2","rho","voidfraction","Volume","Cell Type"
163.52,0.015701,0.10896,0.93369,5141.7,-0.09838,0.079919,0.010274,1.21,0.63371,1.9629e-05,1
