"p","U:0","U:1","U:2","Ksl","Us:0","Us:1","Us:2","rho","voidfraction","Volume","Cell Type"
134.32,-0.090734,0.044871,0.6988,9794.9,-0.0069795,0.004557,-0.0041982,1.21,0.48618,1.9629e-05,1
