"p","U:0","U:1","U:2","Ksl","Us:0","Us:1","Us:2","rho","voidfraction","Volume","Cell Type"
82.964,0.0070975,0.0016647,0.29639,15619,4.8106e-08,6.8849e-08,-5.2647e-08,1.21,0.36242,1.9629e-05,1
