"p","U:0","U:1","U:2","Ksl","Us:0","Us:1","Us:2","rho","voidfraction","Volume","Cell Type"
124.15,0.02246,-0.028287,0.62296,9432.4,0.00039963,-0.0018994,-0.0015012,1.21,0.48761,1.9629e-05,1
