"p","U:0","U:1","U:2","Ksl","Us:0","Us:1","Us:2","rho","voidfraction","Volume","Cell Type"
136.79,0.004591,0.0026813,0.58965,11351,-0.00069429,-0.00035618,0.00073306,1.21,0.44262,1.9629e-05,1
