"p","U:0","U:1","U:2","Ksl","Us:0","Us:1","Us:2","rho","voidfraction","Volume","Cell Type"
26.631,0.0024177,0.00055427,0.099042,15138,-1.8545e-07,-6.6335e-08,-7.2596e-08,1.21,0.3618,1.9629e-05,1
