"p","U:0","U:1","U:2","Ksl","Us:0","Us:1","Us:2","rho","voidfraction","Volume","Cell Type"
130.64,0.029868,-0.11863,0.69046,9646.8,0.0048276,-0.015142,0.0026169,1.21,0.48394,1.9629e-05,1
