"p","U:0","U:1","U:2","Ksl","Us:0","Us:1","Us:2","rho","voidfraction","Volume","Cell Type"
129.57,0.0081769,0.0022038,0.46345,13754,1.7497e-06,-1.6699e-06,-3.0799e-06,1.21,0.39291,1.9629e-05,1
