"p","U:0","U:1","U:2","Ksl","Us:0","Us:1","Us:2","rho","voidfraction","Volume","Cell Type"
133.18,0.0065829,0.0022154,0.52792,12385,-8.0528e-06,-1.2747e-05,2.1645e-05,1.21,0.41893,1.9629e-05,1
