"p","U:0","U:1","U:2","Ksl","Us:0","Us:1","Us:2","rho","voidfraction","Volume","Cell Type"
71.27,0.054088,0.024696,0.87215,7547.8,-0.012625,0.032223,-0.053887,1.21,0.56083,1.9629e-05,1
