"p","U:0","U:1","U:2","Ksl","Us:0","Us:1","Us:2","rho","voidfraction","Volume","Cell Type"
174.56,-0.0059501,0.11598,0.84178,9208.6,-0.0031965,0.010086,0.042132,1.21,0.49748,1.9629e-05,1
