"p","U:0","U:1","U:2","Ksl","Us:0","Us:1","Us:2","rho","voidfraction","Volume","Cell Type"
89.069,-0.033582,-0.051922,0.75188,7102.7,-0.0046821,0.036877,-0.048475,1.21,0.57626,1.9629e-05,1
