"p","U:0","U:1","U:2","Ksl","Us:0","Us:1","Us:2","rho","voidfraction","Volume","Cell Type"
130.48,0.0076982,0.001276,0.46748,13942,-0.00019425,-0.00024978,0.0019684,1.21,0.38985,1.9629e-05,1
