"p","U:0","U:1","U:2","Ksl","Us:0","Us:1","Us:2","rho","voidfraction","Volume","Cell Type"
135.48,0.002234,-0.00068168,0.59313,11498,4.6283e-05,-0.00029497,0.00011865,1.21,0.43726,1.9629e-05,1
