"p","U:0","U:1","U:2","Ksl","Us:0","Us:1","Us:2","rho","voidfraction","Volume","Cell Type"
133.32,0.0064642,0.0023829,0.52776,12385,1.6712e-05,3.4193e-06,-6.2322e-06,1.21,0.41914,1.9629e-05,1
