"p","U:0","U:1","U:2","Ksl","Us:0","Us:1","Us:2","rho","voidfraction","Volume","Cell Type"
130.15,-0.089031,0.054318,0.70505,10005,-0.011464,0.0082551,-0.0021653,1.21,0.47764,1.9629e-05,1
