"p","U:0","U:1","U:2","Ksl","Us:0","Us:1","Us:2","rho","voidfraction","Volume","Cell Type"
129.13,-0.011081,-0.051507,0.6331,10019,-0.0010686,-0.0011124,-0.019223,1.21,0.47874,1.9629e-05,1
