"p","U:0","U:1","U:2","Ksl","Us:0","Us:1","Us:2","rho","voidfraction","Volume","Cell Type"
100.63,0.014912,-0.13249,0.98053,9308.7,-0.0073958,0.027976,-0.026225,1.21,0.51208,1.9629e-05,1
