"p","U:0","U:1","U:2","Ksl","Us:0","Us:1","Us:2","rho","voidfraction","Volume","Cell Type"
131.4,-0.094651,0.081077,0.69469,9662,-0.0060212,0.0063619,-0.0052098,1.21,0.4865,1.9629e-05,1
