"p","U:0","U:1","U:2","Ksl","Us:0","Us:1","Us:2","rho","voidfraction","Volume","Cell Type"
108.17,0.04127,0.15055,0.76557,6516.2,-0.0018211,0.058083,-0.050036,1.21,0.58676,1.9629e-05,1
