"p","U:0","U:1","U:2","Ksl","Us:0","Us:1","Us:2","rho","voidfraction","Volume","Cell Type"
186.16,0.015625,0.053139,0.8123,10665,-0.020517,0.012222,0.027968,1.21,0.45852,1.9629e-05,1
