"p","U:0","U:1","U:2","Ksl","Us:0","Us:1","Us:2","rho","voidfraction","Volume","Cell Type"
136.28,0.0044788,-8.5439e-05,0.59436,11520,-0.00069239,-0.00058997,0.00068679,1.21,0.43717,1.9629e-05,1
