"p","U:0","U:1","U:2","Ksl","Us:0","Us:1","Us:2","rho","voidfraction","Volume","Cell Type"
112.5,0.0093098,0.0021761,0.39417,15780,2.2063e-06,2.5927e-06,0.00023888,1.21,0.36353,1.9629e-05,1
