"p","U:0","U:1","U:2","Ksl","Us:0","Us:1","Us:2","rho","voidfraction","Volume","Cell Type"
115.2,0.0081187,-0.092689,0.75922,10601,-0.0015835,-0.0040184,-0.019671,1.21,0.47719,1.9629e-05,1
