"p","U:0","U:1","U:2","Ksl","Us:0","Us:1","Us:2","rho","voidfraction","Volume","Cell Type"
146.35,0.030337,-0.11699,0.93108,11201,0.010328,-0.027007,-0.0085321,1.21,0.45958,1.9629e-05,1
