"p","U:0","U:1","U:2","Ksl","Us:0","Us:1","Us:2","rho","voidfraction","Volume","Cell Type"
152.43,0.036234,0.042808,0.73559,8008.7,0.0037734,-0.0031229,0.037677,1.21,0.52622,1.9629e-05,1
