"p","U:0","U:1","U:2","Ksl","Us:0","Us:1","Us:2","rho","voidfraction","Volume","Cell Type"
134.42,-0.0032505,-0.0056523,0.59222,11372,-0.0020647,-0.0016727,-0.0016417,1.21,0.44,1.9629e-05,1
