"p","U:0","U:1","U:2","Ksl","Us:0","Us:1","Us:2","rho","voidfraction","Volume","Cell Type"
136.33,-0.0033098,-0.0043577,0.59354,11494,-0.0013913,-0.0013437,-0.0003147,1.21,0.44043,1.9629e-05,1
