"p","U:0","U:1","U:2","Ksl","Us:0","Us:1","Us:2","rho","voidfraction","Volume","Cell Type"
147.83,-0.00039644,0.13879,0.75992,6681.4,-0.01501,0.057707,0.027044,1.21,0.56932,1.9629e-05,1
