"p","U:0","U:1","U:2","Ksl","Us:0","Us:1","Us:2","rho","voidfraction","Volume","Cell Type"
130.78,0.038524,-0.13326,0.68487,9567.3,0.0033208,-0.013132,-0.0014686,1.21,0.48608,1.9629e-05,1
