"p","U:0","U:1","U:2","Ksl","Us:0","Us:1","Us:2","rho","voidfraction","Volume","Cell Type"
135.08,0.00053684,-0.0037698,0.5924,11427,-0.0012697,-0.00093486,0.0010235,1.21,0.43834,1.9629e-05,1
