"p","U:0","U:1","U:2","Ksl","Us:0","Us:1","Us:2","rho","voidfraction","Volume","Cell Type"
129.58,0.0081731,0.0022213,0.46346,13754,-8.6221e-07,3.4805e-06,4.1766e-06,1.21,0.39292,1.9629e-05,1
