"p","U:0","U:1","U:2","Ksl","Us:0","Us:1","Us:2","rho","voidfraction","Volume","Cell Type"
139.99,0.0057102,-0.060204,0.6974,9564.5,-0.007363,0.0021098,0.0018644,1.21,0.48345,1.9629e-05,1
