"p","U:0","U:1","U:2","Ksl","Us:0","Us:1","Us:2","rho","voidfraction","Volume","Cell Type"
133.47,-0.0021,-0.0054695,0.58865,11272,-0.001862,-0.0017948,-0.0014139,1.21,0.44254,1.9629e-05,1
