"p","U:0","U:1","U:2","Ksl","Us:0","Us:1","Us:2","rho","voidfraction","Volume","Cell Type"
145.35,-0.080507,0.17125,1.0262,9913.6,0.021283,-0.0070971,0.025449,1.21,0.48988,1.9629e-05,1
