"p","U:0","U:1","U:2","Ksl","Us:0","Us:1","Us:2","rho","voidfraction","Volume","Cell Type"
132.49,0.008709,-0.026112,0.63781,10144,-8.7017e-05,-0.0024108,0.0037156,1.21,0.47151,1.9629e-05,1
