"p","U:0","U:1","U:2","Ksl","Us:0","Us:1","Us:2","rho","voidfraction","Volume","Cell Type"
129.63,0.0074537,0.0017742,0.46417,13799,-0.00023694,-0.00019146,0.00012499,1.21,0.39237,1.9629e-05,1
