"p","U:0","U:1","U:2","Ksl","Us:0","Us:1","Us:2","rho","voidfraction","Volume","Cell Type"
129.57,0.0081657,0.0022196,0.46345,13754,-5.9632e-07,6.5419e-07,3.5143e-06,1.21,0.39292,1.9629e-05,1
