"p","U:0","U:1","U:2","Ksl","Us:0","Us:1","Us:2","rho","voidfraction","Volume","Cell Type"
132.58,-0.04939,0.042049,0.64058,10106,-0.0044617,0.00319,-0.0053432,1.21,0.46932,1.9629e-05,1
