"p","U:0","U:1","U:2","Ksl","Us:0","Us:1","Us:2","rho","voidfraction","Volume","Cell Type"
26.631,0.0024176,0.00055422,0.099042,15138,-3.0934e-07,-1.1875e-07,3.3516e-07,1.21,0.3618,1.9629e-05,1
