"p","U:0","U:1","U:2","Ksl","Us:0","Us:1","Us:2","rho","voidfraction","Volume","Cell Type"
144.36,-0.010122,0.00096776,0.6678,11146,-9.7626e-05,-0.005881,0.0068066,1.21,0.44573,1.9629e-05,1
