"p","U:0","U:1","U:2","Ksl","Us:0","Us:1","Us:2","rho","voidfraction","Volume","Cell Type"
135.47,-0.025575,0.0022525,0.69525,9488.8,0.0027373,-0.012468,0.00057687,1.21,0.48461,1.9629e-05,1
