"p","U:0","U:1","U:2","Ksl","Us:0","Us:1","Us:2","rho","voidfraction","Volume","Cell Type"
54.309,0.0047836,0.0011157,0.19788,15388,9.0453e-10,-1.3835e-08,6.3108e-08,1.21,0.36201,1.9629e-05,1
