"p","U:0","U:1","U:2","Ksl","Us:0","Us:1","Us:2","rho","voidfraction","Volume","Cell Type"
158.35,0.057146,0.07255,0.78697,7333.9,-0.0051789,0.022511,0.03908,1.21,0.54693,1.9629e-05,1
