"p","U:0","U:1","U:2","Ksl","Us:0","Us:1","Us:2","rho","voidfraction","Volume","Cell Type"
26.629,0.0024188,0.00055483,0.099045,15137,1.2371e-06,5.4395e-07,5.544e-06,1.21,0.3618,1.9629e-05,1
