"p","U:0","U:1","U:2","Ksl","Us:0","Us:1","Us:2","rho","voidfraction","Volume","Cell Type"
112.36,0.0093131,0.0021616,0.39394,15771,1.3249e-07,-3.9388e-07,-2.3989e-07,1.21,0.36365,1.9629e-05,1
