"p","U:0","U:1","U:2","Ksl","Us:0","Us:1","Us:2","rho","voidfraction","Volume","Cell Type"
131.61,-0.076222,0.062473,0.69897,9807.9,-0.011834,0.010935,0.00069821,1.21,0.48003,1.9629e-05,1
