"p","U:0","U:1","U:2","Ksl","Us:0","Us:1","Us:2","rho","voidfraction","Volume","Cell Type"
82.963,0.0070974,0.0016646,0.29639,15619,6.6119e-09,1.3412e-07,8.5034e-08,1.21,0.36242,1.9629e-05,1
