"p","U:0","U:1","U:2","Ksl","Us:0","Us:1","Us:2","rho","voidfraction","Volume","Cell Type"
66.475,0.051599,-0.22917,0.77883,5449.5,-0.0052877,0.0084888,-0.07275,1.21,0.66783,1.9629e-05,1
