"p","U:0","U:1","U:2","Ksl","Us:0","Us:1","Us:2","rho","voidfraction","Volume","Cell Type"
130.76,-0.064902,0.019644,0.7875,11401,-0.013939,-0.0022027,-0.0022373,1.21,0.44911,1.9629e-05,1
