"p","U:0","U:1","U:2","Ksl","Us:0","Us:1","Us:2","rho","voidfraction","Volume","Cell Type"
126.79,-0.0021062,-0.042041,0.63792,9978.7,0.0017572,-0.006201,-0.011673,1.21,0.4752,1.9629e-05,1
