"p","U:0","U:1","U:2","Ksl","Us:0","Us:1","Us:2","rho","voidfraction","Volume","Cell Type"
54.309,0.0047836,0.0011157,0.19788,15388,-1.8885e-09,-9.0923e-09,7.3245e-08,1.21,0.36201,1.9629e-05,1
