"p","U:0","U:1","U:2","Ksl","Us:0","Us:1","Us:2","rho","voidfraction","Volume","Cell Type"
140.08,-0.0033108,-0.014212,0.6587,10783,-0.0034247,-0.0027632,0.00098882,1.21,0.45737,1.9629e-05,1
