"p","U:0","U:1","U:2","Ksl","Us:0","Us:1","Us:2","rho","voidfraction","Volume","Cell Type"
91.848,0.073895,-0.20654,0.69649,5723.9,-0.0051756,0.028163,-0.063121,1.21,0.62335,1.9629e-05,1
