"p","U:0","U:1","U:2","Ksl","Us:0","Us:1","Us:2","rho","voidfraction","Volume","Cell Type"
134.41,-0.0038177,-0.0056335,0.59346,11448,-0.0014109,-0.0010442,-0.0010828,1.21,0.43866,1.9629e-05,1
