"p","U:0","U:1","U:2","Ksl","Us:0","Us:1","Us:2","rho","voidfraction","Volume","Cell Type"
128.04,0.0015952,-0.0016153,0.46106,13623,-0.00082092,-0.00027699,-0.0038755,1.21,0.39574,1.9629e-05,1
