"p","U:0","U:1","U:2","Ksl","Us:0","Us:1","Us:2","rho","voidfraction","Volume","Cell Type"
135.83,0.0040675,0.00082377,0.594,11528,0.00011422,-0.00026216,0.00033322,1.21,0.43655,1.9629e-05,1
