"p","U:0","U:1","U:2","Ksl","Us:0","Us:1","Us:2","rho","voidfraction","Volume","Cell Type"
112.34,0.0093115,0.0021619,0.39394,15771,6.7582e-07,-2.4419e-07,4.0125e-07,1.21,0.36364,1.9629e-05,1
