"p","U:0","U:1","U:2","Ksl","Us:0","Us:1","Us:2","rho","voidfraction","Volume","Cell Type"
82.957,0.0070997,0.0016674,0.29638,15619,2.0125e-06,1.4082e-06,-5.7452e-06,1.21,0.36242,1.9629e-05,1
