"p","U:0","U:1","U:2","Ksl","Us:0","Us:1","Us:2","rho","voidfraction","Volume","Cell Type"
131.57,0.012888,-0.066,0.68886,9472.5,0.0062583,-0.016282,0.0017198,1.21,0.48608,1.9629e-05,1
