"p","U:0","U:1","U:2","Ksl","Us:0","Us:1","Us:2","rho","voidfraction","Volume","Cell Type"
85.724,-0.00097968,-0.17054,0.7323,4972.4,-0.0030367,-0.001373,-0.064956,1.21,0.64028,1.9629e-05,1
