"p","U:0","U:1","U:2","Ksl","Us:0","Us:1","Us:2","rho","voidfraction","Volume","Cell Type"
135.17,0.0051007,-0.00065967,0.59169,11476,-2.6636e-05,-0.00036366,-0.00065419,1.21,0.43824,1.9629e-05,1
