"p","U:0","U:1","U:2","Ksl","Us:0","Us:1","Us:2","rho","voidfraction","Volume","Cell Type"
127.13,0.019635,0.14146,0.89539,10073,-0.00039942,0.053841,-0.01785,1.21,0.48316,1.9629e-05,1
