"p","U:0","U:1","U:2","Ksl","Us:0","Us:1","Us:2","rho","voidfraction","Volume","Cell Type"
162.34,0.042323,0.049816,0.8215,6595.1,-0.0081229,0.051207,0.048798,1.21,0.57199,1.9629e-05,1
