"p","U:0","U:1","U:2","Ksl","Us:0","Us:1","Us:2","rho","voidfraction","Volume","Cell Type"
136.45,0.0053575,-0.0019399,0.59519,11555,-0.00035377,-0.00086424,-0.00032278,1.21,0.43672,1.9629e-05,1
