"p","U:0","U:1","U:2","Ksl","Us:0","Us:1","Us:2","rho","voidfraction","Volume","Cell Type"
136.94,-0.00040249,-0.003744,0.59633,11396,-0.0015072,-0.0017215,0.00039692,1.21,0.44062,1.9629e-05,1
