"p","U:0","U:1","U:2","Ksl","Us:0","Us:1","Us:2","rho","voidfraction","Volume","Cell Type"
112.34,0.0093125,0.0021617,0.39394,15771,3.6607e-07,-1.7352e-07,3.4741e-07,1.21,0.36365,1.9629e-05,1
