"p","U:0","U:1","U:2","Ksl","Us:0","Us:1","Us:2","rho","voidfraction","Volume","Cell Type"
93.123,0.042033,-0.093106,0.70913,6134.2,0.0027278,0.012085,-0.059638,1.21,0.61184,1.9629e-05,1
