"p","U:0","U:1","U:2","Ksl","Us:0","Us:1","Us:2","rho","voidfraction","Volume","Cell Type"
114.38,-0.035166,-0.14359,0.76936,10583,-0.0047033,-0.013631,-0.020101,1.21,0.47717,1.9629e-05,1
