"p","U:0","U:1","U:2","Ksl","Us:0","Us:1","Us:2","rho","voidfraction","Volume","Cell Type"
133.72,0.0040847,-0.00080549,0.52797,12322,-0.00010361,-0.00028728,-0.0003091,1.21,0.42009,1.9629e-05,1
