"p","U:0","U:1","U:2","Ksl","Us:0","Us:1","Us:2","rho","voidfraction","Volume","Cell Type"
164.63,0.06215,-0.029437,0.80468,4625.4,-0.024941,0.033117,0.031825,1.21,0.65018,1.9629e-05,1
