"p","U:0","U:1","U:2","Ksl","Us:0","Us:1","Us:2","rho","voidfraction","Volume","Cell Type"
129.55,0.0081649,0.0022183,0.46345,13754,-1.1016e-06,-2.9798e-07,2.0608e-08,1.21,0.39292,1.9629e-05,1
