"p","U:0","U:1","U:2","Ksl","Us:0","Us:1","Us:2","rho","voidfraction","Volume","Cell Type"
129.56,0.0081796,0.0021961,0.46345,13754,1.5766e-06,-1.6321e-06,-1.4226e-06,1.21,0.39292,1.9629e-05,1
