"p","U:0","U:1","U:2","Ksl","Us:0","Us:1","Us:2","rho","voidfraction","Volume","Cell Type"
125.12,0.0092654,0.0017473,0.43851,15435,9.5057e-05,3.5397e-05,0.0031984,1.21,0.36855,1.9629e-05,1
