"p","U:0","U:1","U:2","Ksl","Us:0","Us:1","Us:2","rho","voidfraction","Volume","Cell Type"
26.597,0.0024105,0.00055443,0.099107,15131,-8.154e-06,-2.1833e-06,0.0001002,1.21,0.36179,1.9629e-05,1
