"p","U:0","U:1","U:2","Ksl","Us:0","Us:1","Us:2","rho","voidfraction","Volume","Cell Type"
83.393,-0.026097,-0.2241,0.81644,8713.4,-0.0026757,0.0006691,-0.043379,1.21,0.53308,1.9629e-05,1
