"p","U:0","U:1","U:2","Ksl","Us:0","Us:1","Us:2","rho","voidfraction","Volume","Cell Type"
136.28,0.0031309,0.0015103,0.59105,11435,-0.00065901,-0.00039065,0.0010738,1.21,0.44097,1.9629e-05,1
