"p","U:0","U:1","U:2","Ksl","Us:0","Us:1","Us:2","rho","voidfraction","Volume","Cell Type"
194.29,-0.080805,0.26736,1.0724,10693,0.00078542,0.063757,0.028459,1.21,0.47198,1.9629e-05,1
