"p","U:0","U:1","U:2","Ksl","Us:0","Us:1","Us:2","rho","voidfraction","Volume","Cell Type"
26.636,0.0024208,0.00055555,0.09903,15138,2.4741e-06,1.0929e-06,-2.0092e-05,1.21,0.3618,1.9629e-05,1
