"p","U:0","U:1","U:2","Ksl","Us:0","Us:1","Us:2","rho","voidfraction","Volume","Cell Type"
145.98,-0.019894,-0.012369,0.67912,11336,-0.0075109,0.00082392,0.0037324,1.21,0.44201,1.9629e-05,1
