"p","U:0","U:1","U:2","Ksl","Us:0","Us:1","Us:2","rho","voidfraction","Volume","Cell Type"
133.45,0.0048083,0.00094384,0.52938,12358,-0.00020475,-0.00012441,0.00017472,1.21,0.41902,1.9629e-05,1
