"p","U:0","U:1","U:2","Ksl","Us:0","Us:1","Us:2","rho","voidfraction","Volume","Cell Type"
106.49,-0.011775,0.12609,0.64251,5892.9,0.012873,-0.0027172,-0.051777,1.21,0.60273,1.9629e-05,1
