"p","U:0","U:1","U:2","Ksl","Us:0","Us:1","Us:2","rho","voidfraction","Volume","Cell Type"
133.27,0.0044649,0.00027607,0.52828,12322,-0.00040221,-0.00022247,0.00026813,1.21,0.41935,1.9629e-05,1
