"p","U:0","U:1","U:2","Ksl","Us:0","Us:1","Us:2","rho","voidfraction","Volume","Cell Type"
104.29,0.0087584,-0.16683,0.70306,4313.9,0.0073173,0.0093003,-0.051253,1.21,0.65607,1.9629e-05,1
