"p","U:0","U:1","U:2","Ksl","Us:0","Us:1","Us:2","rho","voidfraction","Volume","Cell Type"
26.631,0.002418,0.00055439,0.099041,15138,5.1958e-08,8.0899e-08,-6.1345e-07,1.21,0.3618,1.9629e-05,1
