"p","U:0","U:1","U:2","Ksl","Us:0","Us:1","Us:2","rho","voidfraction","Volume","Cell Type"
135.23,0.0022662,-0.003362,0.59253,11401,-0.0009757,-0.0011329,0.0011694,1.21,0.43894,1.9629e-05,1
