"p","U:0","U:1","U:2","Ksl","Us:0","Us:1","Us:2","rho","voidfraction","Volume","Cell Type"
83.189,0.015804,-0.23675,0.7541,8432.2,0.0023391,0.0012235,-0.044456,1.21,0.53896,1.9629e-05,1
