"p","U:0","U:1","U:2","Ksl","Us:0","Us:1","Us:2","rho","voidfraction","Volume","Cell Type"
140.25,-0.0023842,-0.034204,0.66277,10768,-0.0065964,-8.229e-05,-0.0021366,1.21,0.45327,1.9629e-05,1
