"p","U:0","U:1","U:2","Ksl","Us:0","Us:1","Us:2","rho","voidfraction","Volume","Cell Type"
128.54,0.0058125,0.00072054,0.46209,13647,-0.00032857,-0.00024744,-0.00069122,1.21,0.3947,1.9629e-05,1
