"p","U:0","U:1","U:2","Ksl","Us:0","Us:1","Us:2","rho","voidfraction","Volume","Cell Type"
137.51,-0.0081338,-0.0051177,0.64909,10586,-0.0012948,-0.0002589,-0.0023366,1.21,0.46095,1.9629e-05,1
