"p","U:0","U:1","U:2","Ksl","Us:0","Us:1","Us:2","rho","voidfraction","Volume","Cell Type"
138.92,-0.044953,0.04977,0.69212,9284.9,0.00057726,-0.0062219,-0.0066068,1.21,0.48917,1.9629e-05,1
