"p","U:0","U:1","U:2","Ksl","Us:0","Us:1","Us:2","rho","voidfraction","Volume","Cell Type"
80.467,-0.028878,-0.038094,0.78933,6296.1,-0.0053682,0.057698,-0.055211,1.21,0.60424,1.9629e-05,1
