"p","U:0","U:1","U:2","Ksl","Us:0","Us:1","Us:2","rho","voidfraction","Volume","Cell Type"
178.42,-0.043521,0.14241,0.91445,5317.2,-0.056889,0.059891,0.048924,1.21,0.62632,1.9629e-05,1
