"p","U:0","U:1","U:2","Ksl","Us:0","Us:1","Us:2","rho","voidfraction","Volume","Cell Type"
197.24,0.016995,0.25685,0.92314,9852.3,-0.013425,0.082836,0.044158,1.21,0.48222,1.9629e-05,1
