"p","U:0","U:1","U:2","Ksl","Us:0","Us:1","Us:2","rho","voidfraction","Volume","Cell Type"
139.06,-0.051832,0.02405,0.66083,10838,-0.0034955,0.0011877,-0.0076319,1.21,0.45675,1.9629e-05,1
