"p","U:0","U:1","U:2","Ksl","Us:0","Us:1","Us:2","rho","voidfraction","Volume","Cell Type"
126.51,0.04917,-0.12319,0.67633,9148.6,0.0063586,-0.014495,-0.0017793,1.21,0.49651,1.9629e-05,1
