"p","U:0","U:1","U:2","Ksl","Us:0","Us:1","Us:2","rho","voidfraction","Volume","Cell Type"
126.97,-0.0021123,0.084157,0.67784,6179.4,0.0053419,0.0051723,-0.00274,1.21,0.57489,1.9629e-05,1
