"p","U:0","U:1","U:2","Ksl","Us:0","Us:1","Us:2","rho","voidfraction","Volume","Cell Type"
138.97,0.03848,0.0963,0.81932,4918.8,-0.057355,0.071105,0.0047887,1.21,0.63397,1.9629e-05,1
