"p","U:0","U:1","U:2","Ksl","Us:0","Us:1","Us:2","rho","voidfraction","Volume","Cell Type"
149.98,-0.027846,-0.2521,0.76927,5300,0.0031853,-0.044598,0.0015813,1.21,0.61998,1.9629e-05,1
