"p","U:0","U:1","U:2","Ksl","Us:0","Us:1","Us:2","rho","voidfraction","Volume","Cell Type"
129.59,0.0081743,0.0022165,0.46346,13754,-1.3107e-06,3.0567e-06,2.1718e-06,1.21,0.39291,1.9629e-05,1
