"p","U:0","U:1","U:2","Ksl","Us:0","Us:1","Us:2","rho","voidfraction","Volume","Cell Type"
198.44,-0.064097,0.15616,0.92743,7569.8,-0.071423,0.075279,0.061515,1.21,0.54877,1.9629e-05,1
