"p","U:0","U:1","U:2","Ksl","Us:0","Us:1","Us:2","rho","voidfraction","Volume","Cell Type"
135.65,-0.0013194,-0.030082,0.67432,9919.5,0.0014906,-0.0079398,0.0074966,1.21,0.4778,1.9629e-05,1
