"p","U:0","U:1","U:2","Ksl","Us:0","Us:1","Us:2","rho","voidfraction","Volume","Cell Type"
195.75,-0.042451,0.0089823,0.98657,6047.9,0.028136,-0.036706,0.052935,1.21,0.60657,1.9629e-05,1
