"p","U:0","U:1","U:2","Ksl","Us:0","Us:1","Us:2","rho","voidfraction","Volume","Cell Type"
140.78,-0.06665,0.055986,0.69966,9849.7,-0.00074676,-0.0035575,-0.010202,1.21,0.48027,1.9629e-05,1
