"p","U:0","U:1","U:2","Ksl","Us:0","Us:1","Us:2","rho","voidfraction","Volume","Cell Type"
138.36,-0.030938,0.042398,0.65046,10334,-0.0019656,-0.00034011,0.002964,1.21,0.46373,1.9629e-05,1
