"p","U:0","U:1","U:2","Ksl","Us:0","Us:1","Us:2","rho","voidfraction","Volume","Cell Type"
125.99,0.014816,-0.025389,0.62835,9541.9,0.002076,-0.0045845,0.0012954,1.21,0.48376,1.9629e-05,1
