"p","U:0","U:1","U:2","Ksl","Us:0","Us:1","Us:2","rho","voidfraction","Volume","Cell Type"
192.2,-0.017672,-0.037853,0.95789,10767,-0.0036427,-0.041823,0.034474,1.21,0.45976,1.9629e-05,1
