"p","U:0","U:1","U:2","Ksl","Us:0","Us:1","Us:2","rho","voidfraction","Volume","Cell Type"
129.09,-0.093897,0.074137,0.69189,9525.4,-0.0098211,0.0094747,0.00064764,1.21,0.48717,1.9629e-05,1
