"p","U:0","U:1","U:2","Ksl","Us:0","Us:1","Us:2","rho","voidfraction","Volume","Cell Type"
82.962,0.0070975,0.0016647,0.29639,15619,-4.1418e-08,2.1402e-07,-1.2289e-07,1.21,0.36242,1.9629e-05,1
