"p","U:0","U:1","U:2","Ksl","Us:0","Us:1","Us:2","rho","voidfraction","Volume","Cell Type"
149.14,-0.0060752,-0.10113,0.79078,10811,-0.012994,-0.0033297,9.7615e-05,1.21,0.45951,1.9629e-05,1
