"p","U:0","U:1","U:2","Ksl","Us:0","Us:1","Us:2","rho","voidfraction","Volume","Cell Type"
132.84,0.039084,-0.13142,0.69013,9699.1,0.0031882,-0.012103,-0.0010639,1.21,0.48312,1.9629e-05,1
