"p","U:0","U:1","U:2","Ksl","Us:0","Us:1","Us:2","rho","voidfraction","Volume","Cell Type"
135.73,0.0016738,-0.0021967,0.592,11438,7.5441e-05,-0.00027014,0.0016887,1.21,0.43869,1.9629e-05,1
