"p","U:0","U:1","U:2","Ksl","Us:0","Us:1","Us:2","rho","voidfraction","Volume","Cell Type"
133.83,0.0049409,1.4784e-05,0.52918,12306,-0.00075175,-0.00073037,0.00045885,1.21,0.41978,1.9629e-05,1
