"p","U:0","U:1","U:2","Ksl","Us:0","Us:1","Us:2","rho","voidfraction","Volume","Cell Type"
134.76,-0.057901,0.038597,0.69682,9865,-0.012469,0.010807,-0.00039648,1.21,0.47754,1.9629e-05,1
