"p","U:0","U:1","U:2","Ksl","Us:0","Us:1","Us:2","rho","voidfraction","Volume","Cell Type"
162.71,0.042268,0.011642,0.75696,8785.8,-0.0016055,-0.0027028,0.050008,1.21,0.50653,1.9629e-05,1
