"p","U:0","U:1","U:2","Ksl","Us:0","Us:1","Us:2","rho","voidfraction","Volume","Cell Type"
140.01,-0.035156,0.10745,0.86872,11409,-0.006697,0.0092275,0.003119,1.21,0.44977,1.9629e-05,1
