"p","U:0","U:1","U:2","Ksl","Us:0","Us:1","Us:2","rho","voidfraction","Volume","Cell Type"
133.27,0.0066649,0.0024343,0.52769,12389,3.2519e-06,-1.1952e-05,1.4002e-05,1.21,0.41896,1.9629e-05,1
