"p","U:0","U:1","U:2","Ksl","Us:0","Us:1","Us:2","rho","voidfraction","Volume","Cell Type"
135.73,-0.0015429,-0.0028994,0.59585,11536,-0.00082037,-0.00061697,1.4374e-05,1.21,0.43608,1.9629e-05,1
