"p","U:0","U:1","U:2","Ksl","Us:0","Us:1","Us:2","rho","voidfraction","Volume","Cell Type"
174.24,-0.0095824,-0.060012,0.88984,11155,-0.016787,-0.03611,0.030856,1.21,0.44919,1.9629e-05,1
