"p","U:0","U:1","U:2","Ksl","Us:0","Us:1","Us:2","rho","voidfraction","Volume","Cell Type"
134.39,0.0013812,-0.0023226,0.58976,11386,-0.00022201,-0.00039363,-0.0012793,1.21,0.44019,1.9629e-05,1
