"p","U:0","U:1","U:2","Ksl","Us:0","Us:1","Us:2","rho","voidfraction","Volume","Cell Type"
133.11,0.0066127,0.0020761,0.52776,12386,1.0096e-05,-1.5315e-05,-2.9889e-05,1.21,0.41907,1.9629e-05,1
