"p","U:0","U:1","U:2","Ksl","Us:0","Us:1","Us:2","rho","voidfraction","Volume","Cell Type"
128.61,0.025717,-0.050701,0.62968,9709.2,-0.00067018,-0.0034748,-0.0071034,1.21,0.47893,1.9629e-05,1
