"p","U:0","U:1","U:2","Ksl","Us:0","Us:1","Us:2","rho","voidfraction","Volume","Cell Type"
134.68,-0.00012469,-0.0007087,0.59376,11491,-0.00093216,-0.00011162,-0.00051301,1.21,0.43702,1.9629e-05,1
