"p","U:0","U:1","U:2","Ksl","Us:0","Us:1","Us:2","rho","voidfraction","Volume","Cell Type"
135.13,0.0031468,-0.0028992,0.59398,11507,-0.00079035,-0.00064507,0.00063798,1.21,0.4368,1.9629e-05,1
