"p","U:0","U:1","U:2","Ksl","Us:0","Us:1","Us:2","rho","voidfraction","Volume","Cell Type"
82.963,0.0070973,0.0016652,0.29639,15618,4.1731e-08,2.9346e-08,4.6093e-08,1.21,0.36242,1.9629e-05,1
