"p","U:0","U:1","U:2","Ksl","Us:0","Us:1","Us:2","rho","voidfraction","Volume","Cell Type"
134.36,-0.01528,0.0017529,0.64459,10351,-0.0010635,-0.001565,-0.0065276,1.21,0.46658,1.9629e-05,1
