"p","U:0","U:1","U:2","Ksl","Us:0","Us:1","Us:2","rho","voidfraction","Volume","Cell Type"
168.05,-0.016378,-0.20473,0.94582,11244,-0.008958,-0.050248,0.00096647,1.21,0.45576,1.9629e-05,1
