"p","U:0","U:1","U:2","Ksl","Us:0","Us:1","Us:2","rho","voidfraction","Volume","Cell Type"
88.29,0.042194,-0.098949,0.70673,7896.4,0.0013784,0.0019434,-0.048698,1.21,0.55478,1.9629e-05,1
