"p","U:0","U:1","U:2","Ksl","Us:0","Us:1","Us:2","rho","voidfraction","Volume","Cell Type"
135.47,0.0020431,-0.001191,0.59097,11407,-4.0262e-05,-0.00014846,8.7473e-05,1.21,0.43957,1.9629e-05,1
