"p","U:0","U:1","U:2","Ksl","Us:0","Us:1","Us:2","rho","voidfraction","Volume","Cell Type"
133.19,0.0063364,0.0019472,0.52843,12372,2.1207e-05,-5.2862e-05,0.00013239,1.21,0.41884,1.9629e-05,1
