"p","U:0","U:1","U:2","Ksl","Us:0","Us:1","Us:2","rho","voidfraction","Volume","Cell Type"
121.04,-0.010132,0.083821,0.65091,5439.1,0.013052,-0.00093994,-0.01698,1.21,0.60075,1.9629e-05,1
