"p","U:0","U:1","U:2","Ksl","Us:0","Us:1","Us:2","rho","voidfraction","Volume","Cell Type"
74.821,-0.080321,-0.21329,0.80316,7349.3,0.00050744,-0.047607,-0.049356,1.21,0.56904,1.9629e-05,1
