"p","U:0","U:1","U:2","Ksl","Us:0","Us:1","Us:2","rho","voidfraction","Volume","Cell Type"
152.9,-0.30829,0.023045,0.96234,6968.3,0.0017446,-0.033172,0.027048,1.21,0.57153,1.9629e-05,1
