"p","U:0","U:1","U:2","Ksl","Us:0","Us:1","Us:2","rho","voidfraction","Volume","Cell Type"
150.99,-0.19232,0.083362,0.98879,10693,-0.028737,0.0090636,0.014749,1.21,0.46917,1.9629e-05,1
