"p","U:0","U:1","U:2","Ksl","Us:0","Us:1","Us:2","rho","voidfraction","Volume","Cell Type"
137.75,-0.053422,0.027468,0.70777,10219,-0.013106,0.0080235,0.0059252,1.21,0.46953,1.9629e-05,1
