"p","U:0","U:1","U:2","Ksl","Us:0","Us:1","Us:2","rho","voidfraction","Volume","Cell Type"
187.24,0.022746,-0.10702,0.90637,11771,-0.0062117,-0.041804,0.021254,1.21,0.43842,1.9629e-05,1
