"p","U:0","U:1","U:2","Ksl","Us:0","Us:1","Us:2","rho","voidfraction","Volume","Cell Type"
132.41,-0.0036041,-0.030493,0.69308,9534.2,0.0053858,-0.014967,0.00044184,1.21,0.48446,1.9629e-05,1
