"p","U:0","U:1","U:2","Ksl","Us:0","Us:1","Us:2","rho","voidfraction","Volume","Cell Type"
131.64,0.12029,0.070779,0.77673,2959.7,0.032539,-0.057306,-0.057071,1.21,0.73408,1.9629e-05,1
