"p","U:0","U:1","U:2","Ksl","Us:0","Us:1","Us:2","rho","voidfraction","Volume","Cell Type"
132.12,-0.047516,-0.0080182,0.74385,9395.5,-0.017315,0.015017,0.0021197,1.21,0.49371,1.9629e-05,1
