"p","U:0","U:1","U:2","Ksl","Us:0","Us:1","Us:2","rho","voidfraction","Volume","Cell Type"
149.43,-0.017963,0.008691,0.68574,11546,-0.0037458,-0.0014821,0.0061453,1.21,0.43837,1.9629e-05,1
