"p","U:0","U:1","U:2","Ksl","Us:0","Us:1","Us:2","rho","voidfraction","Volume","Cell Type"
115.86,-0.060579,0.084498,0.72916,4759.3,-0.011282,-0.0046128,-0.024297,1.21,0.6367,1.9629e-05,1
