"p","U:0","U:1","U:2","Ksl","Us:0","Us:1","Us:2","rho","voidfraction","Volume","Cell Type"
136.18,-0.0013126,-0.0052942,0.58743,11357,-0.00013924,-0.00020909,-0.0012808,1.21,0.44388,1.9629e-05,1
