"p","U:0","U:1","U:2","Ksl","Us:0","Us:1","Us:2","rho","voidfraction","Volume","Cell Type"
54.302,0.0047836,0.0011157,0.19788,15388,-1.2161e-08,2.9611e-08,7.4263e-08,1.21,0.36201,1.9629e-05,1
