"p","U:0","U:1","U:2","Ksl","Us:0","Us:1","Us:2","rho","voidfraction","Volume","Cell Type"
112.34,0.0093088,0.0021662,0.39394,15771,4.9187e-07,2.7436e-07,-7.7173e-07,1.21,0.36364,1.9629e-05,1
