"p","U:0","U:1","U:2","Ksl","Us:0","Us:1","Us:2","rho","voidfraction","Volume","Cell Type"
150.83,-0.0021785,0.01075,0.68458,11517,-0.00333,-0.001636,0.011121,1.21,0.43738,1.9629e-05,1
