"p","U:0","U:1","U:2","Ksl","Us:0","Us:1","Us:2","rho","voidfraction","Volume","Cell Type"
147.95,-0.031417,-0.041937,0.74561,11643,-0.012115,-0.0099459,0.018959,1.21,0.43728,1.9629e-05,1
