"p","U:0","U:1","U:2","Ksl","Us:0","Us:1","Us:2","rho","voidfraction","Volume","Cell Type"
133.19,0.0064792,0.0018551,0.52846,12368,6.1381e-06,-6.3289e-05,6.5001e-05,1.21,0.41907,1.9629e-05,1
