"p","U:0","U:1","U:2","Ksl","Us:0","Us:1","Us:2","rho","voidfraction","Volume","Cell Type"
138.33,-0.011249,-0.0028439,0.65618,10812,-0.0015792,0.00020468,-0.0022512,1.21,0.45704,1.9629e-05,1
