"p","U:0","U:1","U:2","Ksl","Us:0","Us:1","Us:2","rho","voidfraction","Volume","Cell Type"
136.19,-0.00087785,-0.0047397,0.58756,11376,1.7376e-05,-0.00016615,-0.00074402,1.21,0.44358,1.9629e-05,1
