"p","U:0","U:1","U:2","Ksl","Us:0","Us:1","Us:2","rho","voidfraction","Volume","Cell Type"
116.44,0.048709,0.050858,0.63083,6931.1,0.010362,0.0064099,-0.023183,1.21,0.54923,1.9629e-05,1
