"p","U:0","U:1","U:2","Ksl","Us:0","Us:1","Us:2","rho","voidfraction","Volume","Cell Type"
144.54,-0.019628,-0.026881,0.68838,11407,-0.0036864,-0.0031397,0.00098456,1.21,0.44242,1.9629e-05,1
