"p","U:0","U:1","U:2","Ksl","Us:0","Us:1","Us:2","rho","voidfraction","Volume","Cell Type"
94.993,-0.018815,0.091676,0.70463,7507.1,0.0063527,0.0025742,-0.047272,1.21,0.56584,1.9629e-05,1
