"p","U:0","U:1","U:2","Ksl","Us:0","Us:1","Us:2","rho","voidfraction","Volume","Cell Type"
26.628,0.0024162,0.00055399,0.099039,15136,-2.1506e-06,-8.9153e-07,-5.2662e-06,1.21,0.3618,1.9629e-05,1
