"p","U:0","U:1","U:2","Ksl","Us:0","Us:1","Us:2","rho","voidfraction","Volume","Cell Type"
136.12,0.0047272,-0.00085737,0.59447,11526,-0.00036889,-0.00067923,-0.00013589,1.21,0.43748,1.9629e-05,1
