"p","U:0","U:1","U:2","Ksl","Us:0","Us:1","Us:2","rho","voidfraction","Volume","Cell Type"
137.48,-0.048972,-0.022163,0.73925,11590,-0.0087189,-0.0044593,-0.0075495,1.21,0.44462,1.9629e-05,1
