"p","U:0","U:1","U:2","Ksl","Us:0","Us:1","Us:2","rho","voidfraction","Volume","Cell Type"
129.61,0.0082662,0.0022152,0.46346,13753,5.8018e-07,-1.6413e-06,-3.1847e-06,1.21,0.39295,1.9629e-05,1
