"p","U:0","U:1","U:2","Ksl","Us:0","Us:1","Us:2","rho","voidfraction","Volume","Cell Type"
121.58,-0.0337,0.0053166,0.71415,10208,0.0015673,0.0034596,-0.02425,1.21,0.48047,1.9629e-05,1
