"p","U:0","U:1","U:2","Ksl","Us:0","Us:1","Us:2","rho","voidfraction","Volume","Cell Type"
123.56,-0.0034689,0.023228,0.62046,9202.5,0.0018942,0.0030972,-0.016748,1.21,0.49134,1.9629e-05,1
