"p","U:0","U:1","U:2","Ksl","Us:0","Us:1","Us:2","rho","voidfraction","Volume","Cell Type"
135.51,0.00077141,-0.00042184,0.59495,11512,-0.00074812,-0.00022283,0.00042646,1.21,0.43626,1.9629e-05,1
