"p","U:0","U:1","U:2","Ksl","Us:0","Us:1","Us:2","rho","voidfraction","Volume","Cell Type"
26.618,0.0024167,0.00055425,0.09906,15135,-4.2266e-08,3.2021e-08,3.2813e-05,1.21,0.3618,1.9629e-05,1
