"p","U:0","U:1","U:2","Ksl","Us:0","Us:1","Us:2","rho","voidfraction","Volume","Cell Type"
137.67,0.05912,0.037442,0.67532,8552.6,0.0040302,0.0015123,0.026513,1.21,0.51093,1.9629e-05,1
