"p","U:0","U:1","U:2","Ksl","Us:0","Us:1","Us:2","rho","voidfraction","Volume","Cell Type"
122.99,0.0186,0.014242,0.68904,7949.5,0.0065462,0.0053059,-0.031924,1.21,0.53435,1.9629e-05,1
