"p","U:0","U:1","U:2","Ksl","Us:0","Us:1","Us:2","rho","voidfraction","Volume","Cell Type"
26.65,0.0024152,0.00055293,0.099023,15142,-4.9317e-06,-2.2804e-06,-3.1267e-05,1.21,0.36181,1.9629e-05,1
