"p","U:0","U:1","U:2","Ksl","Us:0","Us:1","Us:2","rho","voidfraction","Volume","Cell Type"
144.27,0.02453,0.016251,0.65395,10480,-0.00088535,-0.0015141,0.021118,1.21,0.46065,1.9629e-05,1
