"p","U:0","U:1","U:2","Ksl","Us:0","Us:1","Us:2","rho","voidfraction","Volume","Cell Type"
26.631,0.002418,0.00055434,0.099042,15138,1.0733e-07,1.5127e-08,-9.1894e-08,1.21,0.3618,1.9629e-05,1
