"p","U:0","U:1","U:2","Ksl","Us:0","Us:1","Us:2","rho","voidfraction","Volume","Cell Type"
133.33,-0.024828,-0.0054158,0.6456,10381,-0.0024099,-0.0025019,-0.0059521,1.21,0.46574,1.9629e-05,1
