"p","U:0","U:1","U:2","Ksl","Us:0","Us:1","Us:2","rho","voidfraction","Volume","Cell Type"
157.25,0.0083583,-0.016247,0.74372,11083,-0.010494,-0.012274,0.028016,1.21,0.44536,1.9629e-05,1
