"p","U:0","U:1","U:2","Ksl","Us:0","Us:1","Us:2","rho","voidfraction","Volume","Cell Type"
112.29,0.053387,0.032599,0.64039,5693.1,0.0052551,0.0024504,-0.047671,1.21,0.60524,1.9629e-05,1
