"p","U:0","U:1","U:2","Ksl","Us:0","Us:1","Us:2","rho","voidfraction","Volume","Cell Type"
117.99,0.010488,0.0090345,0.6787,8698.7,0.00604,0.0040918,-0.032585,1.21,0.515,1.9629e-05,1
