"p","U:0","U:1","U:2","Ksl","Us:0","Us:1","Us:2","rho","voidfraction","Volume","Cell Type"
139.1,0.027497,0.024006,0.66137,9495.3,0.0003628,-0.00013047,0.022217,1.21,0.48971,1.9629e-05,1
