"p","U:0","U:1","U:2","Ksl","Us:0","Us:1","Us:2","rho","voidfraction","Volume","Cell Type"
123.04,-0.030945,-0.0015782,0.71497,10135,0.0025381,0.0031904,-0.023802,1.21,0.48286,1.9629e-05,1
