"p","U:0","U:1","U:2","Ksl","Us:0","Us:1","Us:2","rho","voidfraction","Volume","Cell Type"
135.15,0.0036833,-0.0011539,0.59248,11465,0.00025076,-0.00033398,-0.00040926,1.21,0.43812,1.9629e-05,1
