"p","U:0","U:1","U:2","Ksl","Us:0","Us:1","Us:2","rho","voidfraction","Volume","Cell Type"
112.33,0.0093123,0.0021642,0.39395,15771,1.6002e-06,1.5036e-06,6.7569e-06,1.21,0.36364,1.9629e-05,1
