"p","U:0","U:1","U:2","Ksl","Us:0","Us:1","Us:2","rho","voidfraction","Volume","Cell Type"
135.02,0.0027065,-0.00076048,0.59096,11399,-0.00041798,-0.00044709,-0.0012774,1.21,0.43967,1.9629e-05,1
