"p","U:0","U:1","U:2","Ksl","Us:0","Us:1","Us:2","rho","voidfraction","Volume","Cell Type"
131.73,-0.05465,-0.0043298,0.7296,11341,-0.0059553,-0.0019327,-0.014471,1.21,0.45401,1.9629e-05,1
