"p","U:0","U:1","U:2","Ksl","Us:0","Us:1","Us:2","rho","voidfraction","Volume","Cell Type"
149.44,0.019214,0.0082708,0.67433,10977,-0.0044083,-0.0056077,0.018018,1.21,0.44623,1.9629e-05,1
