"p","U:0","U:1","U:2","Ksl","Us:0","Us:1","Us:2","rho","voidfraction","Volume","Cell Type"
159.59,0.049468,0.040945,0.75443,8556.7,0.0056303,-0.0014468,0.040296,1.21,0.5115,1.9629e-05,1
