"p","U:0","U:1","U:2","Ksl","Us:0","Us:1","Us:2","rho","voidfraction","Volume","Cell Type"
122.29,-0.017559,0.015127,0.62034,9269.3,0.0007353,0.0024365,-0.020696,1.21,0.49079,1.9629e-05,1
