"p","U:0","U:1","U:2","Ksl","Us:0","Us:1","Us:2","rho","voidfraction","Volume","Cell Type"
115.82,0.0080449,-0.0051487,0.64326,5502.9,0.011164,0.0081984,-0.040901,1.21,0.59861,1.9629e-05,1
