"p","U:0","U:1","U:2","Ksl","Us:0","Us:1","Us:2","rho","voidfraction","Volume","Cell Type"
54.308,0.0047838,0.0011159,0.19788,15388,-5.3018e-08,-9.4582e-09,1.9457e-08,1.21,0.36201,1.9629e-05,1
