"p","U:0","U:1","U:2","Ksl","Us:0","Us:1","Us:2","rho","voidfraction","Volume","Cell Type"
135.52,0.00047086,-0.0019584,0.59221,11434,3.7169e-05,8.3251e-05,0.0012483,1.21,0.43866,1.9629e-05,1
