"p","U:0","U:1","U:2","Ksl","Us:0","Us:1","Us:2","rho","voidfraction","Volume","Cell Type"
128.45,-0.037708,-0.015992,0.69491,9331.2,0.00077705,0.0015897,-0.02539,1.21,0.50077,1.9629e-05,1
