"p","U:0","U:1","U:2","Ksl","Us:0","Us:1","Us:2","rho","voidfraction","Volume","Cell Type"
82.962,0.0071032,0.0016693,0.29637,15619,2.0507e-06,1.1432e-06,-2.1461e-05,1.21,0.36242,1.9629e-05,1
