"p","U:0","U:1","U:2","Ksl","Us:0","Us:1","Us:2","rho","voidfraction","Volume","Cell Type"
135.81,0.003627,4.3224e-05,0.59163,11451,0.00016169,7.1869e-05,2.5696e-05,1.21,0.43889,1.9629e-05,1
