"p","U:0","U:1","U:2","Ksl","Us:0","Us:1","Us:2","rho","voidfraction","Volume","Cell Type"
54.309,0.0047837,0.0011159,0.19788,15388,-3.3533e-09,5.0102e-09,-1.7584e-09,1.21,0.36201,1.9629e-05,1
