"p","U:0","U:1","U:2","Ksl","Us:0","Us:1","Us:2","rho","voidfraction","Volume","Cell Type"
135.39,0.00055249,-0.0028961,0.59357,11485,-0.00018429,-0.00025951,5.8153e-05,1.21,0.43769,1.9629e-05,1
