"p","U:0","U:1","U:2","Ksl","Us:0","Us:1","Us:2","rho","voidfraction","Volume","Cell Type"
112.33,0.0093128,0.0021616,0.39394,15770,-2.4465e-07,-1.6016e-06,4.1288e-06,1.21,0.36365,1.9629e-05,1
