"p","U:0","U:1","U:2","Ksl","Us:0","Us:1","Us:2","rho","voidfraction","Volume","Cell Type"
134.85,0.0029818,-0.0013084,0.59155,11436,-6.4883e-05,-0.00015636,-0.00044312,1.21,0.4386,1.9629e-05,1
