"p","U:0","U:1","U:2","Ksl","Us:0","Us:1","Us:2","rho","voidfraction","Volume","Cell Type"
136.5,0.0035962,-0.00028359,0.59415,11460,-0.0010917,-0.0011323,0.001296,1.21,0.43784,1.9629e-05,1
