"p","U:0","U:1","U:2","Ksl","Us:0","Us:1","Us:2","rho","voidfraction","Volume","Cell Type"
26.632,0.0024186,0.00055464,0.09904,15138,8.3655e-07,3.2725e-07,-1.9689e-06,1.21,0.3618,1.9629e-05,1
