"p","U:0","U:1","U:2","Ksl","Us:0","Us:1","Us:2","rho","voidfraction","Volume","Cell Type"
54.307,0.0047837,0.0011157,0.19788,15388,8.0327e-08,2.6396e-08,4.8286e-09,1.21,0.36201,1.9629e-05,1
