"p","U:0","U:1","U:2","Ksl","Us:0","Us:1","Us:2","rho","voidfraction","Volume","Cell Type"
88.334,-0.049428,-0.063853,0.71031,8173.3,0.002827,0.0021046,-0.050595,1.21,0.54782,1.9629e-05,1
