"p","U:0","U:1","U:2","Ksl","Us:0","Us:1","Us:2","rho","voidfraction","Volume","Cell Type"
120.39,0.067222,0.044164,0.64239,7344.6,0.0089663,0.0036062,-0.0035483,1.21,0.53889,1.9629e-05,1
