"p","U:0","U:1","U:2","Ksl","Us:0","Us:1","Us:2","rho","voidfraction","Volume","Cell Type"
133.33,0.0047668,0.00080405,0.52948,12365,-0.00026536,-0.00021387,0.00015418,1.21,0.41883,1.9629e-05,1
