"p","U:0","U:1","U:2","Ksl","Us:0","Us:1","Us:2","rho","voidfraction","Volume","Cell Type"
116.61,0.02789,0.028777,0.63776,7346.8,0.0076762,0.0066232,-0.033735,1.21,0.54416,1.9629e-05,1
