"p","U:0","U:1","U:2","Ksl","Us:0","Us:1","Us:2","rho","voidfraction","Volume","Cell Type"
131.6,0.053034,-0.12445,0.67788,9181.1,0.0037384,-0.011817,0.00024406,1.21,0.49298,1.955e-05,1
