"p","U:0","U:1","U:2","Ksl","Us:0","Us:1","Us:2","rho","voidfraction","Volume","Cell Type"
133.87,0.0042845,0.0014044,0.52804,12329,-9.7806e-05,3.0012e-05,-0.00014615,1.21,0.42042,1.955e-05,1
