"p","U:0","U:1","U:2","Ksl","Us:0","Us:1","Us:2","rho","voidfraction","Volume","Cell Type"
140.26,-0.044349,0.026703,0.66329,10861,-0.0031166,0.0011925,-0.0021281,1.21,0.4538,1.955e-05,1
