"p","U:0","U:1","U:2","Ksl","Us:0","Us:1","Us:2","rho","voidfraction","Volume","Cell Type"
108.06,-0.069811,0.086062,0.65368,6168.8,0.0055177,0.0040603,-0.046666,1.21,0.59165,1.955e-05,1
