"p","U:0","U:1","U:2","Ksl","Us:0","Us:1","Us:2","rho","voidfraction","Volume","Cell Type"
130.95,-0.057982,0.01562,0.64678,10356,-0.0063393,0.0032146,-0.004026,1.21,0.46748,1.955e-05,1
