"p","U:0","U:1","U:2","Ksl","Us:0","Us:1","Us:2","rho","voidfraction","Volume","Cell Type"
133.77,0.0040525,0.0014683,0.52788,12346,-3.0758e-05,-5.0678e-05,-0.00013871,1.21,0.42003,1.955e-05,1
