"p","U:0","U:1","U:2","Ksl","Us:0","Us:1","Us:2","rho","voidfraction","Volume","Cell Type"
137.55,-0.00095391,-0.0049652,0.59267,11365,-0.00014066,-8.4379e-05,-0.001446,1.21,0.44159,1.955e-05,1
