"p","U:0","U:1","U:2","Ksl","Us:0","Us:1","Us:2","rho","voidfraction","Volume","Cell Type"
136.53,0.00052077,0.0005083,0.59727,11523,-0.0017064,1.5425e-05,0.00096369,1.21,0.43623,1.955e-05,1
