"p","U:0","U:1","U:2","Ksl","Us:0","Us:1","Us:2","rho","voidfraction","Volume","Cell Type"
141.19,-0.014263,-0.020523,0.66773,10827,-0.0067036,0.00051244,0.0044856,1.21,0.45318,1.955e-05,1
