"p","U:0","U:1","U:2","Ksl","Us:0","Us:1","Us:2","rho","voidfraction","Volume","Cell Type"
163.24,0.076829,-0.23998,0.94768,11032,0.010706,-0.056985,0.016493,1.21,0.45967,1.955e-05,1
