"p","U:0","U:1","U:2","Ksl","Us:0","Us:1","Us:2","rho","voidfraction","Volume","Cell Type"
138.41,0.022292,-0.12885,0.71556,10412,0.0010822,-0.0093751,-0.0018349,1.21,0.47007,1.955e-05,1
