"p","U:0","U:1","U:2","Ksl","Us:0","Us:1","Us:2","rho","voidfraction","Volume","Cell Type"
149.01,-0.083362,0.0058734,0.79686,4357.2,0.049771,-0.031429,0.021602,1.21,0.6556,1.955e-05,1
