"p","U:0","U:1","U:2","Ksl","Us:0","Us:1","Us:2","rho","voidfraction","Volume","Cell Type"
26.863,0.0018601,0.00039748,0.099455,15161,8.4718e-07,1.7276e-07,-2.9308e-06,1.21,0.36149,1.955e-05,1
