"p","U:0","U:1","U:2","Ksl","Us:0","Us:1","Us:2","rho","voidfraction","Volume","Cell Type"
136.9,-0.045056,0.033391,0.64662,10332,-0.0014662,0.0001287,-0.0098314,1.21,0.46621,1.955e-05,1
