"p","U:0","U:1","U:2","Ksl","Us:0","Us:1","Us:2","rho","voidfraction","Volume","Cell Type"
26.861,0.0018581,0.00039737,0.099461,15161,-8.6884e-07,-3.3948e-07,7.8688e-06,1.21,0.36149,1.955e-05,1
