"p","U:0","U:1","U:2","Ksl","Us:0","Us:1","Us:2","rho","voidfraction","Volume","Cell Type"
134.35,0.019399,-0.04275,0.64727,10295,0.001298,-0.004972,0.0064471,1.21,0.46576,1.955e-05,1
