"p","U:0","U:1","U:2","Ksl","Us:0","Us:1","Us:2","rho","voidfraction","Volume","Cell Type"
180.58,-0.048782,0.073758,0.88572,10901,-0.027434,0.029715,0.028063,1.21,0.45449,1.955e-05,1
