"p","U:0","U:1","U:2","Ksl","Us:0","Us:1","Us:2","rho","voidfraction","Volume","Cell Type"
128.84,-0.095037,0.086135,0.6913,9504.6,-0.0090202,0.0097071,-0.0011226,1.21,0.48838,1.955e-05,1
