"p","U:0","U:1","U:2","Ksl","Us:0","Us:1","Us:2","rho","voidfraction","Volume","Cell Type"
136.9,-0.0049732,-0.044649,0.7086,10231,0.0032032,-0.015585,-0.0046994,1.21,0.47121,1.955e-05,1
