"p","U:0","U:1","U:2","Ksl","Us:0","Us:1","Us:2","rho","voidfraction","Volume","Cell Type"
129.55,-0.0023226,-0.035062,0.68502,9164.5,0.0067541,-0.015608,-0.0063315,1.21,0.49217,1.955e-05,1
