"p","U:0","U:1","U:2","Ksl","Us:0","Us:1","Us:2","rho","voidfraction","Volume","Cell Type"
133.24,-0.031072,0.030602,0.6424,10009,6.9482e-05,-0.0027626,-0.0045463,1.21,0.47191,1.955e-05,1
