"p","U:0","U:1","U:2","Ksl","Us:0","Us:1","Us:2","rho","voidfraction","Volume","Cell Type"
141.32,0.0099728,-0.043715,0.66033,10817,-0.0053105,-0.0014702,-0.0051118,1.21,0.45421,1.955e-05,1
