"p","U:0","U:1","U:2","Ksl","Us:0","Us:1","Us:2","rho","voidfraction","Volume","Cell Type"
133.51,0.0050096,7.7833e-05,0.52843,12351,-1.7069e-05,-5.9156e-05,0.00014113,1.21,0.41971,1.955e-05,1
