"p","U:0","U:1","U:2","Ksl","Us:0","Us:1","Us:2","rho","voidfraction","Volume","Cell Type"
149.32,0.049786,0.041945,0.76331,6710.5,-0.015735,0.059197,0.03445,1.21,0.56442,1.955e-05,1
