"p","U:0","U:1","U:2","Ksl","Us:0","Us:1","Us:2","rho","voidfraction","Volume","Cell Type"
26.862,0.001859,0.00039754,0.099456,15161,2.4322e-07,1.0442e-07,-5.7223e-07,1.21,0.36149,1.955e-05,1
