"p","U:0","U:1","U:2","Ksl","Us:0","Us:1","Us:2","rho","voidfraction","Volume","Cell Type"
145.24,0.00017012,-0.095039,0.87433,11575,0.0030877,-0.038695,0.0010665,1.21,0.44544,1.955e-05,1
