"p","U:0","U:1","U:2","Ksl","Us:0","Us:1","Us:2","rho","voidfraction","Volume","Cell Type"
133.78,0.0042052,0.00016165,0.52904,12334,1.2915e-05,-0.00013427,8.3703e-05,1.21,0.41995,1.955e-05,1
