"p","U:0","U:1","U:2","Ksl","Us:0","Us:1","Us:2","rho","voidfraction","Volume","Cell Type"
166.45,-0.059353,0.070084,0.89492,11281,-0.012907,-0.0048382,0.026524,1.21,0.44794,1.955e-05,1
