"p","U:0","U:1","U:2","Ksl","Us:0","Us:1","Us:2","rho","voidfraction","Volume","Cell Type"
135.91,-0.0025649,-0.0013123,0.59324,11431,-0.0012669,-0.00060594,-0.0022103,1.21,0.43984,1.955e-05,1
