"p","U:0","U:1","U:2","Ksl","Us:0","Us:1","Us:2","rho","voidfraction","Volume","Cell Type"
135.41,0.00411,-0.009014,0.59354,11421,-0.00045262,-0.00087995,0.0023201,1.21,0.43877,1.955e-05,1
