"p","U:0","U:1","U:2","Ksl","Us:0","Us:1","Us:2","rho","voidfraction","Volume","Cell Type"
136.94,0.0010604,-0.0018796,0.59278,11431,-0.00054925,-0.0014503,0.0023359,1.21,0.44007,1.955e-05,1
