"p","U:0","U:1","U:2","Ksl","Us:0","Us:1","Us:2","rho","voidfraction","Volume","Cell Type"
26.876,0.0018649,0.00040071,0.099416,15162,4.2251e-06,1.9975e-06,-6.7916e-05,1.21,0.36148,1.955e-05,1
