"p","U:0","U:1","U:2","Ksl","Us:0","Us:1","Us:2","rho","voidfraction","Volume","Cell Type"
113.44,0.0071558,0.0015489,0.39578,15804,3.9624e-06,2.8279e-06,0.00024624,1.21,0.36326,1.955e-05,1
