"p","U:0","U:1","U:2","Ksl","Us:0","Us:1","Us:2","rho","voidfraction","Volume","Cell Type"
136.46,0.0052837,-0.0071588,0.5963,11500,-0.00058198,-0.0010814,0.0031557,1.21,0.4367,1.955e-05,1
