"p","U:0","U:1","U:2","Ksl","Us:0","Us:1","Us:2","rho","voidfraction","Volume","Cell Type"
139.33,-0.033999,0.019888,0.66396,10778,-0.004242,0.0016801,0.007304,1.21,0.45436,1.955e-05,1
