"p","U:0","U:1","U:2","Ksl","Us:0","Us:1","Us:2","rho","voidfraction","Volume","Cell Type"
125.94,0.054973,0.0034773,0.65717,5654.5,0.0021546,0.001253,0.0053076,1.21,0.59833,1.955e-05,1
