"p","U:0","U:1","U:2","Ksl","Us:0","Us:1","Us:2","rho","voidfraction","Volume","Cell Type"
135.8,-0.045356,-0.0020704,0.66287,10826,-0.0074296,0.0026925,-0.0013986,1.21,0.45532,1.955e-05,1
