"p","U:0","U:1","U:2","Ksl","Us:0","Us:1","Us:2","rho","voidfraction","Volume","Cell Type"
135.34,-0.0023127,-0.00014403,0.59412,11434,-0.00162,8.0017e-05,0.00085898,1.21,0.43834,1.955e-05,1
