"p","U:0","U:1","U:2","Ksl","Us:0","Us:1","Us:2","rho","voidfraction","Volume","Cell Type"
170.98,0.025443,0.039044,0.77519,9189.9,0.0050568,-0.0093287,0.038074,1.21,0.49461,1.955e-05,1
