"p","U:0","U:1","U:2","Ksl","Us:0","Us:1","Us:2","rho","voidfraction","Volume","Cell Type"
98.315,-0.14742,0.072711,0.72181,4923,0.0045813,-0.0059248,-0.062765,1.21,0.64582,1.955e-05,1
