"p","U:0","U:1","U:2","Ksl","Us:0","Us:1","Us:2","rho","voidfraction","Volume","Cell Type"
133.5,0.0049606,0.00012085,0.52857,12348,4.8816e-06,-5.3354e-05,0.00014719,1.21,0.41977,1.955e-05,1
