"p","U:0","U:1","U:2","Ksl","Us:0","Us:1","Us:2","rho","voidfraction","Volume","Cell Type"
115.61,0.016775,-0.10973,0.77495,10884,-0.00040535,-0.010923,-0.014495,1.21,0.46594,1.955e-05,1
