"p","U:0","U:1","U:2","Ksl","Us:0","Us:1","Us:2","rho","voidfraction","Volume","Cell Type"
129.14,-0.064468,0.037186,0.78049,10760,-0.013901,0.013654,-0.018758,1.21,0.46203,1.955e-05,1
