"p","U:0","U:1","U:2","Ksl","Us:0","Us:1","Us:2","rho","voidfraction","Volume","Cell Type"
143.27,-0.022305,0.0031603,0.71735,10109,0.001039,-0.01214,0.009238,1.21,0.47093,1.955e-05,1
