"p","U:0","U:1","U:2","Ksl","Us:0","Us:1","Us:2","rho","voidfraction","Volume","Cell Type"
182.99,-0.091507,0.085701,0.9596,11112,-0.037199,0.035979,0.025734,1.21,0.45338,1.955e-05,1
