"p","U:0","U:1","U:2","Ksl","Us:0","Us:1","Us:2","rho","voidfraction","Volume","Cell Type"
154.19,0.082026,0.12219,1.1033,10032,-0.03361,0.0079737,-0.0099335,1.21,0.49651,1.955e-05,1
