"p","U:0","U:1","U:2","Ksl","Us:0","Us:1","Us:2","rho","voidfraction","Volume","Cell Type"
133.64,0.0030892,-0.00082426,0.52871,12277,-0.00011869,-0.00025696,-0.00062829,1.21,0.42104,1.955e-05,1
