"p","U:0","U:1","U:2","Ksl","Us:0","Us:1","Us:2","rho","voidfraction","Volume","Cell Type"
143.7,-0.038045,0.15851,0.74648,6477.7,-0.0062969,0.0074261,0.022166,1.21,0.57707,1.955e-05,1
