"p","U:0","U:1","U:2","Ksl","Us:0","Us:1","Us:2","rho","voidfraction","Volume","Cell Type"
132.96,0.041766,-0.13063,0.68872,9591,0.0034679,-0.012772,-0.00076941,1.21,0.4843,1.955e-05,1
