"p","U:0","U:1","U:2","Ksl","Us:0","Us:1","Us:2","rho","voidfraction","Volume","Cell Type"
133.81,0.0041027,0.0013998,0.52782,12336,-3.3934e-05,-7.6084e-06,-0.00012268,1.21,0.42028,1.955e-05,1
