"p","U:0","U:1","U:2","Ksl","Us:0","Us:1","Us:2","rho","voidfraction","Volume","Cell Type"
132.61,-0.089733,0.094634,0.69237,9559.7,-0.0068788,0.0066839,-0.0034059,1.21,0.48709,1.955e-05,1
