"p","U:0","U:1","U:2","Ksl","Us:0","Us:1","Us:2","rho","voidfraction","Volume","Cell Type"
26.861,0.0018587,0.00039743,0.099458,15161,2.1529e-07,3.9681e-08,1.7882e-06,1.21,0.36149,1.955e-05,1
