"p","U:0","U:1","U:2","Ksl","Us:0","Us:1","Us:2","rho","voidfraction","Volume","Cell Type"
130.34,0.016968,-0.055455,0.68306,9128,0.0068358,-0.015948,0.0034422,1.21,0.49326,1.955e-05,1
