"p","U:0","U:1","U:2","Ksl","Us:0","Us:1","Us:2","rho","voidfraction","Volume","Cell Type"
125.16,-0.074536,0.09966,0.67905,6793.5,-0.0058554,0.0037225,-0.018508,1.21,0.55952,1.955e-05,1
