"p","U:0","U:1","U:2","Ksl","Us:0","Us:1","Us:2","rho","voidfraction","Volume","Cell Type"
146.73,0.05581,0.0031168,0.72403,7543.8,-0.0065729,0.0081171,0.037055,1.21,0.53799,1.955e-05,1
