"p","U:0","U:1","U:2","Ksl","Us:0","Us:1","Us:2","rho","voidfraction","Volume","Cell Type"
132.21,0.022937,-0.053886,0.63635,9964.6,-0.00058942,-0.002798,-0.006973,1.21,0.47342,1.955e-05,1
