"p","U:0","U:1","U:2","Ksl","Us:0","Us:1","Us:2","rho","voidfraction","Volume","Cell Type"
136.6,0.0020161,-0.040739,0.66018,10790,0.0012804,-0.006364,0.0037495,1.21,0.45644,1.955e-05,1
