"p","U:0","U:1","U:2","Ksl","Us:0","Us:1","Us:2","rho","voidfraction","Volume","Cell Type"
85.317,0.0094063,0.0057559,0.72571,6523.2,0.020327,-0.051096,-0.06041,1.21,0.59231,1.955e-05,1
