"p","U:0","U:1","U:2","Ksl","Us:0","Us:1","Us:2","rho","voidfraction","Volume","Cell Type"
40.884,0.0027696,0.00059477,0.14914,15285,9.6353e-07,4.5603e-07,3.1756e-05,1.21,0.36157,1.955e-05,1
