"p","U:0","U:1","U:2","Ksl","Us:0","Us:1","Us:2","rho","voidfraction","Volume","Cell Type"
129.75,-0.089703,0.093103,0.6763,9105.7,-0.0041731,0.0048004,-0.012535,1.21,0.49949,1.955e-05,1
