"p","U:0","U:1","U:2","Ksl","Us:0","Us:1","Us:2","rho","voidfraction","Volume","Cell Type"
170.85,0.095574,0.19498,0.88022,5227.5,0.074721,-0.0023596,0.032086,1.21,0.62925,1.955e-05,1
