"p","U:0","U:1","U:2","Ksl","Us:0","Us:1","Us:2","rho","voidfraction","Volume","Cell Type"
138.35,-0.075455,0.16792,0.86139,11330,-0.014521,0.023984,-0.0022313,1.21,0.45622,1.955e-05,1
