"p","U:0","U:1","U:2","Ksl","Us:0","Us:1","Us:2","rho","voidfraction","Volume","Cell Type"
135.88,0.0040954,-0.00020132,0.49903,13074,2.4536e-05,8.1735e-06,0.0057957,1.21,0.40595,1.955e-05,1
