"p","U:0","U:1","U:2","Ksl","Us:0","Us:1","Us:2","rho","voidfraction","Volume","Cell Type"
134.5,0.0098086,-0.052838,0.653,10650,0.00065257,-0.0051502,-0.002726,1.21,0.46136,1.955e-05,1
