"p","U:0","U:1","U:2","Ksl","Us:0","Us:1","Us:2","rho","voidfraction","Volume","Cell Type"
126.43,0.00075716,-0.0064248,0.97527,6700.4,0.00090908,-0.051665,-0.028138,1.21,0.58408,1.955e-05,1
