"p","U:0","U:1","U:2","Ksl","Us:0","Us:1","Us:2","rho","voidfraction","Volume","Cell Type"
85.656,-0.0066244,0.098157,0.85922,6436.2,-0.065082,0.020448,-0.067702,1.21,0.60091,1.955e-05,1
