"p","U:0","U:1","U:2","Ksl","Us:0","Us:1","Us:2","rho","voidfraction","Volume","Cell Type"
186.74,0.13754,0.024756,1.1276,10354,0.079142,0.012949,0.022461,1.21,0.48102,1.955e-05,1
