"p","U:0","U:1","U:2","Ksl","Us:0","Us:1","Us:2","rho","voidfraction","Volume","Cell Type"
140.51,-0.058091,0.039407,0.70257,9884.6,-0.00036197,-0.0070414,-0.0074006,1.21,0.47807,1.955e-05,1
