"p","U:0","U:1","U:2","Ksl","Us:0","Us:1","Us:2","rho","voidfraction","Volume","Cell Type"
134.85,0.0039419,-0.0071216,0.59191,11374,3.3843e-05,-0.00046771,0.00017146,1.21,0.43992,1.955e-05,1
