"p","U:0","U:1","U:2","Ksl","Us:0","Us:1","Us:2","rho","voidfraction","Volume","Cell Type"
112.35,-0.29977,-0.066184,0.89404,5169.1,-0.016629,0.0013963,-0.0068233,1.21,0.63492,1.955e-05,1
