"p","U:0","U:1","U:2","Ksl","Us:0","Us:1","Us:2","rho","voidfraction","Volume","Cell Type"
136.66,0.0015342,-0.0078268,0.5992,11577,-0.0013936,-0.0014463,0.001947,1.21,0.43493,1.955e-05,1
