"p","U:0","U:1","U:2","Ksl","Us:0","Us:1","Us:2","rho","voidfraction","Volume","Cell Type"
158.07,-0.041136,0.085631,0.91596,4649,0.0039446,0.02415,0.039274,1.21,0.65285,1.955e-05,1
