"p","U:0","U:1","U:2","Ksl","Us:0","Us:1","Us:2","rho","voidfraction","Volume","Cell Type"
135.86,-0.0025046,0.00013313,0.59605,11466,-0.0019229,1.1309e-05,0.0006312,1.21,0.43778,1.955e-05,1
