"p","U:0","U:1","U:2","Ksl","Us:0","Us:1","Us:2","rho","voidfraction","Volume","Cell Type"
134.14,0.0031038,0.0012688,0.53302,12295,-0.00065299,-6.8886e-06,0.00033863,1.21,0.42119,1.955e-05,1
