"p","U:0","U:1","U:2","Ksl","Us:0","Us:1","Us:2","rho","voidfraction","Volume","Cell Type"
110.92,0.022891,-0.16288,0.89341,10190,-0.0028609,0.0028681,-0.020419,1.21,0.48301,1.955e-05,1
