"p","U:0","U:1","U:2","Ksl","Us:0","Us:1","Us:2","rho","voidfraction","Volume","Cell Type"
26.862,0.0018588,0.00039754,0.099457,15161,1.9607e-07,8.0045e-08,-3.2169e-09,1.21,0.36149,1.955e-05,1
