"p","U:0","U:1","U:2","Ksl","Us:0","Us:1","Us:2","rho","voidfraction","Volume","Cell Type"
137.18,0.0014919,-0.0014589,0.59633,11507,-0.00093406,1.8321e-05,0.0018968,1.21,0.43695,1.955e-05,1
