"p","U:0","U:1","U:2","Ksl","Us:0","Us:1","Us:2","rho","voidfraction","Volume","Cell Type"
135.32,-0.057958,0.043111,0.70131,9975.5,-0.012361,0.011641,0.00081037,1.21,0.47504,1.955e-05,1
