"p","U:0","U:1","U:2","Ksl","Us:0","Us:1","Us:2","rho","voidfraction","Volume","Cell Type"
26.862,0.0018586,0.00039743,0.099457,15161,-4.2437e-08,-2.7879e-08,-1.2938e-07,1.21,0.36149,1.955e-05,1
