"p","U:0","U:1","U:2","Ksl","Us:0","Us:1","Us:2","rho","voidfraction","Volume","Cell Type"
169.09,-0.032613,-0.090965,0.82297,11778,-0.0090029,-0.028753,0.014758,1.21,0.43591,1.955e-05,1
