"p","U:0","U:1","U:2","Ksl","Us:0","Us:1","Us:2","rho","voidfraction","Volume","Cell Type"
132.86,-0.030838,-0.0077166,0.64919,10186,-0.0067212,0.0046274,-0.0046666,1.21,0.4677,1.955e-05,1
