"p","U:0","U:1","U:2","Ksl","Us:0","Us:1","Us:2","rho","voidfraction","Volume","Cell Type"
159.29,0.018077,-0.088854,0.79581,10496,-0.0011327,-0.017446,0.021275,1.21,0.46158,1.955e-05,1
