"p","U:0","U:1","U:2","Ksl","Us:0","Us:1","Us:2","rho","voidfraction","Volume","Cell Type"
139.24,-0.0033931,-0.036309,0.65759,10463,-0.0059142,0.0010664,-0.0013334,1.21,0.46043,1.955e-05,1
