"p","U:0","U:1","U:2","Ksl","Us:0","Us:1","Us:2","rho","voidfraction","Volume","Cell Type"
133.1,-0.077985,0.061797,0.71035,10123,-0.010359,0.0081815,0.0015962,1.21,0.47282,1.955e-05,1
