"p","U:0","U:1","U:2","Ksl","Us:0","Us:1","Us:2","rho","voidfraction","Volume","Cell Type"
131.94,0.035274,-0.12328,0.6891,9569.7,0.00042106,-0.0058493,-0.013742,1.21,0.48888,1.955e-05,1
