"p","U:0","U:1","U:2","Ksl","Us:0","Us:1","Us:2","rho","voidfraction","Volume","Cell Type"
133.85,-0.031816,0.019722,0.64421,10137,-0.0050589,0.0028423,0.0072574,1.21,0.46929,1.955e-05,1
