"p","U:0","U:1","U:2","Ksl","Us:0","Us:1","Us:2","rho","voidfraction","Volume","Cell Type"
133.73,0.0037821,0.0017135,0.52793,12354,-6.0701e-05,-2.5695e-05,-0.0001154,1.21,0.41994,1.955e-05,1
