"p","U:0","U:1","U:2","Ksl","Us:0","Us:1","Us:2","rho","voidfraction","Volume","Cell Type"
133.52,-0.10025,0.050981,0.79563,11597,-0.020063,0.0027209,-0.0020023,1.21,0.44346,1.955e-05,1
