"p","U:0","U:1","U:2","Ksl","Us:0","Us:1","Us:2","rho","voidfraction","Volume","Cell Type"
121.84,0.001409,0.027268,0.65549,5544.5,-0.003667,0.018814,-0.017171,1.21,0.59632,1.955e-05,1
