"p","U:0","U:1","U:2","Ksl","Us:0","Us:1","Us:2","rho","voidfraction","Volume","Cell Type"
134.75,0.013594,-0.04258,0.6449,10422,-0.00070099,-0.0033004,-0.0038174,1.21,0.46556,1.955e-05,1
