"p","U:0","U:1","U:2","Ksl","Us:0","Us:1","Us:2","rho","voidfraction","Volume","Cell Type"
157.01,0.048742,-0.00016591,0.83157,5191.8,-0.043766,0.015008,0.041997,1.21,0.62441,1.955e-05,1
