"p","U:0","U:1","U:2","Ksl","Us:0","Us:1","Us:2","rho","voidfraction","Volume","Cell Type"
133.95,-0.0028809,-0.0024684,0.52921,12086,-0.00060167,-0.00051463,-0.002786,1.21,0.42411,1.955e-05,1
