"p","U:0","U:1","U:2","Ksl","Us:0","Us:1","Us:2","rho","voidfraction","Volume","Cell Type"
137.27,-0.0055933,-0.034527,0.66279,11023,0.00089964,-0.0080525,-0.0028381,1.21,0.44902,1.955e-05,1
