"p","U:0","U:1","U:2","Ksl","Us:0","Us:1","Us:2","rho","voidfraction","Volume","Cell Type"
136.53,0.0083966,-0.066502,0.65863,10768,0.00020048,-0.0046079,-0.0020703,1.21,0.45783,1.955e-05,1
