"p","U:0","U:1","U:2","Ksl","Us:0","Us:1","Us:2","rho","voidfraction","Volume","Cell Type"
26.86,0.0018604,0.00039763,0.09946,15161,2.3337e-06,4.6023e-07,4.7495e-06,1.21,0.36149,1.955e-05,1
