"p","U:0","U:1","U:2","Ksl","Us:0","Us:1","Us:2","rho","voidfraction","Volume","Cell Type"
129.94,-0.10577,0.075589,0.69798,9781.9,-0.0067431,0.0064249,-0.007527,1.21,0.48457,1.955e-05,1
