"p","U:0","U:1","U:2","Ksl","Us:0","Us:1","Us:2","rho","voidfraction","Volume","Cell Type"
142.11,-0.019554,-0.0002648,0.66369,10869,0.00044466,-0.005413,-0.00042945,1.21,0.45313,1.955e-05,1
