"p","U:0","U:1","U:2","Ksl","Us:0","Us:1","Us:2","rho","voidfraction","Volume","Cell Type"
137.6,0.0042694,-0.0044976,0.59945,11574,-0.0012102,-0.0012864,0.0032548,1.21,0.43464,1.955e-05,1
