"p","U:0","U:1","U:2","Ksl","Us:0","Us:1","Us:2","rho","voidfraction","Volume","Cell Type"
129.56,-0.0012956,-0.047983,0.64557,10333,0.0023914,-0.0078001,-0.0070593,1.21,0.46654,1.955e-05,1
