"p","U:0","U:1","U:2","Ksl","Us:0","Us:1","Us:2","rho","voidfraction","Volume","Cell Type"
180.83,0.21701,-0.069325,1.0214,11482,0.049948,-0.021681,0.0066375,1.21,0.45362,1.955e-05,1
