"p","U:0","U:1","U:2","Ksl","Us:0","Us:1","Us:2","rho","voidfraction","Volume","Cell Type"
136.97,-0.0043484,-0.090398,0.74317,9296.1,-0.014085,0.0037856,-0.0014755,1.21,0.49267,1.955e-05,1
