"p","U:0","U:1","U:2","Ksl","Us:0","Us:1","Us:2","rho","voidfraction","Volume","Cell Type"
67.733,0.069361,0.070251,0.90502,7232.6,0.067317,0.0047986,-0.047721,1.21,0.57292,1.955e-05,1
