"p","U:0","U:1","U:2","Ksl","Us:0","Us:1","Us:2","rho","voidfraction","Volume","Cell Type"
133.04,-0.002828,-3.2547e-05,0.58795,11168,-0.00060788,-0.00076694,-0.0018702,1.21,0.44441,1.955e-05,1
