"p","U:0","U:1","U:2","Ksl","Us:0","Us:1","Us:2","rho","voidfraction","Volume","Cell Type"
144.37,0.036348,-0.10183,0.70114,9764.1,-0.0038768,-0.0046731,0.0034261,1.21,0.47891,1.955e-05,1
