"p","U:0","U:1","U:2","Ksl","Us:0","Us:1","Us:2","rho","voidfraction","Volume","Cell Type"
133.12,-0.035273,-0.011337,0.69255,9587.5,0.0041571,-0.012494,-0.010408,1.21,0.48287,1.955e-05,1
