"p","U:0","U:1","U:2","Ksl","Us:0","Us:1","Us:2","rho","voidfraction","Volume","Cell Type"
130.02,-0.035284,0.016326,0.63715,9819.6,-0.0059233,0.0053266,-0.0019461,1.21,0.47694,1.955e-05,1
