"p","U:0","U:1","U:2","Ksl","Us:0","Us:1","Us:2","rho","voidfraction","Volume","Cell Type"
156.34,0.022212,0.0067033,0.74575,8427,-0.001849,-0.0049812,0.039648,1.21,0.51521,1.955e-05,1
