"p","U:0","U:1","U:2","Ksl","Us:0","Us:1","Us:2","rho","voidfraction","Volume","Cell Type"
133.72,-0.010854,-0.027153,0.64748,10311,-0.0064109,0.00060462,-0.0054102,1.21,0.4664,1.955e-05,1
