"p","U:0","U:1","U:2","Ksl","Us:0","Us:1","Us:2","rho","voidfraction","Volume","Cell Type"
187.26,0.094154,-0.068969,0.93653,10057,0.0023307,0.022959,0.035934,1.21,0.47818,1.955e-05,1
