"p","U:0","U:1","U:2","Ksl","Us:0","Us:1","Us:2","rho","voidfraction","Volume","Cell Type"
26.862,0.0018588,0.0003975,0.099457,15161,1.1569e-07,4.7566e-08,-2.9532e-08,1.21,0.36149,1.955e-05,1
