"p","U:0","U:1","U:2","Ksl","Us:0","Us:1","Us:2","rho","voidfraction","Volume","Cell Type"
26.858,0.00186,0.00039858,0.099475,15162,2.0609e-06,1.2302e-06,3.2511e-05,1.21,0.36149,1.955e-05,1
