"p","U:0","U:1","U:2","Ksl","Us:0","Us:1","Us:2","rho","voidfraction","Volume","Cell Type"
135.37,-0.0013563,-0.0027517,0.59034,11322,-0.00096123,-0.0015565,0.0013981,1.21,0.44185,1.955e-05,1
