"p","U:0","U:1","U:2","Ksl","Us:0","Us:1","Us:2","rho","voidfraction","Volume","Cell Type"
138.17,-0.045585,0.043835,0.69304,9303.8,0.0013522,-0.0076218,-0.0077318,1.21,0.48893,1.955e-05,1
