"p","U:0","U:1","U:2","Ksl","Us:0","Us:1","Us:2","rho","voidfraction","Volume","Cell Type"
81.244,-0.022335,-0.074142,0.69514,7881.1,0.0023256,0.00088971,-0.050276,1.21,0.56193,1.955e-05,1
