"p","U:0","U:1","U:2","Ksl","Us:0","Us:1","Us:2","rho","voidfraction","Volume","Cell Type"
137.53,0.0021912,-0.0041085,0.5987,11614,-0.0011573,-0.00032104,0.0011616,1.21,0.43546,1.955e-05,1
