"p","U:0","U:1","U:2","Ksl","Us:0","Us:1","Us:2","rho","voidfraction","Volume","Cell Type"
134.24,-0.006266,-0.0034706,0.58993,11321,-0.0012468,-0.00046343,-0.002711,1.21,0.44332,1.955e-05,1
