"p","U:0","U:1","U:2","Ksl","Us:0","Us:1","Us:2","rho","voidfraction","Volume","Cell Type"
139.08,0.027376,-0.070627,0.69303,9416.9,-0.0044731,-0.00087352,-0.0053084,1.21,0.49,1.955e-05,1
