"p","U:0","U:1","U:2","Ksl","Us:0","Us:1","Us:2","rho","voidfraction","Volume","Cell Type"
26.862,0.0018584,0.00039724,0.099456,15161,-4.2507e-07,-2.7827e-07,-1.0128e-06,1.21,0.36149,1.955e-05,1
