"p","U:0","U:1","U:2","Ksl","Us:0","Us:1","Us:2","rho","voidfraction","Volume","Cell Type"
140.43,-0.028052,0.041479,0.65581,10484,-0.0015519,-0.0017442,0.0022132,1.21,0.46027,1.955e-05,1
