"p","U:0","U:1","U:2","Ksl","Us:0","Us:1","Us:2","rho","voidfraction","Volume","Cell Type"
151.17,0.046217,0.012785,0.72826,5556.4,0.018446,-0.069376,0.022866,1.21,0.60592,1.955e-05,1
