"p","U:0","U:1","U:2","Ksl","Us:0","Us:1","Us:2","rho","voidfraction","Volume","Cell Type"
113.24,0.0071723,0.0015507,0.39554,15793,2.3016e-06,1.7134e-06,6.4786e-06,1.21,0.36339,1.955e-05,1
