"p","U:0","U:1","U:2","Ksl","Us:0","Us:1","Us:2","rho","voidfraction","Volume","Cell Type"
135.22,-0.0023477,-0.0022245,0.59275,11453,-0.00027628,0.00018791,-0.0013643,1.21,0.43921,1.955e-05,1
