"p","U:0","U:1","U:2","Ksl","Us:0","Us:1","Us:2","rho","voidfraction","Volume","Cell Type"
140.47,-0.0040035,-0.0010362,0.62812,11247,-0.00021031,-0.0013945,0.0046168,1.21,0.44469,1.955e-05,1
