"p","U:0","U:1","U:2","Ksl","Us:0","Us:1","Us:2","rho","voidfraction","Volume","Cell Type"
130.48,0.045788,-0.14429,0.74034,8934.1,0.010324,-0.024042,0.0018495,1.21,0.50416,1.955e-05,1
