"p","U:0","U:1","U:2","Ksl","Us:0","Us:1","Us:2","rho","voidfraction","Volume","Cell Type"
26.862,0.0018589,0.00039769,0.099457,15161,2.6358e-07,2.3465e-07,3.4992e-07,1.21,0.36149,1.955e-05,1
