"p","U:0","U:1","U:2","Ksl","Us:0","Us:1","Us:2","rho","voidfraction","Volume","Cell Type"
138.83,-0.019772,0.006563,0.70236,9827.7,-0.0094478,0.0080564,0.0071145,1.21,0.47818,1.955e-05,1
