"p","U:0","U:1","U:2","Ksl","Us:0","Us:1","Us:2","rho","voidfraction","Volume","Cell Type"
137.66,-0.054436,0.039523,0.70852,10135,-0.012339,0.0094712,0.007209,1.21,0.46965,1.955e-05,1
