"p","U:0","U:1","U:2","Ksl","Us:0","Us:1","Us:2","rho","voidfraction","Volume","Cell Type"
133.98,-0.063939,0.095231,0.67415,8737.4,-0.0021724,0.0046824,-0.011235,1.21,0.50402,1.955e-05,1
