"p","U:0","U:1","U:2","Ksl","Us:0","Us:1","Us:2","rho","voidfraction","Volume","Cell Type"
26.862,0.0018584,0.00039737,0.099457,15161,-3.4184e-07,-1.6667e-07,3.7577e-07,1.21,0.36149,1.955e-05,1
