"p","U:0","U:1","U:2","Ksl","Us:0","Us:1","Us:2","rho","voidfraction","Volume","Cell Type"
135.98,-0.0029398,-0.00083181,0.59768,11525,-0.0010285,0.00017439,-0.0014255,1.21,0.43667,1.955e-05,1
