"p","U:0","U:1","U:2","Ksl","Us:0","Us:1","Us:2","rho","voidfraction","Volume","Cell Type"
188.33,-0.052116,-0.0090768,1.0559,7300.2,0.036176,-0.0038846,0.020828,1.21,0.56422,1.955e-05,1
