"p","U:0","U:1","U:2","Ksl","Us:0","Us:1","Us:2","rho","voidfraction","Volume","Cell Type"
139.51,-0.016383,0.007816,0.65631,10787,-0.002106,-0.0017294,0.00071808,1.21,0.45752,1.955e-05,1
