"p","U:0","U:1","U:2","Ksl","Us:0","Us:1","Us:2","rho","voidfraction","Volume","Cell Type"
133.65,0.0036912,0.0011979,0.52819,12340,-0.00010856,4.7667e-05,-0.00018484,1.21,0.4202,1.955e-05,1
