"p","U:0","U:1","U:2","Ksl","Us:0","Us:1","Us:2","rho","voidfraction","Volume","Cell Type"
126.54,0.042424,-0.35943,0.90744,3714.7,-0.0046299,-0.070125,0.0073065,1.21,0.69796,1.955e-05,1
