"p","U:0","U:1","U:2","Ksl","Us:0","Us:1","Us:2","rho","voidfraction","Volume","Cell Type"
137.55,0.0041554,0.0010437,0.56212,11942,0.00031513,0.00016083,0.0043623,1.21,0.42905,1.955e-05,1
