"p","U:0","U:1","U:2","Ksl","Us:0","Us:1","Us:2","rho","voidfraction","Volume","Cell Type"
133.8,0.0036681,0.00071458,0.52847,12304,-0.00013632,-0.00017529,-0.00044506,1.21,0.42032,1.955e-05,1
