"p","U:0","U:1","U:2","Ksl","Us:0","Us:1","Us:2","rho","voidfraction","Volume","Cell Type"
109.74,0.057995,-0.087804,0.6395,5544,0.0039211,0.004692,-0.046548,1.21,0.60175,1.955e-05,1
