"p","U:0","U:1","U:2","Ksl","Us:0","Us:1","Us:2","rho","voidfraction","Volume","Cell Type"
67.389,0.18474,0.062805,0.85955,7658.8,-0.0044544,0.015825,-0.057597,1.21,0.57071,1.955e-05,1
