"p","U:0","U:1","U:2","Ksl","Us:0","Us:1","Us:2","rho","voidfraction","Volume","Cell Type"
126.61,0.051737,0.051011,0.66441,5647.2,0.014107,-0.012276,0.0027941,1.21,0.59397,1.955e-05,1
