"p","U:0","U:1","U:2","Ksl","Us:0","Us:1","Us:2","rho","voidfraction","Volume","Cell Type"
123.55,-0.080705,0.082882,0.67743,8911.5,-0.010534,0.013131,-0.0043676,1.21,0.50131,1.955e-05,1
