"p","U:0","U:1","U:2","Ksl","Us:0","Us:1","Us:2","rho","voidfraction","Volume","Cell Type"
124.35,-0.11151,0.067419,0.98659,9461.2,0.062101,0.0013412,-0.030651,1.21,0.49965,1.955e-05,1
