"p","U:0","U:1","U:2","Ksl","Us:0","Us:1","Us:2","rho","voidfraction","Volume","Cell Type"
136.55,-0.0013613,0.00050801,0.59769,11538,-0.0016529,0.00024293,0.00055813,1.21,0.43619,1.955e-05,1
