"p","U:0","U:1","U:2","Ksl","Us:0","Us:1","Us:2","rho","voidfraction","Volume","Cell Type"
113.24,0.0071763,0.0015548,0.39554,15793,4.9113e-06,3.3493e-06,7.9996e-06,1.21,0.36339,1.955e-05,1
