"p","U:0","U:1","U:2","Ksl","Us:0","Us:1","Us:2","rho","voidfraction","Volume","Cell Type"
181.89,-0.049898,0.0077187,0.8495,12230,-0.014055,-0.0029569,0.010038,1.21,0.42755,1.955e-05,1
