"p","U:0","U:1","U:2","Ksl","Us:0","Us:1","Us:2","rho","voidfraction","Volume","Cell Type"
138.67,0.019469,-0.039264,0.65154,10305,-0.0038984,-0.0013029,0.003982,1.21,0.46457,1.955e-05,1
