"p","U:0","U:1","U:2","Ksl","Us:0","Us:1","Us:2","rho","voidfraction","Volume","Cell Type"
130.02,0.044527,-0.047695,0.69459,4903.7,-0.002348,0.022369,-0.0019429,1.21,0.62364,1.955e-05,1
