"p","U:0","U:1","U:2","Ksl","Us:0","Us:1","Us:2","rho","voidfraction","Volume","Cell Type"
135.08,0.0038199,-0.0080281,0.59218,11369,-0.00032722,-0.00068007,0.00097086,1.21,0.44002,1.955e-05,1
