"p","U:0","U:1","U:2","Ksl","Us:0","Us:1","Us:2","rho","voidfraction","Volume","Cell Type"
156.39,0.12218,-0.12871,1.0703,7860.9,0.00033836,0.022024,0.0058577,1.21,0.54536,1.955e-05,1
