"p","U:0","U:1","U:2","Ksl","Us:0","Us:1","Us:2","rho","voidfraction","Volume","Cell Type"
177.33,0.01449,-0.011785,0.80512,10301,-0.016366,-0.0080364,0.034558,1.21,0.46567,1.955e-05,1
