"p","U:0","U:1","U:2","Ksl","Us:0","Us:1","Us:2","rho","voidfraction","Volume","Cell Type"
162.25,0.11037,-0.22782,0.94089,11149,0.020786,-0.047505,-0.00098428,1.21,0.46598,1.955e-05,1
