"p","U:0","U:1","U:2","Ksl","Us:0","Us:1","Us:2","rho","voidfraction","Volume","Cell Type"
139.64,-0.081357,0.077626,0.6986,9763.4,-0.0046397,0.0013754,-0.0047216,1.21,0.4817,1.955e-05,1
