"p","U:0","U:1","U:2","Ksl","Us:0","Us:1","Us:2","rho","voidfraction","Volume","Cell Type"
137.07,0.003274,0.00067604,0.5955,11501,-0.00032123,-0.00098697,-0.00014685,1.21,0.43778,1.955e-05,1
