"p","U:0","U:1","U:2","Ksl","Us:0","Us:1","Us:2","rho","voidfraction","Volume","Cell Type"
133.9,0.0021842,-0.00083858,0.53006,12339,-0.00034523,-0.0002874,0.00017024,1.21,0.41956,1.955e-05,1
