"p","U:0","U:1","U:2","Ksl","Us:0","Us:1","Us:2","rho","voidfraction","Volume","Cell Type"
134.71,0.0017929,-0.006768,0.59356,11386,-0.00028917,-0.00068137,-0.0012193,1.21,0.43941,1.955e-05,1
