"p","U:0","U:1","U:2","Ksl","Us:0","Us:1","Us:2","rho","voidfraction","Volume","Cell Type"
87.169,-0.012553,0.046557,0.70506,8179.4,0.0071772,-0.00050687,-0.04862,1.21,0.54545,1.955e-05,1
