"p","U:0","U:1","U:2","Ksl","Us:0","Us:1","Us:2","rho","voidfraction","Volume","Cell Type"
134.34,-0.00025713,-0.00066434,0.58925,11244,-0.00045279,-0.00053779,6.4866e-05,1.21,0.44309,1.955e-05,1
