"p","U:0","U:1","U:2","Ksl","Us:0","Us:1","Us:2","rho","voidfraction","Volume","Cell Type"
133.54,0.0035574,0.0014974,0.52833,12347,-0.00010821,5.3983e-05,-0.0001986,1.21,0.41994,1.955e-05,1
