"p","U:0","U:1","U:2","Ksl","Us:0","Us:1","Us:2","rho","voidfraction","Volume","Cell Type"
133.75,0.0040155,0.00015868,0.52907,12329,-6.9058e-05,-8.6141e-05,3.4886e-05,1.21,0.41995,1.955e-05,1
