"p","U:0","U:1","U:2","Ksl","Us:0","Us:1","Us:2","rho","voidfraction","Volume","Cell Type"
125.97,0.0069458,0.0010371,0.44004,15430,0.00010538,1.6487e-05,0.0034484,1.21,0.36863,1.955e-05,1
