"p","U:0","U:1","U:2","Ksl","Us:0","Us:1","Us:2","rho","voidfraction","Volume","Cell Type"
137.88,-0.00010125,-0.0020584,0.59515,11464,-0.00084583,-0.0013729,0.00094688,1.21,0.44036,1.955e-05,1
