"p","U:0","U:1","U:2","Ksl","Us:0","Us:1","Us:2","rho","voidfraction","Volume","Cell Type"
135.31,0.0011191,0.00010846,0.5915,11353,-0.00049397,-0.00059691,7.2145e-05,1.21,0.44098,1.955e-05,1
