"p","U:0","U:1","U:2","Ksl","Us:0","Us:1","Us:2","rho","voidfraction","Volume","Cell Type"
196.94,0.0089543,0.11228,0.86822,9928.7,-0.018554,0.042387,0.041463,1.21,0.47762,1.955e-05,1
