"p","U:0","U:1","U:2","Ksl","Us:0","Us:1","Us:2","rho","voidfraction","Volume","Cell Type"
144.82,0.06204,0.034214,0.71945,7470.1,-0.0077075,0.01969,0.034582,1.21,0.53945,1.955e-05,1
