"p","U:0","U:1","U:2","Ksl","Us:0","Us:1","Us:2","rho","voidfraction","Volume","Cell Type"
172.49,0.018421,-0.075661,0.82396,11425,-0.0036512,-0.025856,0.025899,1.21,0.44102,1.955e-05,1
