"p","U:0","U:1","U:2","Ksl","Us:0","Us:1","Us:2","rho","voidfraction","Volume","Cell Type"
131.15,0.0054924,0.00059379,0.46846,13886,-0.00020126,-0.00035219,0.0020815,1.21,0.39072,1.955e-05,1
