"p","U:0","U:1","U:2","Ksl","Us:0","Us:1","Us:2","rho","voidfraction","Volume","Cell Type"
140.26,-0.034554,0.022075,0.65791,10701,-0.0021062,-0.0013505,0.003191,1.21,0.45672,1.955e-05,1
