"p","U:0","U:1","U:2","Ksl","Us:0","Us:1","Us:2","rho","voidfraction","Volume","Cell Type"
136.76,0.021498,-0.10129,0.71108,10123,0.0029146,-0.013376,0.0090577,1.21,0.47191,1.955e-05,1
