"p","U:0","U:1","U:2","Ksl","Us:0","Us:1","Us:2","rho","voidfraction","Volume","Cell Type"
135.17,0.019683,-0.083916,0.69544,9612.8,0.0047114,-0.016749,0.011219,1.21,0.48182,1.955e-05,1
