"p","U:0","U:1","U:2","Ksl","Us:0","Us:1","Us:2","rho","voidfraction","Volume","Cell Type"
83.669,0.0054588,0.0012068,0.29761,15642,4.2612e-08,1.3658e-07,1.3263e-07,1.21,0.36213,1.955e-05,1
