"p","U:0","U:1","U:2","Ksl","Us:0","Us:1","Us:2","rho","voidfraction","Volume","Cell Type"
136.53,-0.0016741,-0.006188,0.59597,11570,-0.00065411,-0.00068754,-0.00036533,1.21,0.43767,1.955e-05,1
