"p","U:0","U:1","U:2","Ksl","Us:0","Us:1","Us:2","rho","voidfraction","Volume","Cell Type"
133.94,0.0029727,-0.0013574,0.52868,12303,-0.00017617,-0.00027917,0.00011409,1.21,0.42066,1.955e-05,1
