"p","U:0","U:1","U:2","Ksl","Us:0","Us:1","Us:2","rho","voidfraction","Volume","Cell Type"
132.9,0.0057055,-0.057744,0.65481,10569,0.00042998,-0.0063256,0.0044288,1.21,0.46116,1.955e-05,1
