"p","U:0","U:1","U:2","Ksl","Us:0","Us:1","Us:2","rho","voidfraction","Volume","Cell Type"
134.44,0.010226,-0.065962,0.64336,10355,-0.00038316,-0.0034118,-0.0095488,1.21,0.46746,1.955e-05,1
