"p","U:0","U:1","U:2","Ksl","Us:0","Us:1","Us:2","rho","voidfraction","Volume","Cell Type"
173.13,0.14761,-0.011457,1.0871,7601.7,0.046689,0.0057343,0.0044656,1.21,0.56047,1.955e-05,1
