"p","U:0","U:1","U:2","Ksl","Us:0","Us:1","Us:2","rho","voidfraction","Volume","Cell Type"
138.85,-0.0063574,-0.0027189,0.6517,10570,-0.0029761,-5.348e-05,-0.00061222,1.21,0.46122,1.955e-05,1
