"p","U:0","U:1","U:2","Ksl","Us:0","Us:1","Us:2","rho","voidfraction","Volume","Cell Type"
87.758,0.058808,0.052266,0.82523,5865.2,-0.020687,0.071918,-0.056734,1.21,0.61146,1.955e-05,1
