"p","U:0","U:1","U:2","Ksl","Us:0","Us:1","Us:2","rho","voidfraction","Volume","Cell Type"
26.862,0.0018587,0.00039746,0.099457,15161,1.2327e-08,7.5888e-09,-2.986e-09,1.21,0.36149,1.955e-05,1
