"p","U:0","U:1","U:2","Ksl","Us:0","Us:1","Us:2","rho","voidfraction","Volume","Cell Type"
26.862,0.0018585,0.00039741,0.099457,15161,-1.7078e-07,-6.9968e-08,-1.0532e-07,1.21,0.36149,1.955e-05,1
