"p","U:0","U:1","U:2","Ksl","Us:0","Us:1","Us:2","rho","voidfraction","Volume","Cell Type"
133.98,0.0043111,0.0013501,0.52824,12326,-0.00014354,3.3953e-05,-0.00010474,1.21,0.4202,1.955e-05,1
