"p","U:0","U:1","U:2","Ksl","Us:0","Us:1","Us:2","rho","voidfraction","Volume","Cell Type"
136.31,-0.04888,0.0089474,0.70502,10183,-0.013022,0.010436,-0.0028669,1.21,0.47044,1.955e-05,1
