"p","U:0","U:1","U:2","Ksl","Us:0","Us:1","Us:2","rho","voidfraction","Volume","Cell Type"
139.38,-0.041199,0.070874,0.68957,9037.9,-0.0015773,-0.0032946,0.0012745,1.21,0.496,1.955e-05,1
