"p","U:0","U:1","U:2","Ksl","Us:0","Us:1","Us:2","rho","voidfraction","Volume","Cell Type"
179.5,0.022629,0.020802,0.80332,10228,-0.012579,0.0090488,0.038825,1.21,0.46754,1.955e-05,1
