"p","U:0","U:1","U:2","Ksl","Us:0","Us:1","Us:2","rho","voidfraction","Volume","Cell Type"
133.93,0.0046077,0.0012729,0.52826,12338,4.0378e-05,-4.4047e-05,0.00013377,1.21,0.42026,1.955e-05,1
