"p","U:0","U:1","U:2","Ksl","Us:0","Us:1","Us:2","rho","voidfraction","Volume","Cell Type"
135.01,-0.0004797,-0.0036989,0.59,11351,-0.00046119,-0.00022857,-0.00099073,1.21,0.4434,1.955e-05,1
