"p","U:0","U:1","U:2","Ksl","Us:0","Us:1","Us:2","rho","voidfraction","Volume","Cell Type"
135.17,-0.0010925,-0.003544,0.59194,11419,-0.00012273,-2.5078e-07,0.00010236,1.21,0.4395,1.955e-05,1
