"p","U:0","U:1","U:2","Ksl","Us:0","Us:1","Us:2","rho","voidfraction","Volume","Cell Type"
219.42,-0.10019,0.17402,1.0207,8466.5,0.0046084,0.0075447,0.049283,1.21,0.52974,1.955e-05,1
