"p","U:0","U:1","U:2","Ksl","Us:0","Us:1","Us:2","rho","voidfraction","Volume","Cell Type"
130.36,0.0019097,-0.049154,0.64645,10350,0.0012219,-0.0074738,0.00047155,1.21,0.46642,1.955e-05,1
