"p","U:0","U:1","U:2","Ksl","Us:0","Us:1","Us:2","rho","voidfraction","Volume","Cell Type"
196.98,0.056071,-0.075651,0.89102,10823,-0.0073574,-0.049367,0.030663,1.21,0.45764,1.955e-05,1
