"p","U:0","U:1","U:2","Ksl","Us:0","Us:1","Us:2","rho","voidfraction","Volume","Cell Type"
132.26,0.010394,-0.080397,0.69321,9634.2,0.0063722,-0.016629,7.3909e-05,1.21,0.48263,1.955e-05,1
