"p","U:0","U:1","U:2","Ksl","Us:0","Us:1","Us:2","rho","voidfraction","Volume","Cell Type"
140.14,0.043615,0.072859,0.71419,5361.7,0.012256,-0.014504,0.01221,1.21,0.60887,1.955e-05,1
