"p","U:0","U:1","U:2","Ksl","Us:0","Us:1","Us:2","rho","voidfraction","Volume","Cell Type"
133.11,0.12869,-0.16498,0.75729,5394,0.0057123,0.0008766,-0.0088823,1.21,0.61627,1.955e-05,1
