"p","U:0","U:1","U:2","Ksl","Us:0","Us:1","Us:2","rho","voidfraction","Volume","Cell Type"
54.778,0.0036764,0.00080097,0.19871,15411,5.4502e-07,3.3185e-07,5.5518e-06,1.21,0.3617,1.955e-05,1
