"p","U:0","U:1","U:2","Ksl","Us:0","Us:1","Us:2","rho","voidfraction","Volume","Cell Type"
133.53,0.003353,0.0017215,0.52846,12353,-0.00015822,8.9202e-05,-0.00019698,1.21,0.41981,1.955e-05,1
