"p","U:0","U:1","U:2","Ksl","Us:0","Us:1","Us:2","rho","voidfraction","Volume","Cell Type"
138.74,0.0057751,-0.015269,0.65132,10602,-0.0031264,0.0002998,0.00021128,1.21,0.46121,1.955e-05,1
