"p","U:0","U:1","U:2","Ksl","Us:0","Us:1","Us:2","rho","voidfraction","Volume","Cell Type"
136.22,-0.00021155,-0.0088162,0.59613,11503,-0.0015673,-0.0017707,0.00038771,1.21,0.4373,1.955e-05,1
