"p","U:0","U:1","U:2","Ksl","Us:0","Us:1","Us:2","rho","voidfraction","Volume","Cell Type"
140.88,-0.0097725,-0.024691,0.82494,3578.1,-0.089677,0.015327,-0.012499,1.21,0.69002,1.955e-05,1
