"p","U:0","U:1","U:2","Ksl","Us:0","Us:1","Us:2","rho","voidfraction","Volume","Cell Type"
146.91,-0.0068641,-0.033694,0.79716,4615.2,-0.030544,0.019033,0.013791,1.21,0.64867,1.955e-05,1
