"p","U:0","U:1","U:2","Ksl","Us:0","Us:1","Us:2","rho","voidfraction","Volume","Cell Type"
26.859,0.0018647,0.00040213,0.099549,15164,1.108e-05,5.4723e-06,0.00015013,1.21,0.36151,1.955e-05,1
