"p","U:0","U:1","U:2","Ksl","Us:0","Us:1","Us:2","rho","voidfraction","Volume","Cell Type"
133.82,0.0048837,0.00055811,0.52827,12334,2.7381e-05,-3.3243e-05,-3.6741e-05,1.21,0.42027,1.955e-05,1
