"p","U:0","U:1","U:2","Ksl","Us:0","Us:1","Us:2","rho","voidfraction","Volume","Cell Type"
130.5,0.035226,-0.12167,0.68763,9510.8,0.0057904,-0.016026,0.0026119,1.21,0.48657,1.955e-05,1
