"p","U:0","U:1","U:2","Ksl","Us:0","Us:1","Us:2","rho","voidfraction","Volume","Cell Type"
135.01,-0.098934,0.040647,0.79776,11652,-0.021478,0.002411,-0.0004036,1.21,0.44278,1.955e-05,1
