"p","U:0","U:1","U:2","Ksl","Us:0","Us:1","Us:2","rho","voidfraction","Volume","Cell Type"
142.18,0.020624,-0.043796,0.66515,10901,-0.0010001,-0.0038983,0.0035456,1.21,0.4516,1.955e-05,1
