"p","U:0","U:1","U:2","Ksl","Us:0","Us:1","Us:2","rho","voidfraction","Volume","Cell Type"
126.47,0.046594,-0.13077,0.67232,9061.9,0.0068534,-0.015084,-0.0030388,1.21,0.49736,1.955e-05,1
