"p","U:0","U:1","U:2","Ksl","Us:0","Us:1","Us:2","rho","voidfraction","Volume","Cell Type"
161.79,0.042581,0.02442,0.75439,8538.9,0.010353,-0.015954,0.047131,1.21,0.51241,1.955e-05,1
