"p","U:0","U:1","U:2","Ksl","Us:0","Us:1","Us:2","rho","voidfraction","Volume","Cell Type"
112.35,0.0093104,0.0021635,0.39394,15771,-3.2563e-07,1.7376e-07,1.9849e-07,1.21,0.36365,1.9629e-05,1
