"p","U:0","U:1","U:2","Ksl","Us:0","Us:1","Us:2","rho","voidfraction","Volume","Cell Type"
159.3,0.056289,0.032138,0.75476,8587.9,0.006168,0.0036202,0.041543,1.21,0.51029,1.9629e-05,1
