"p","U:0","U:1","U:2","Ksl","Us:0","Us:1","Us:2","rho","voidfraction","Volume","Cell Type"
26.634,0.0024175,0.00055383,0.099038,15139,-6.5939e-07,-4.3184e-07,-4.8897e-06,1.21,0.3618,1.9629e-05,1
