"p","U:0","U:1","U:2","Ksl","Us:0","Us:1","Us:2","rho","voidfraction","Volume","Cell Type"
134.44,-0.026295,-0.016983,0.65464,10490,-0.0018366,0.0005797,-0.015838,1.21,0.46363,1.9629e-05,1
