"p","U:0","U:1","U:2","Ksl","Us:0","Us:1","Us:2","rho","voidfraction","Volume","Cell Type"
113.67,0.0028676,0.0007934,0.66585,8346.5,0.0064326,0.0039899,-0.035423,1.21,0.5261,1.9629e-05,1
