"p","U:0","U:1","U:2","Ksl","Us:0","Us:1","Us:2","rho","voidfraction","Volume","Cell Type"
136.98,0.0059643,0.0016635,0.56105,11950,0.00026758,0.00032975,0.0044358,1.21,0.42883,1.9629e-05,1
