"p","U:0","U:1","U:2","Ksl","Us:0","Us:1","Us:2","rho","voidfraction","Volume","Cell Type"
131.66,0.00058201,-0.035283,0.6366,10110,0.00027097,-0.003471,0.00053386,1.21,0.4722,1.9629e-05,1
