"p","U:0","U:1","U:2","Ksl","Us:0","Us:1","Us:2","rho","voidfraction","Volume","Cell Type"
54.309,0.0047839,0.0011158,0.19788,15388,1.7536e-07,1.0907e-07,2.9964e-08,1.21,0.36201,1.9629e-05,1
