"p","U:0","U:1","U:2","Ksl","Us:0","Us:1","Us:2","rho","voidfraction","Volume","Cell Type"
133.29,0.0062387,0.0023674,0.52829,12368,-4.2668e-05,-3.6239e-05,7.3143e-05,1.21,0.41909,1.9629e-05,1
