"p","U:0","U:1","U:2","Ksl","Us:0","Us:1","Us:2","rho","voidfraction","Volume","Cell Type"
135.84,0.0033206,-0.00064703,0.59064,11434,-0.00026774,-0.00056146,0.00054948,1.21,0.44149,1.9629e-05,1
