"p","U:0","U:1","U:2","Ksl","Us:0","Us:1","Us:2","rho","voidfraction","Volume","Cell Type"
116.39,-0.016306,0.03614,0.60656,8500.9,0.0019798,0.0080711,-0.020694,1.21,0.50662,1.9629e-05,1
