"p","U:0","U:1","U:2","Ksl","Us:0","Us:1","Us:2","rho","voidfraction","Volume","Cell Type"
182.24,0.010508,0.00060638,0.81718,10868,-0.01555,-0.017202,0.03112,1.21,0.45414,1.9629e-05,1
