"p","U:0","U:1","U:2","Ksl","Us:0","Us:1","Us:2","rho","voidfraction","Volume","Cell Type"
133.4,0.0041563,-0.00095303,0.52762,12315,-0.00014552,-0.0003033,-0.00029408,1.21,0.42027,1.9629e-05,1
