"p","U:0","U:1","U:2","Ksl","Us:0","Us:1","Us:2","rho","voidfraction","Volume","Cell Type"
135.14,0.0015123,-0.0042521,0.5933,11392,-0.00088859,-0.00095815,0.00070701,1.21,0.43889,1.9629e-05,1
