"p","U:0","U:1","U:2","Ksl","Us:0","Us:1","Us:2","rho","voidfraction","Volume","Cell Type"
133.57,0.0010481,-0.0028351,0.52953,12360,-0.00088521,-0.00047907,-0.00012325,1.21,0.4188,1.9629e-05,1
