"p","U:0","U:1","U:2","Ksl","Us:0","Us:1","Us:2","rho","voidfraction","Volume","Cell Type"
119.63,-0.017031,-0.045103,0.77925,11135,-0.0062654,-0.0087501,-0.0063964,1.21,0.45963,1.9629e-05,1
