"p","U:0","U:1","U:2","Ksl","Us:0","Us:1","Us:2","rho","voidfraction","Volume","Cell Type"
134.67,-0.0024483,-0.0058783,0.59391,11430,-0.0010291,-0.00071425,-0.0005179,1.21,0.43854,1.9629e-05,1
