"p","U:0","U:1","U:2","Ksl","Us:0","Us:1","Us:2","rho","voidfraction","Volume","Cell Type"
128.51,0.0058871,0.00059302,0.46213,13645,-0.00031958,-0.00025075,-0.0007147,1.21,0.39471,1.9629e-05,1
