"p","U:0","U:1","U:2","Ksl","Us:0","Us:1","Us:2","rho","voidfraction","Volume","Cell Type"
112.35,0.0093131,0.0021613,0.39394,15771,-2.0539e-07,7.8465e-08,2.0014e-07,1.21,0.36365,1.9629e-05,1
