"p","U:0","U:1","U:2","Ksl","Us:0","Us:1","Us:2","rho","voidfraction","Volume","Cell Type"
136.81,0.003999,0.0015211,0.58994,11361,-0.00063869,-0.00054695,0.00013043,1.21,0.44245,1.9629e-05,1
