"p","U:0","U:1","U:2","Ksl","Us:0","Us:1","Us:2","rho","voidfraction","Volume","Cell Type"
116.12,0.014952,0.020087,0.61003,8785.7,0.0021727,0.0017226,-0.0094671,1.21,0.50112,1.9629e-05,1
