"p","U:0","U:1","U:2","Ksl","Us:0","Us:1","Us:2","rho","voidfraction","Volume","Cell Type"
134.09,-0.025627,-0.017335,0.65005,10315,-0.0013819,0.00084996,-0.016627,1.21,0.46736,1.9629e-05,1
