"p","U:0","U:1","U:2","Ksl","Us:0","Us:1","Us:2","rho","voidfraction","Volume","Cell Type"
150.58,-0.0022826,-0.0091814,0.69386,11506,-0.0051664,-0.0048361,0.014279,1.21,0.43617,1.9629e-05,1
