"p","U:0","U:1","U:2","Ksl","Us:0","Us:1","Us:2","rho","voidfraction","Volume","Cell Type"
135.11,0.00064927,-0.0003617,0.59217,11414,-0.001018,-0.00045444,-0.00073387,1.21,0.43908,1.9629e-05,1
