"p","U:0","U:1","U:2","Ksl","Us:0","Us:1","Us:2","rho","voidfraction","Volume","Cell Type"
26.631,0.0024177,0.00055429,0.099042,15138,-1.8572e-07,-6.5566e-08,-6.8244e-08,1.21,0.3618,1.9629e-05,1
