"p","U:0","U:1","U:2","Ksl","Us:0","Us:1","Us:2","rho","voidfraction","Volume","Cell Type"
117.67,0.052489,0.049537,0.63638,7044.7,0.0094602,0.0053566,-0.018112,1.21,0.54498,1.9629e-05,1
