"p","U:0","U:1","U:2","Ksl","Us:0","Us:1","Us:2","rho","voidfraction","Volume","Cell Type"
131.27,-0.048019,-0.01966,0.64722,10172,-0.0023941,0.0013744,-0.020442,1.21,0.47256,1.9629e-05,1
