"p","U:0","U:1","U:2","Ksl","Us:0","Us:1","Us:2","rho","voidfraction","Volume","Cell Type"
139.09,0.0092172,-0.024072,0.65443,10718,-0.0010062,-0.0016497,0.0047567,1.21,0.457,1.9629e-05,1
