"p","U:0","U:1","U:2","Ksl","Us:0","Us:1","Us:2","rho","voidfraction","Volume","Cell Type"
146.06,0.015302,0.0029469,0.66902,10840,-0.0027233,-0.0042102,0.018894,1.21,0.45032,1.9629e-05,1
