"p","U:0","U:1","U:2","Ksl","Us:0","Us:1","Us:2","rho","voidfraction","Volume","Cell Type"
143.05,-0.0021964,-0.0040405,0.66626,11032,-0.0030244,-0.00042888,0.0026747,1.21,0.44965,1.9629e-05,1
