"p","U:0","U:1","U:2","Ksl","Us:0","Us:1","Us:2","rho","voidfraction","Volume","Cell Type"
139.6,-0.039217,-0.0023488,0.66333,11015,-0.0041906,-0.00354,-0.0056114,1.21,0.45319,1.9629e-05,1
