"p","U:0","U:1","U:2","Ksl","Us:0","Us:1","Us:2","rho","voidfraction","Volume","Cell Type"
132.61,-0.080315,-0.054058,0.79804,11360,-0.019804,-0.014112,0.0015136,1.21,0.44852,1.9629e-05,1
