"p","U:0","U:1","U:2","Ksl","Us:0","Us:1","Us:2","rho","voidfraction","Volume","Cell Type"
135.94,0.00153,-0.00070318,0.59302,11520,-4.9282e-05,-0.00010341,-0.00091958,1.21,0.43857,1.9629e-05,1
