"p","U:0","U:1","U:2","Ksl","Us:0","Us:1","Us:2","rho","voidfraction","Volume","Cell Type"
184.59,0.048702,0.031016,0.80764,10484,-0.0033342,-0.002769,0.028796,1.21,0.46321,1.9629e-05,1
