"p","U:0","U:1","U:2","Ksl","Us:0","Us:1","Us:2","rho","voidfraction","Volume","Cell Type"
82.961,0.0070972,0.0016651,0.29639,15619,-1.2851e-07,2.3878e-07,2.2229e-08,1.21,0.36242,1.9629e-05,1
