"p","U:0","U:1","U:2","Ksl","Us:0","Us:1","Us:2","rho","voidfraction","Volume","Cell Type"
112.35,0.0093086,0.0021652,0.39394,15771,2.0868e-07,-1.4825e-07,-3.4276e-07,1.21,0.36364,1.9629e-05,1
