"p","U:0","U:1","U:2","Ksl","Us:0","Us:1","Us:2","rho","voidfraction","Volume","Cell Type"
134.8,-0.00083547,-0.0039335,0.59324,11459,-0.00072057,-0.00048708,0.00033789,1.21,0.4376,1.9629e-05,1
