"p","U:0","U:1","U:2","Ksl","Us:0","Us:1","Us:2","rho","voidfraction","Volume","Cell Type"
26.631,0.0024178,0.00055431,0.099042,15138,-2.8324e-08,-4.1273e-09,-3.2139e-09,1.21,0.3618,1.9629e-05,1
