"p","U:0","U:1","U:2","Ksl","Us:0","Us:1","Us:2","rho","voidfraction","Volume","Cell Type"
135.14,0.00032873,-0.0027244,0.59296,11424,-0.0011536,-0.00079486,0.00064588,1.21,0.43816,1.9629e-05,1
