"p","U:0","U:1","U:2","Ksl","Us:0","Us:1","Us:2","rho","voidfraction","Volume","Cell Type"
53.703,-0.017997,-0.000671,1.7516,2713.6,-0.010089,0.0011597,-0.23892,1.21,0.83003,1.9629e-005,1
