"p","U:0","U:1","U:2","Ksl","Us:0","Us:1","Us:2","rho","voidfraction","Volume","Cell Type"
161.97,0.014235,-0.064023,2.0893,6464.3,-0.0082555,0.0959,0.035039,1.21,0.63227,1.9629e-005,1
