"p","U:0","U:1","U:2","Ksl","Us:0","Us:1","Us:2","rho","voidfraction","Volume","Cell Type"
236.87,0.22168,0.12987,2.0984,6246.8,0.037161,-0.040159,0.039071,1.21,0.64319,1.9629e-005,1
