"p","U:0","U:1","U:2","Ksl","Us:0","Us:1","Us:2","rho","voidfraction","Volume","Cell Type"
76.247,-0.0019223,0.001352,1.5919,426.96,0.0010835,0.00039341,-0.09465,1.21,0.94895,1.9629e-005,1
