"p","U:0","U:1","U:2","Ksl","Us:0","Us:1","Us:2","rho","voidfraction","Volume","Cell Type"
213.76,0.081126,0.66964,1.8946,3616.7,-0.02211,0.074809,0.013513,1.21,0.74096,1.9629e-005,1
