"p","U:0","U:1","U:2","Ksl","Us:0","Us:1","Us:2","rho","voidfraction","Volume","Cell Type"
172.79,-0.064137,0.030755,2.1108,6398.3,-0.061675,-0.045932,0.048061,1.21,0.63505,1.9629e-005,1
