"p","U:0","U:1","U:2","Ksl","Us:0","Us:1","Us:2","rho","voidfraction","Volume","Cell Type"
120.45,-0.10119,-0.024531,1.9977,5042.3,-0.061784,-0.0036381,0.007731,1.21,0.67674,1.9629e-005,1
