"p","U:0","U:1","U:2","Ksl","Us:0","Us:1","Us:2","rho","voidfraction","Volume","Cell Type"
144.11,0.052226,-0.24476,1.9265,3995.8,0.012319,0.027154,0.007038,1.21,0.72144,1.9629e-005,1
