"p","U:0","U:1","U:2","Ksl","Us:0","Us:1","Us:2","rho","voidfraction","Volume","Cell Type"
234.68,-0.051604,0.01498,2.0465,4663.9,-0.067638,0.057984,0.083471,1.21,0.70942,1.9629e-005,1
