"p","U:0","U:1","U:2","Ksl","Us:0","Us:1","Us:2","rho","voidfraction","Volume","Cell Type"
212.14,0.13044,0.22672,1.8543,2788.1,-0.061958,0.0073596,0.020832,1.21,0.76962,1.9629e-005,1
