"p","U:0","U:1","U:2","Ksl","Us:0","Us:1","Us:2","rho","voidfraction","Volume","Cell Type"
106.56,0.010101,-0.019195,2.0562,5540.1,0.075712,-0.010112,-0.0066452,1.21,0.67356,1.9629e-005,1
