"p","U:0","U:1","U:2","Ksl","Us:0","Us:1","Us:2","rho","voidfraction","Volume","Cell Type"
176.28,-0.082022,-0.043923,1.9534,4675.1,-0.00087782,-0.052321,0.048944,1.21,0.69835,1.9629e-005,1
