"p","U:0","U:1","U:2","Ksl","Us:0","Us:1","Us:2","rho","voidfraction","Volume","Cell Type"
198.51,0.43458,0.32778,1.9616,4551.3,0.062659,0.10161,0.0057228,1.21,0.70692,1.9629e-005,1
