"p","U:0","U:1","U:2","Ksl","Us:0","Us:1","Us:2","rho","voidfraction","Volume","Cell Type"
112.22,0.28109,-0.18926,1.7158,1824.7,-0.00078849,-0.029445,-0.041561,1.21,0.84616,1.9629e-005,1
