"p","U:0","U:1","U:2","Ksl","Us:0","Us:1","Us:2","rho","voidfraction","Volume","Cell Type"
381.01,-0.0040938,0.0033055,2.1339,55.509,0.0013712,0.0018402,-0.01375,1.21,0.98864,1.9629e-005,1
