"p","U:0","U:1","U:2","Ksl","Us:0","Us:1","Us:2","rho","voidfraction","Volume","Cell Type"
192.04,-0.013537,-0.0096068,2.3432,2212.2,-0.019599,-0.0079334,-0.17874,1.21,0.85134,1.9629e-005,1
