"p","U:0","U:1","U:2","Ksl","Us:0","Us:1","Us:2","rho","voidfraction","Volume","Cell Type"
77.835,-0.0038836,-0.0013691,2.1891,486.54,0.00074019,0.0031599,-0.22949,1.21,0.94793,1.9629e-005,1
