"p","U:0","U:1","U:2","Ksl","Us:0","Us:1","Us:2","rho","voidfraction","Volume","Cell Type"
159.99,0.0072772,-0.84306,2.3574,2663.5,0.035967,0.024982,0.044758,1.21,0.80514,1.9629e-005,1
