"p","U:0","U:1","U:2","Ksl","Us:0","Us:1","Us:2","rho","voidfraction","Volume","Cell Type"
138.4,-0.0049902,-0.37303,2.3594,2087,0.043367,0.081984,0.032534,1.21,0.83752,1.9629e-005,1
