"p","U:0","U:1","U:2","Ksl","Us:0","Us:1","Us:2","rho","voidfraction","Volume","Cell Type"
117.25,0.027061,0.080839,2.3088,1964,0.067357,0.16309,-0.014268,1.21,0.83851,1.9629e-005,1
