"p","U:0","U:1","U:2","Ksl","Us:0","Us:1","Us:2","rho","voidfraction","Volume","Cell Type"
193.07,-0.020721,-0.0093825,2.2424,1267.2,-0.012284,-0.0026756,-0.31116,1.21,0.89474,1.9629e-005,1
