"p","U:0","U:1","U:2","Ksl","Us:0","Us:1","Us:2","rho","voidfraction","Volume","Cell Type"
135.13,-0.32002,-0.63448,2.2774,1881.3,0.0019037,0.0029842,-0.026517,1.21,0.85231,1.9629e-005,1
