"p","U:0","U:1","U:2","Ksl","Us:0","Us:1","Us:2","rho","voidfraction","Volume","Cell Type"
162.93,0.019358,0.10006,2.4952,3391.3,-0.083487,-0.099787,0.058829,1.21,0.75916,1.9629e-005,1
