"p","U:0","U:1","U:2","Ksl","Us:0","Us:1","Us:2","rho","voidfraction","Volume","Cell Type"
160.06,0.45318,0.51467,2.4302,2994.1,0.033955,0.023505,0.013778,1.21,0.77967,1.9629e-005,1
