"p","U:0","U:1","U:2","Ksl","Us:0","Us:1","Us:2","rho","voidfraction","Volume","Cell Type"
121.72,0.047385,-0.18451,2.3841,2385.8,0.10749,0.045431,0.00030865,1.21,0.81134,1.9629e-005,1
