"p","U:0","U:1","U:2","Ksl","Us:0","Us:1","Us:2","rho","voidfraction","Volume","Cell Type"
124.25,0.061771,0.28128,2.3123,1778.8,0.0042954,-0.0076218,-0.013988,1.21,0.84429,1.9629e-005,1
