"Ksl","U:0","U:1","U:2","Us:0","Us:1","Us:2","cellID","p","rho","voidfraction","Volume","Cell Type"
5868.4,-0.074587,0.071827,0.65247,0.0021903,0.0090926,-0.027113,3754.8,117.34,1.21,0.58601,1.9624e-05,1
