"Ksl","U:0","U:1","U:2","Us:0","Us:1","Us:2","cellID","p","rho","voidfraction","Volume","Cell Type"
5551,0.048306,0.067595,0.64974,0.012388,0.00051877,-0.022871,3754.8,118.96,1.21,0.59512,1.9624e-05,1
