"Ksl","U:0","U:1","U:2","Us:0","Us:1","Us:2","cellID","p","rho","voidfraction","Volume","Cell Type"
7462.4,-0.049031,0.035267,0.6999,0.0057432,0.0022049,-0.049041,3754.8,97.454,1.21,0.57198,1.9624e-05,1
