"Ksl","U:0","U:1","U:2","Us:0","Us:1","Us:2","cellID","p","rho","voidfraction","Volume","Cell Type"
11099,-0.0044396,0.002832,0.76488,-0.0013665,-0.0019268,-0.010629,3754.8,120.56,1.21,0.46494,1.9624e-05,1
