"Ksl","U:0","U:1","U:2","Us:0","Us:1","Us:2","cellID","p","rho","voidfraction","Volume","Cell Type"
6020.1,-0.00042767,0.016049,0.64852,0.011847,0.0095416,-0.037176,3754.8,115,1.21,0.58472,1.9624e-05,1
