"p","U:0","U:1","U:2","Ksl","Us:0","Us:1","Us:2","rho","voidfraction","Volume","Cell Type"
39.717,0.0035715,0.00049723,1.2692,6026.4,4.5517e-05,-0.00015629,0.0023684,1.21,0.62938,1.9629e-05,1
