"p","U:0","U:1","U:2","Ksl","Us:0","Us:1","Us:2","rho","voidfraction","Volume","Cell Type"
234.91,-0.0050639,0.012961,3.8093,201.32,-0.00084466,0.037343,0.022634,1.21,0.97717,1.9629e-05,1
