"p","U:0","U:1","U:2","Ksl","Us:0","Us:1","Us:2","rho","voidfraction","Volume","Cell Type"
21.797,-0.0013109,-0.00047836,0.79559,6926.4,-0.00010045,-6.2835e-06,0.0046983,1.21,0.63173,1.9629e-05,1
