"p","U:0","U:1","U:2","Ksl","Us:0","Us:1","Us:2","rho","voidfraction","Volume","Cell Type"
100.14,-0.015326,-0.048818,2.3236,3136.1,0.0048889,0.020754,0.021604,1.21,0.75967,1.9629e-05,1
