"p","U:0","U:1","U:2","Ksl","Us:0","Us:1","Us:2","rho","voidfraction","Volume","Cell Type"
203.65,0.0062576,0.24266,3.4352,881.48,0.01598,-0.042029,0.0082225,1.21,0.9155,1.9629e-05,1
