"p","U:0","U:1","U:2","Ksl","Us:0","Us:1","Us:2","rho","voidfraction","Volume","Cell Type"
33.221,-0.00016934,-0.0010625,1.0345,6288.4,0.00041592,-0.00022284,0.0011373,1.21,0.62909,1.9629e-05,1
