"p","U:0","U:1","U:2","Ksl","Us:0","Us:1","Us:2","rho","voidfraction","Volume","Cell Type"
261.51,0.00076373,-0.0018577,4.16,13.14,-0.0016846,0.00038634,0.0024508,1.21,0.99832,1.9629e-05,1
