"p","U:0","U:1","U:2","Ksl","Us:0","Us:1","Us:2","rho","voidfraction","Volume","Cell Type"
41.439,0.0010181,0.00035014,1.3871,5996.9,7.5309e-05,-0.0014114,-0.025449,1.21,0.63316,1.9629e-05,1
