"p","U:0","U:1","U:2","Ksl","Us:0","Us:1","Us:2","rho","voidfraction","Volume","Cell Type"
239.34,-0.014968,0.034505,3.654,624.96,0.0049343,0.070717,0.064838,1.21,0.93438,1.9629e-05,1
