"p","U:0","U:1","U:2","Ksl","Us:0","Us:1","Us:2","rho","voidfraction","Volume","Cell Type"
37.726,0.0052412,0.0044371,1.1856,6037.7,-0.00011273,-6.332e-05,0.00098093,1.21,0.62874,1.9629e-05,1
