"p","U:0","U:1","U:2","Ksl","Us:0","Us:1","Us:2","rho","voidfraction","Volume","Cell Type"
253.75,0.0019417,0.030877,3.9027,228.82,-0.00054721,0.058914,0.039857,1.21,0.97415,1.9629e-05,1
