"p","U:0","U:1","U:2","Ksl","Us:0","Us:1","Us:2","rho","voidfraction","Volume","Cell Type"
252.91,0.0014537,-0.0016835,4.1166,17.458,-0.00041221,0.00079831,0.0058713,1.21,0.99779,1.9629e-05,1
