"p","U:0","U:1","U:2","Ksl","Us:0","Us:1","Us:2","rho","voidfraction","Volume","Cell Type"
276.6,0.00053811,0.00089847,4.2886,9.9276,0.00046086,0.0011314,0.0031599,1.21,0.99874,1.9629e-05,1
