"p","U:0","U:1","U:2","Ksl","Us:0","Us:1","Us:2","rho","voidfraction","Volume","Cell Type"
206.25,0.016237,0.30148,3.3801,1047.5,0.068228,0.091172,0.062779,1.21,0.90037,1.9629e-05,1
