"p","U:0","U:1","U:2","Ksl","Us:0","Us:1","Us:2","rho","voidfraction","Volume","Cell Type"
36.233,0.0013847,-0.00027947,1.0907,6269.6,6.8133e-05,-6.8977e-06,0.0012228,1.21,0.62907,1.9629e-05,1
