"p","U:0","U:1","U:2","Ksl","Us:0","Us:1","Us:2","rho","voidfraction","Volume","Cell Type"
41.707,-0.0011101,-0.010039,1.5856,6407.4,0.00048365,-0.00025384,0.01264,1.21,0.63866,1.9629e-05,1
