"p","U:0","U:1","U:2","Ksl","Us:0","Us:1","Us:2","rho","voidfraction","Volume","Cell Type"
239.58,0.0034865,-0.00067343,3.9891,27.726,-0.002511,-0.00092754,0.0089282,1.21,0.99649,1.9629e-05,1
