"p","U:0","U:1","U:2","Ksl","Us:0","Us:1","Us:2","rho","voidfraction","Volume","Cell Type"
45.357,-0.00067278,-0.0081672,1.6449,6451.9,0.00013796,0.00070427,0.0069329,1.21,0.63864,1.9629e-05,1
