"p","U:0","U:1","U:2","Ksl","Us:0","Us:1","Us:2","rho","voidfraction","Volume","Cell Type"
68.694,-0.00099146,-0.0084475,2.1298,6850.9,-0.0013712,-0.00039823,0.00026888,1.21,0.64068,1.9629e-05,1
