"p","U:0","U:1","U:2","Ksl","Us:0","Us:1","Us:2","rho","voidfraction","Volume","Cell Type"
65.22,0.00050515,-0.0084014,2.0076,6581.2,-0.00079635,-0.00012131,0.00072416,1.21,0.64283,1.9629e-05,1
