"p","U:0","U:1","U:2","Ksl","Us:0","Us:1","Us:2","rho","voidfraction","Volume","Cell Type"
273.13,0.0015263,-0.00019651,4.2456,11.396,-0.00021049,0.00060219,0.0026617,1.21,0.99855,1.9629e-05,1
