"p","U:0","U:1","U:2","Ksl","Us:0","Us:1","Us:2","rho","voidfraction","Volume","Cell Type"
25.148,-0.0029983,-0.0047552,0.57938,8489,5.0087e-05,-7.7954e-05,-0.0065088,1.21,0.63352,1.9629e-05,1
