"p","U:0","U:1","U:2","Ksl","Us:0","Us:1","Us:2","rho","voidfraction","Volume","Cell Type"
52.994,0.0073176,0.0024284,1.7542,6249.2,-0.00010292,-0.00015745,0.023857,1.21,0.6398,1.9629e-05,1
