"p","U:0","U:1","U:2","Ksl","Us:0","Us:1","Us:2","rho","voidfraction","Volume","Cell Type"
80.674,0.0034971,0.0013188,2.3068,6694.3,-0.00019331,-0.00019243,0.0021946,1.21,0.65364,1.9629e-05,1
