"p","U:0","U:1","U:2","Ksl","Us:0","Us:1","Us:2","rho","voidfraction","Volume","Cell Type"
266.13,-0.00067197,-0.0011427,4.2028,11.769,-0.0007695,-8.7019e-05,0.0068073,1.21,0.99849,1.9629e-05,1
