"p","U:0","U:1","U:2","Ksl","Us:0","Us:1","Us:2","rho","voidfraction","Volume","Cell Type"
41.808,0.0087986,0.0047552,1.3476,6038.6,0.00024021,0.0002095,0.0046501,1.21,0.62985,1.9629e-05,1
