"p","U:0","U:1","U:2","Ksl","Us:0","Us:1","Us:2","rho","voidfraction","Volume","Cell Type"
274.18,-0.00020516,-0.00028802,4.2885,10.046,0.00040261,0.00036926,0.0012611,1.21,0.99873,1.9629e-05,1
