"p","U:0","U:1","U:2","Ksl","Us:0","Us:1","Us:2","rho","voidfraction","Volume","Cell Type"
281.22,-0.059636,-0.0052496,3.9306,528.67,-0.023186,-0.023718,0.061657,1.21,0.94384,1.9629e-05,1
