"p","U:0","U:1","U:2","Ksl","Us:0","Us:1","Us:2","rho","voidfraction","Volume","Cell Type"
246.4,0.0050707,-0.00021675,4.0312,21.757,-2.6976e-06,-0.00020629,0.0068653,1.21,0.99726,1.9629e-05,1
