"p","U:0","U:1","U:2","Ksl","Us:0","Us:1","Us:2","rho","voidfraction","Volume","Cell Type"
235.73,0.016726,0.27696,3.6024,728.87,-0.00046349,0.016091,0.022619,1.21,0.93178,1.9629e-05,1
