"p","U:0","U:1","U:2","Ksl","Us:0","Us:1","Us:2","rho","voidfraction","Volume","Cell Type"
58.228,0.010189,0.0046921,1.809,6148.5,-9.1814e-05,0.0010207,0.016319,1.21,0.64274,1.9629e-05,1
