"p","U:0","U:1","U:2","Ksl","Us:0","Us:1","Us:2","rho","voidfraction","Volume","Cell Type"
83.818,0.0097339,-0.0090046,2.316,5955.7,-0.00019759,-0.00015932,0.0030164,1.21,0.67199,1.9629e-05,1
