"p","U:0","U:1","U:2","Ksl","Us:0","Us:1","Us:2","rho","voidfraction","Volume","Cell Type"
25.105,-0.00046558,-0.0013785,0.85625,7300.4,-0.00011822,9.4815e-06,-0.016414,1.21,0.63162,1.9629e-05,1
