"p","U:0","U:1","U:2","Ksl","Us:0","Us:1","Us:2","rho","voidfraction","Volume","Cell Type"
93.952,0.0063283,-0.042669,2.3332,3812.3,0.013863,0.0066035,0.031616,1.21,0.73462,1.9629e-05,1
