"p","U:0","U:1","U:2","Ksl","Us:0","Us:1","Us:2","rho","voidfraction","Volume","Cell Type"
68.515,-0.0030569,-0.0086197,2.074,6796.1,-0.00025528,-0.00044471,0.00031798,1.21,0.6406,1.9629e-05,1
