"p","U:0","U:1","U:2","Ksl","Us:0","Us:1","Us:2","rho","voidfraction","Volume","Cell Type"
87.988,-0.0052314,0.0015854,2.2964,6598.5,-0.00078472,0.0011833,0.0022852,1.21,0.65662,1.9629e-05,1
