"p","U:0","U:1","U:2","Ksl","Us:0","Us:1","Us:2","rho","voidfraction","Volume","Cell Type"
45.645,-0.0090856,-0.00027769,1.6513,6448.9,-0.00010994,9.0775e-05,-0.0087678,1.21,0.63715,1.9629e-05,1
