"p","U:0","U:1","U:2","Ksl","Us:0","Us:1","Us:2","rho","voidfraction","Volume","Cell Type"
245.61,-0.042286,0.014276,3.6249,573.94,0.0075564,-0.041619,0.033232,1.21,0.94058,1.9629e-05,1
