"p","U:0","U:1","U:2","Ksl","Us:0","Us:1","Us:2","rho","voidfraction","Volume","Cell Type"
87.236,0.027856,0.045155,2.2548,2986.8,-0.0072997,0.0014402,0.029911,1.21,0.77087,1.9629e-05,1
