"p","U:0","U:1","U:2","Ksl","Us:0","Us:1","Us:2","rho","voidfraction","Volume","Cell Type"
46.263,-0.0036444,0.00015508,1.6485,6322.4,0.00081803,0.00030825,-0.012767,1.21,0.63788,1.9629e-05,1
