"p","U:0","U:1","U:2","Ksl","Us:0","Us:1","Us:2","rho","voidfraction","Volume","Cell Type"
29.039,-0.004497,-0.0050597,0.80095,7755.2,-0.00012379,-2.3593e-05,0.018898,1.21,0.63191,1.9629e-05,1
