"p","U:0","U:1","U:2","Ksl","Us:0","Us:1","Us:2","rho","voidfraction","Volume","Cell Type"
247.24,0.041531,0.072458,3.6804,578.19,0.024909,0.089895,0.041291,1.21,0.94073,1.9629e-05,1
