"p","U:0","U:1","U:2","Ksl","Us:0","Us:1","Us:2","rho","voidfraction","Volume","Cell Type"
68.438,-0.0011775,-0.0092803,2.1293,6837.7,-0.00066921,-0.0011047,0.00043168,1.21,0.64081,1.9629e-05,1
