"p","U:0","U:1","U:2","Ksl","Us:0","Us:1","Us:2","rho","voidfraction","Volume","Cell Type"
245.14,0.0055521,-2.5233e-05,4.0314,21.306,-0.00015719,0.00059337,0.0091458,1.21,0.99727,1.9629e-05,1
