"p","U:0","U:1","U:2","Ksl","Us:0","Us:1","Us:2","rho","voidfraction","Volume","Cell Type"
246.43,0.027285,-0.085426,3.7913,479.57,0.019793,-0.067456,0.027364,1.21,0.95098,1.9629e-05,1
