"p","U:0","U:1","U:2","Ksl","Us:0","Us:1","Us:2","rho","voidfraction","Volume","Cell Type"
71.803,0.0020535,-0.0097666,2.006,6612.1,0.00041782,-0.00065903,0.00090529,1.21,0.64309,1.9629e-05,1
