"p","U:0","U:1","U:2","Ksl","Us:0","Us:1","Us:2","rho","voidfraction","Volume","Cell Type"
47.607,-0.015311,-0.0095187,1.5896,6196.9,-0.00093267,-0.00063113,-0.015144,1.21,0.63787,1.9629e-05,1
