"p","U:0","U:1","U:2","Ksl","Us:0","Us:1","Us:2","rho","voidfraction","Volume","Cell Type"
239.64,-0.0065195,0.050131,3.8165,217.76,-0.0039947,0.039744,-0.044876,1.21,0.97682,1.9629e-05,1
