"p","U:0","U:1","U:2","Ksl","Us:0","Us:1","Us:2","rho","voidfraction","Volume","Cell Type"
259.84,0.00047909,-0.00096291,4.1596,13.316,0.00087663,-3.4359e-05,0.006964,1.21,0.99828,1.9629e-05,1
