"p","U:0","U:1","U:2","Ksl","Us:0","Us:1","Us:2","rho","voidfraction","Volume","Cell Type"
269.86,0.00088749,0.0015727,4.2456,10.437,-0.00086241,0.00081214,0.003122,1.21,0.9987,1.9629e-05,1
