"p","U:0","U:1","U:2","Ksl","Us:0","Us:1","Us:2","rho","voidfraction","Volume","Cell Type"
33.446,-0.00019987,0.00016975,1.0413,6425.6,-4.0738e-05,-0.00018151,0.0007443,1.21,0.62911,1.9629e-05,1
