"p","U:0","U:1","U:2","Ksl","Us:0","Us:1","Us:2","rho","voidfraction","Volume","Cell Type"
62.97,0.019275,-0.011485,1.8575,6293.1,-0.00073747,0.00069551,0.0018544,1.21,0.64212,1.9629e-05,1
