"p","U:0","U:1","U:2","Ksl","Us:0","Us:1","Us:2","rho","voidfraction","Volume","Cell Type"
33.367,-0.0078859,-0.01274,1.3782,6295.5,0.00015011,0.00061897,-0.00057687,1.21,0.63335,1.9629e-05,1
