"p","U:0","U:1","U:2","Ksl","Us:0","Us:1","Us:2","rho","voidfraction","Volume","Cell Type"
58.029,0.0074232,-0.0066571,1.907,6494,-0.00046989,0.00046374,0.0012358,1.21,0.64067,1.9629e-05,1
