"p","U:0","U:1","U:2","Ksl","Us:0","Us:1","Us:2","rho","voidfraction","Volume","Cell Type"
173.73,0.10174,0.48027,2.6645,1886.4,0.018361,0.0037714,0.022068,1.21,0.83382,1.9629e-05,1
