"p","U:0","U:1","U:2","Ksl","Us:0","Us:1","Us:2","rho","voidfraction","Volume","Cell Type"
245.31,0.0048863,0.0011506,4.0318,22.536,-0.0037412,0.0008456,0.010644,1.21,0.99713,1.9629e-05,1
