"p","U:0","U:1","U:2","Ksl","Us:0","Us:1","Us:2","rho","voidfraction","Volume","Cell Type"
67.735,0.0008956,-0.0084121,2.0725,6785.3,-0.0015287,-0.00021078,0.00027411,1.21,0.64098,1.9629e-05,1
