"p","U:0","U:1","U:2","Ksl","Us:0","Us:1","Us:2","rho","voidfraction","Volume","Cell Type"
270.84,0.0017356,0.00042994,4.2456,10.934,-0.00022358,-0.0013827,0.001632,1.21,0.99859,1.9629e-05,1
