"p","U:0","U:1","U:2","Ksl","Us:0","Us:1","Us:2","rho","voidfraction","Volume","Cell Type"
35.072,0.0017973,-0.0088204,1.4269,6354.2,-0.00042342,0.00069846,0.0098464,1.21,0.63531,1.9629e-05,1
