"p","U:0","U:1","U:2","Ksl","Us:0","Us:1","Us:2","rho","voidfraction","Volume","Cell Type"
71.469,-0.0029084,-0.009251,2.1841,6930.6,-0.00082488,-0.00030534,0.00068569,1.21,0.64119,1.9629e-05,1
