"p","U:0","U:1","U:2","Ksl","Us:0","Us:1","Us:2","rho","voidfraction","Volume","Cell Type"
68.272,-0.0021839,-0.0057853,2.0668,6717.5,0.00018817,-0.00024929,-0.00013935,1.21,0.64255,1.9629e-05,1
