"p","U:0","U:1","U:2","Ksl","Us:0","Us:1","Us:2","rho","voidfraction","Volume","Cell Type"
247.46,0.0018686,-0.064869,3.7942,318.63,0.0040481,-0.044463,0.014592,1.21,0.96487,1.9629e-05,1
