"p","U:0","U:1","U:2","Ksl","Us:0","Us:1","Us:2","rho","voidfraction","Volume","Cell Type"
34.216,0.0014501,-0.0010291,1.0895,6266.9,0.00015867,0.00011427,0.0012634,1.21,0.62899,1.9629e-05,1
