"p","U:0","U:1","U:2","Ksl","Us:0","Us:1","Us:2","rho","voidfraction","Volume","Cell Type"
38.669,0.0078519,0.0064405,1.2926,6019.2,2.5987e-06,-2.0416e-05,0.00045157,1.21,0.62953,1.9629e-05,1
