"p","U:0","U:1","U:2","Ksl","Us:0","Us:1","Us:2","rho","voidfraction","Volume","Cell Type"
233.98,0.00062943,0.0010469,3.9252,52.435,-0.0026677,0.003064,0.029389,1.21,0.99326,1.9629e-05,1
