"p","U:0","U:1","U:2","Ksl","Us:0","Us:1","Us:2","rho","voidfraction","Volume","Cell Type"
34.192,0.00083204,0.00052105,1.0906,6266.6,-0.0002857,0.00013649,0.00095911,1.21,0.62884,1.9629e-05,1
