"p","U:0","U:1","U:2","Ksl","Us:0","Us:1","Us:2","rho","voidfraction","Volume","Cell Type"
278.47,0.00017641,0.000659,4.2887,9.8503,1.3511e-05,0.0016822,0.0033121,1.21,0.99874,1.9629e-05,1
