"p","U:0","U:1","U:2","Ksl","Us:0","Us:1","Us:2","rho","voidfraction","Volume","Cell Type"
27.157,-0.0035168,-0.00044007,0.91197,7293.8,-0.00020739,7.2328e-05,-0.0028333,1.21,0.6301,1.9629e-05,1
