"p","U:0","U:1","U:2","Ksl","Us:0","Us:1","Us:2","rho","voidfraction","Volume","Cell Type"
36.006,0.0035092,0.0058967,1.1375,6137.9,1.4883e-05,0.00012077,0.001197,1.21,0.62895,1.9629e-05,1
