"p","U:0","U:1","U:2","Ksl","Us:0","Us:1","Us:2","rho","voidfraction","Volume","Cell Type"
93.398,0.080466,0.054777,2.3319,2849.8,-0.018052,-0.013504,0.017452,1.21,0.77629,1.9629e-05,1
