"p","U:0","U:1","U:2","Ksl","Us:0","Us:1","Us:2","rho","voidfraction","Volume","Cell Type"
69.882,-0.0032558,-0.0085839,2.1305,6860.9,-0.001326,0.00043657,9.5245e-05,1.21,0.64062,1.9629e-05,1
