"p","U:0","U:1","U:2","Ksl","Us:0","Us:1","Us:2","rho","voidfraction","Volume","Cell Type"
55.429,0.0081511,0.0072003,1.6183,6203.3,-0.0010903,0.00029924,0.011072,1.21,0.63723,1.9629e-05,1
