"p","U:0","U:1","U:2","Ksl","Us:0","Us:1","Us:2","rho","voidfraction","Volume","Cell Type"
72.478,-0.0032143,-0.0085686,2.1861,6909.8,-0.00021236,-0.00091085,0.0003038,1.21,0.64086,1.9629e-05,1
