"p","U:0","U:1","U:2","Ksl","Us:0","Us:1","Us:2","rho","voidfraction","Volume","Cell Type"
45.871,0.0011055,-0.0011557,1.6467,6262.2,-0.00021932,3.0386e-05,0.020518,1.21,0.63773,1.9629e-05,1
