"p","U:0","U:1","U:2","Ksl","Us:0","Us:1","Us:2","rho","voidfraction","Volume","Cell Type"
260.51,0.00072752,-0.0021411,4.1598,12.635,-0.00059732,0.00088561,0.0037538,1.21,0.99838,1.9629e-05,1
