"p","U:0","U:1","U:2","Ksl","Us:0","Us:1","Us:2","rho","voidfraction","Volume","Cell Type"
76.406,-0.0038243,-0.0012536,2.1971,6456.1,2.1367e-05,-5.5071e-05,0.0011763,1.21,0.65528,1.9629e-05,1
