"p","U:0","U:1","U:2","Ksl","Us:0","Us:1","Us:2","rho","voidfraction","Volume","Cell Type"
232.17,0.00067932,0.0065133,3.7796,250.58,-0.012341,0.030492,0.039364,1.21,0.97226,1.9629e-05,1
