"p","U:0","U:1","U:2","Ksl","Us:0","Us:1","Us:2","rho","voidfraction","Volume","Cell Type"
42.258,0.0054904,0.0058718,1.1887,6035,0.00037649,-3.6312e-05,0.0013579,1.21,0.62911,1.9629e-05,1
