"p","U:0","U:1","U:2","Ksl","Us:0","Us:1","Us:2","rho","voidfraction","Volume","Cell Type"
28.088,-0.0016643,-0.0010886,0.91976,7404.8,2.8002e-05,-6.0343e-06,-0.00065794,1.21,0.62973,1.9629e-05,1
