"p","U:0","U:1","U:2","Ksl","Us:0","Us:1","Us:2","rho","voidfraction","Volume","Cell Type"
244.26,0.056836,-0.014817,3.616,488.65,0.011215,0.021525,0.025132,1.21,0.94872,1.9629e-05,1
