"p","U:0","U:1","U:2","Ksl","Us:0","Us:1","Us:2","rho","voidfraction","Volume","Cell Type"
50.749,0.006232,0.010927,1.6073,6093.5,0.0011701,0.00028881,0.023798,1.21,0.63713,1.9629e-05,1
