"p","U:0","U:1","U:2","Ksl","Us:0","Us:1","Us:2","rho","voidfraction","Volume","Cell Type"
251.21,0.052891,-0.22337,3.7759,464.76,0.0050713,-0.022523,-0.0036013,1.21,0.95289,1.9629e-05,1
