"p","U:0","U:1","U:2","Ksl","Us:0","Us:1","Us:2","rho","voidfraction","Volume","Cell Type"
83.634,-0.0059664,0.015977,2.3376,6368.9,0.00034477,0.0010946,0.0025754,1.21,0.66312,1.9629e-05,1
