"p","U:0","U:1","U:2","Ksl","Us:0","Us:1","Us:2","rho","voidfraction","Volume","Cell Type"
260.91,0.0016208,-0.0008824,4.16,12.219,-0.0010048,0.00096004,0.0042913,1.21,0.99841,1.9629e-05,1
