"p","U:0","U:1","U:2","Ksl","Us:0","Us:1","Us:2","rho","voidfraction","Volume","Cell Type"
20.925,-0.0041074,-0.0043144,0.54867,8155.6,-2.0582e-05,2.9424e-05,-0.0017852,1.21,0.63372,1.9629e-05,1
