"p","U:0","U:1","U:2","Ksl","Us:0","Us:1","Us:2","rho","voidfraction","Volume","Cell Type"
16.668,-0.0045677,-0.0041551,0.5361,7605.6,-5.8088e-05,0.00015885,0.0041058,1.21,0.63373,1.9629e-05,1
