"p","U:0","U:1","U:2","Ksl","Us:0","Us:1","Us:2","rho","voidfraction","Volume","Cell Type"
37.354,0.0065064,0.0043961,1.1854,6046.6,0.00016154,-0.00013266,0.00095895,1.21,0.6287,1.9629e-05,1
