"p","U:0","U:1","U:2","Ksl","Us:0","Us:1","Us:2","rho","voidfraction","Volume","Cell Type"
53.139,0.0042706,0.0075209,1.5291,6121.3,0.00059364,0.00040563,0.01773,1.21,0.63552,1.9629e-05,1
