"p","U:0","U:1","U:2","Ksl","Us:0","Us:1","Us:2","rho","voidfraction","Volume","Cell Type"
77.903,0.0039612,-0.0023843,2.1973,6571.9,-0.001242,0.00073015,0.0013616,1.21,0.65292,1.9629e-05,1
