"p","U:0","U:1","U:2","Ksl","Us:0","Us:1","Us:2","rho","voidfraction","Volume","Cell Type"
46.216,-0.010849,-0.0044767,1.5394,6150.6,-0.00057712,0.00055604,-0.021411,1.21,0.6364,1.9629e-05,1
