"p","U:0","U:1","U:2","Ksl","Us:0","Us:1","Us:2","rho","voidfraction","Volume","Cell Type"
53.905,0.0052237,0.0041305,1.5185,6205.9,0.00072053,0.0012235,0.0096608,1.21,0.63403,1.9629e-05,1
