"p","U:0","U:1","U:2","Ksl","Us:0","Us:1","Us:2","rho","voidfraction","Volume","Cell Type"
38.369,0.0022701,0.0016341,1.2422,6017.3,-7.0331e-05,-8.1318e-06,0.00090832,1.21,0.6293,1.9629e-05,1
