"p","U:0","U:1","U:2","Ksl","Us:0","Us:1","Us:2","rho","voidfraction","Volume","Cell Type"
24.632,-0.0028318,-0.0040936,0.55857,8622.2,5.3346e-05,-5.1459e-05,0.0015933,1.21,0.63354,1.9629e-05,1
