"p","U:0","U:1","U:2","Ksl","Us:0","Us:1","Us:2","rho","voidfraction","Volume","Cell Type"
65.792,0.0040355,-0.0089058,2.0082,6624.9,-0.00096897,-0.00021822,0.00070588,1.21,0.6428,1.9629e-05,1
