"p","U:0","U:1","U:2","Ksl","Us:0","Us:1","Us:2","rho","voidfraction","Volume","Cell Type"
44.075,0.0018386,0.0062004,1.2917,6003.5,2.571e-05,-0.00012932,-0.00019449,1.21,0.62955,1.9629e-05,1
