"p","U:0","U:1","U:2","Ksl","Us:0","Us:1","Us:2","rho","voidfraction","Volume","Cell Type"
219.76,-0.036693,-0.020115,3.5325,824.51,0.0073307,-0.086917,0.046862,1.21,0.91956,1.9629e-05,1
