"p","U:0","U:1","U:2","Ksl","Us:0","Us:1","Us:2","rho","voidfraction","Volume","Cell Type"
260.2,0.0010564,0.029815,3.8214,611.38,0.007676,0.094814,0.043585,1.21,0.93879,1.9629e-05,1
