"p","U:0","U:1","U:2","Ksl","Us:0","Us:1","Us:2","rho","voidfraction","Volume","Cell Type"
69.523,-0.0045276,-0.0084571,2.1308,6853.7,-0.00085153,4.5031e-05,0.00037185,1.21,0.64059,1.9629e-05,1
