"p","U:0","U:1","U:2","Ksl","Us:0","Us:1","Us:2","rho","voidfraction","Volume","Cell Type"
269.83,0.17911,0.40384,3.9196,874.76,0.0003008,0.018017,0.046977,1.21,0.92558,1.9629e-05,1
