"p","U:0","U:1","U:2","Ksl","Us:0","Us:1","Us:2","rho","voidfraction","Volume","Cell Type"
21.513,-0.0022905,-0.0012382,0.79561,6902.2,-9.8558e-05,-9.9679e-05,0.0086342,1.21,0.63168,1.9629e-05,1
