"p","U:0","U:1","U:2","Ksl","Us:0","Us:1","Us:2","rho","voidfraction","Volume","Cell Type"
61.236,0.013915,-0.0030803,1.7725,6264.9,-0.0001754,0.00043568,0.0083194,1.21,0.63935,1.9629e-05,1
