"p","U:0","U:1","U:2","Ksl","Us:0","Us:1","Us:2","rho","voidfraction","Volume","Cell Type"
57.991,0.00060998,-0.00073506,1.6349,6301.5,0.00020336,-0.00068657,0.010637,1.21,0.63703,1.9629e-05,1
