"p","U:0","U:1","U:2","Ksl","Us:0","Us:1","Us:2","rho","voidfraction","Volume","Cell Type"
244.5,0.0029473,-0.0023422,4.0315,25.076,-0.00096371,-0.0020512,0.013233,1.21,0.99685,1.9629e-05,1
