"p","U:0","U:1","U:2","Ksl","Us:0","Us:1","Us:2","rho","voidfraction","Volume","Cell Type"
26.333,0.0010421,-0.0011146,0.81783,7481.9,-1.0753e-05,5.4929e-05,-0.019538,1.21,0.63195,1.9629e-05,1
