"p","U:0","U:1","U:2","Ksl","Us:0","Us:1","Us:2","rho","voidfraction","Volume","Cell Type"
249.55,0.001999,-0.00027455,4.0742,19.45,0.0010203,0.00088784,0.0047044,1.21,0.99754,1.9629e-05,1
