"p","U:0","U:1","U:2","Ksl","Us:0","Us:1","Us:2","rho","voidfraction","Volume","Cell Type"
249.36,-0.017245,0.065251,3.7045,505.98,0.0071361,0.029047,0.045504,1.21,0.94516,1.9629e-05,1
