"p","U:0","U:1","U:2","Ksl","Us:0","Us:1","Us:2","rho","voidfraction","Volume","Cell Type"
57.803,0.016567,-0.0073716,1.8613,6440.6,-0.00080963,0.0014505,0.001496,1.21,0.63958,1.9629e-05,1
