"p","U:0","U:1","U:2","Ksl","Us:0","Us:1","Us:2","rho","voidfraction","Volume","Cell Type"
93.654,0.36498,0.33563,2.2772,2045.3,0.0059114,-0.037158,0.010425,1.21,0.82222,1.9629e-05,1
