"p","U:0","U:1","U:2","Ksl","Us:0","Us:1","Us:2","rho","voidfraction","Volume","Cell Type"
241.31,0.0023004,6.9264e-05,3.9892,29.746,-0.0033601,0.00048842,0.019356,1.21,0.99622,1.9629e-05,1
