"p","U:0","U:1","U:2","Ksl","Us:0","Us:1","Us:2","rho","voidfraction","Volume","Cell Type"
250.91,0.00082143,-0.0019551,4.074,17.69,-0.0010625,-0.0017132,0.0037237,1.21,0.99779,1.9629e-05,1
