"p","U:0","U:1","U:2","Ksl","Us:0","Us:1","Us:2","rho","voidfraction","Volume","Cell Type"
247.14,0.001189,-0.025565,3.7852,286.48,0.0073344,-0.042249,0.036939,1.21,0.96782,1.9629e-05,1
