"p","U:0","U:1","U:2","Ksl","Us:0","Us:1","Us:2","rho","voidfraction","Volume","Cell Type"
30.455,-0.0020189,-0.0032883,0.7911,7951.8,1.8115e-06,7.4144e-05,-0.0069055,1.21,0.63198,1.9629e-05,1
