"p","U:0","U:1","U:2","Ksl","Us:0","Us:1","Us:2","rho","voidfraction","Volume","Cell Type"
51.11,0.0013921,0.006878,1.5205,6176.3,0.0015062,-0.0003836,0.027745,1.21,0.63353,1.9629e-05,1
