"p","U:0","U:1","U:2","Ksl","Us:0","Us:1","Us:2","rho","voidfraction","Volume","Cell Type"
68.033,-0.00024887,-0.0095677,2.0726,6790.1,-0.00026821,-0.001172,0.00016933,1.21,0.64081,1.9629e-05,1
