"p","U:0","U:1","U:2","Ksl","Us:0","Us:1","Us:2","rho","voidfraction","Volume","Cell Type"
145.83,0.055648,0.68292,2.724,1869.5,0.012778,0.016726,-0.0023143,1.21,0.84405,1.9629e-05,1
