"p","U:0","U:1","U:2","Ksl","Us:0","Us:1","Us:2","rho","voidfraction","Volume","Cell Type"
20.33,-0.00082309,-0.0010658,0.69083,7336.4,7.5088e-05,-0.00011274,-0.019434,1.21,0.63223,1.9629e-05,1
