"p","U:0","U:1","U:2","Ksl","Us:0","Us:1","Us:2","rho","voidfraction","Volume","Cell Type"
50.601,-0.00084611,-0.0055762,1.7053,6212.7,0.00043676,0.00040686,0.026159,1.21,0.6369,1.9629e-05,1
