"p","U:0","U:1","U:2","Ksl","Us:0","Us:1","Us:2","rho","voidfraction","Volume","Cell Type"
262.65,0.00076474,-0.0005987,4.1598,13.608,-0.00013384,-0.00021179,0.0072154,1.21,0.99828,1.9629e-05,1
