"p","U:0","U:1","U:2","Ksl","Us:0","Us:1","Us:2","rho","voidfraction","Volume","Cell Type"
203.75,-0.10746,0.094259,3.4187,864.19,0.026527,0.061722,0.043373,1.21,0.91557,1.9629e-05,1
