"p","U:0","U:1","U:2","Ksl","Us:0","Us:1","Us:2","rho","voidfraction","Volume","Cell Type"
195.78,0.038849,0.036948,3.3346,1043.8,-0.050255,-0.053084,0.050537,1.21,0.90286,1.9629e-05,1
