"p","U:0","U:1","U:2","Ksl","Us:0","Us:1","Us:2","rho","voidfraction","Volume","Cell Type"
238.51,-0.0019392,0.014442,3.8069,186.35,-0.0022989,-0.0033254,0.022519,1.21,0.97917,1.9629e-05,1
