"p","U:0","U:1","U:2","Ksl","Us:0","Us:1","Us:2","rho","voidfraction","Volume","Cell Type"
266.07,-0.0082158,0.010647,3.9168,492.27,-0.0042085,0.047031,0.056013,1.21,0.94813,1.9629e-05,1
