"p","U:0","U:1","U:2","Ksl","Us:0","Us:1","Us:2","rho","voidfraction","Volume","Cell Type"
57.135,0.014264,-0.0083554,1.8074,6360.4,-0.00049303,0.00086524,0.0029283,1.21,0.63929,1.9629e-05,1
