"p","U:0","U:1","U:2","Ksl","Us:0","Us:1","Us:2","rho","voidfraction","Volume","Cell Type"
20.623,0.00044789,0.0002399,0.74647,7011,3.5665e-05,-6.5777e-05,-0.0065549,1.21,0.63197,1.9629e-05,1
