"p","U:0","U:1","U:2","Ksl","Us:0","Us:1","Us:2","rho","voidfraction","Volume","Cell Type"
118.29,0.086617,-0.36842,2.6235,2218.3,0.024318,-0.031053,0.0057926,1.21,0.82657,1.9629e-05,1
