"p","U:0","U:1","U:2","Ksl","Us:0","Us:1","Us:2","rho","voidfraction","Volume","Cell Type"
240.74,0.002289,-0.00031356,3.9891,30.373,-0.0020254,-0.00028218,0.020181,1.21,0.99609,1.9629e-05,1
