"p","U:0","U:1","U:2","Ksl","Us:0","Us:1","Us:2","rho","voidfraction","Volume","Cell Type"
229.66,0.013417,0.0087369,3.6403,598.89,0.0045308,0.042578,0.0591,1.21,0.93725,1.9629e-05,1
