"p","U:0","U:1","U:2","Ksl","Us:0","Us:1","Us:2","rho","voidfraction","Volume","Cell Type"
66.01,0.0060178,-0.0076766,2.0111,6592.3,-0.00029951,-0.00014532,0.00050173,1.21,0.64224,1.9629e-05,1
