"p","U:0","U:1","U:2","Ksl","Us:0","Us:1","Us:2","rho","voidfraction","Volume","Cell Type"
34.3,-0.00013285,-0.0040155,1.379,6200.4,0.00064635,0.00034473,0.014804,1.21,0.6328,1.9629e-05,1
