"p","U:0","U:1","U:2","Ksl","Us:0","Us:1","Us:2","rho","voidfraction","Volume","Cell Type"
251.54,0.00090376,-0.0014196,4.0743,17.429,0.00053363,-0.00080774,0.0030419,1.21,0.99778,1.9629e-05,1
