"p","U:0","U:1","U:2","Ksl","Us:0","Us:1","Us:2","rho","voidfraction","Volume","Cell Type"
78.409,-0.0027976,0.0014002,2.2572,6649.4,-8.2516e-05,0.0003955,0.0024624,1.21,0.65224,1.9629e-05,1
