"p","U:0","U:1","U:2","Ksl","Us:0","Us:1","Us:2","rho","voidfraction","Volume","Cell Type"
52.413,0.0055953,0.0041194,1.4922,6176.2,0.00018943,0.00048888,0.013046,1.21,0.63357,1.9629e-05,1
