"p","U:0","U:1","U:2","Ksl","Us:0","Us:1","Us:2","rho","voidfraction","Volume","Cell Type"
257.38,0.0016275,-0.00073631,4.1169,17.83,-0.0011248,-0.00060273,0.0054411,1.21,0.99781,1.9629e-05,1
