"p","U:0","U:1","U:2","Ksl","Us:0","Us:1","Us:2","rho","voidfraction","Volume","Cell Type"
259.15,0.016609,-0.062444,3.7484,477.02,-0.0019388,0.037158,0.052452,1.21,0.94864,1.9629e-05,1
