"p","U:0","U:1","U:2","Ksl","Us:0","Us:1","Us:2","rho","voidfraction","Volume","Cell Type"
22.124,-0.00049466,-0.00025012,0.79733,6966.2,-7.5676e-05,-8.3909e-05,-0.0019576,1.21,0.63168,1.9629e-05,1
