"p","U:0","U:1","U:2","Ksl","Us:0","Us:1","Us:2","rho","voidfraction","Volume","Cell Type"
103.51,0.045647,-0.025769,2.3705,3814.5,0.0021339,-0.010301,0.048953,1.21,0.72976,1.9629e-05,1
