"p","U:0","U:1","U:2","Ksl","Us:0","Us:1","Us:2","rho","voidfraction","Volume","Cell Type"
66.165,0.0037829,-0.0096854,2.0098,6590.6,0.00098639,-0.0012346,0.00079337,1.21,0.64243,1.9629e-05,1
