"p","U:0","U:1","U:2","Ksl","Us:0","Us:1","Us:2","rho","voidfraction","Volume","Cell Type"
162.75,0.089925,0.41049,3.0583,1337.5,-0.011399,0.032306,-0.0041334,1.21,0.88311,1.9629e-05,1
