"p","U:0","U:1","U:2","Ksl","Us:0","Us:1","Us:2","rho","voidfraction","Volume","Cell Type"
34.463,0.0021379,-0.00061604,1.0902,6260.4,0.00030696,0.00031587,0.0013058,1.21,0.62911,1.9629e-05,1
