"p","U:0","U:1","U:2","Ksl","Us:0","Us:1","Us:2","rho","voidfraction","Volume","Cell Type"
51.265,0.0025314,0.0040326,1.4428,6200.1,0.00028935,0.0002569,-0.0084189,1.21,0.63324,1.9629e-05,1
