"p","U:0","U:1","U:2","Ksl","Us:0","Us:1","Us:2","rho","voidfraction","Volume","Cell Type"
21.353,-0.0033053,-0.0020643,0.79837,6894.3,-0.00010687,-0.00010261,0.015538,1.21,0.63175,1.9629e-05,1
