"p","U:0","U:1","U:2","Ksl","Us:0","Us:1","Us:2","rho","voidfraction","Volume","Cell Type"
255.55,0.00048692,-8.232e-05,4.1168,15.47,-0.00024699,-0.00050468,0.0055556,1.21,0.99803,1.9629e-05,1
