"p","U:0","U:1","U:2","Ksl","Us:0","Us:1","Us:2","rho","voidfraction","Volume","Cell Type"
41.273,0.0036965,0.0060685,1.1872,6053.1,-8.0544e-05,0.00026161,0.0015907,1.21,0.6289,1.9629e-05,1
