"p","U:0","U:1","U:2","Ksl","Us:0","Us:1","Us:2","rho","voidfraction","Volume","Cell Type"
34.067,0.00096686,0.0012777,1.0907,6279.1,0.00014373,0.00012519,0.0015884,1.21,0.62907,1.9629e-05,1
