"p","U:0","U:1","U:2","Ksl","Us:0","Us:1","Us:2","rho","voidfraction","Volume","Cell Type"
55.736,0.0087039,-0.010651,1.8076,6394.4,-0.000438,0.00025362,-0.001049,1.21,0.63974,1.9629e-05,1
