"p","U:0","U:1","U:2","Ksl","Us:0","Us:1","Us:2","rho","voidfraction","Volume","Cell Type"
87.47,0.014508,-0.0037181,2.3185,6020.5,0.0011502,-0.00061402,0.002009,1.21,0.67108,1.9629e-05,1
