"p","U:0","U:1","U:2","Ksl","Us:0","Us:1","Us:2","rho","voidfraction","Volume","Cell Type"
97.203,0.052296,0.26748,2.3143,2019.9,-0.053852,-0.099839,0.0094671,1.21,0.82768,1.9629e-05,1
