"p","U:0","U:1","U:2","Ksl","Us:0","Us:1","Us:2","rho","voidfraction","Volume","Cell Type"
21.261,-0.0039892,-0.0044095,0.55125,8176.1,1.4941e-05,-5.3943e-05,-0.00053388,1.21,0.63373,1.9629e-05,1
