"p","U:0","U:1","U:2","Ksl","Us:0","Us:1","Us:2","rho","voidfraction","Volume","Cell Type"
2.9548,-0.0011344,-0.0013654,0.071039,8415.1,9.6028e-11,1.0519e-10,1.9026e-11,1.21,0.63374,1.9629e-05,1
