"p","U:0","U:1","U:2","Ksl","Us:0","Us:1","Us:2","rho","voidfraction","Volume","Cell Type"
234.06,0.0029838,0.00029226,3.9471,37.355,-0.0025019,0.00020115,0.014736,1.21,0.9952,1.9629e-05,1
