"p","U:0","U:1","U:2","Ksl","Us:0","Us:1","Us:2","rho","voidfraction","Volume","Cell Type"
260.66,0.0018185,-0.00096936,4.1597,13.047,-7.7019e-05,0.00033248,0.0032019,1.21,0.99834,1.9629e-05,1
