"p","U:0","U:1","U:2","Ksl","Us:0","Us:1","Us:2","rho","voidfraction","Volume","Cell Type"
69.6,0.004359,-0.0099734,2.0635,6691.8,0.00047691,0.00010117,0.0015266,1.21,0.64278,1.9629e-05,1
