"p","U:0","U:1","U:2","Ksl","Us:0","Us:1","Us:2","rho","voidfraction","Volume","Cell Type"
48.088,0.012605,0.0042379,1.6551,6211.6,0.00041227,-0.00040915,0.022747,1.21,0.63577,1.9629e-05,1
