"p","U:0","U:1","U:2","Ksl","Us:0","Us:1","Us:2","rho","voidfraction","Volume","Cell Type"
94.068,-0.0093923,0.034024,2.3601,3136.4,-0.020497,0.00097468,0.019892,1.21,0.76505,1.9629e-05,1
