"p","U:0","U:1","U:2","Ksl","Us:0","Us:1","Us:2","rho","voidfraction","Volume","Cell Type"
25.845,-0.0013847,-0.00043877,0.76603,7587.8,-0.00012448,3.0851e-05,-0.020251,1.21,0.63209,1.9629e-05,1
