"p","U:0","U:1","U:2","Ksl","Us:0","Us:1","Us:2","rho","voidfraction","Volume","Cell Type"
250.7,0.0037058,-0.00066212,4.0742,20.662,0.001205,0.00065969,0.0079885,1.21,0.99734,1.9629e-05,1
