"p","U:0","U:1","U:2","Ksl","Us:0","Us:1","Us:2","rho","voidfraction","Volume","Cell Type"
266.69,0.0018631,-0.00081891,4.2028,11.494,-0.0011881,-0.00045312,0.00014512,1.21,0.99857,1.9629e-05,1
