"p","U:0","U:1","U:2","Ksl","Us:0","Us:1","Us:2","rho","voidfraction","Volume","Cell Type"
147.43,0.014346,0.023969,2.8218,2539.5,-0.0097714,0.22296,0.064548,1.21,0.80844,1.9629e-05,1
