"p","U:0","U:1","U:2","Ksl","Us:0","Us:1","Us:2","rho","voidfraction","Volume","Cell Type"
51.348,0.0064025,0.0035158,1.6093,6132.1,-0.00022413,0.00025923,0.021729,1.21,0.63729,1.9629e-05,1
