"p","U:0","U:1","U:2","Ksl","Us:0","Us:1","Us:2","rho","voidfraction","Volume","Cell Type"
49.826,0.0074728,0.0018535,1.4277,6171.9,0.00063987,0.00078683,-0.017017,1.21,0.63286,1.9629e-05,1
