"p","U:0","U:1","U:2","Ksl","Us:0","Us:1","Us:2","rho","voidfraction","Volume","Cell Type"
237.41,0.015284,0.036451,3.7756,232.46,0.0047259,0.0062269,0.017039,1.21,0.9738,1.9629e-05,1
