"p","U:0","U:1","U:2","Ksl","Us:0","Us:1","Us:2","rho","voidfraction","Volume","Cell Type"
56.019,0.016487,-0.0089051,1.8072,6358.2,-0.00029025,0.000645,0.0023177,1.21,0.63964,1.9629e-05,1
