"p","U:0","U:1","U:2","Ksl","Us:0","Us:1","Us:2","rho","voidfraction","Volume","Cell Type"
67.847,-0.0054267,-0.0029274,2.0632,6665.3,-0.00022472,-0.0010957,0.00059827,1.21,0.64367,1.9629e-05,1
