"p","U:0","U:1","U:2","Ksl","Us:0","Us:1","Us:2","rho","voidfraction","Volume","Cell Type"
80.945,-0.0022173,0.0034562,2.2083,6639.7,-0.0011812,0.0010084,0.00040005,1.21,0.65076,1.9629e-05,1
