"p","U:0","U:1","U:2","Ksl","Us:0","Us:1","Us:2","rho","voidfraction","Volume","Cell Type"
83.598,-0.0019393,0.011621,2.341,6473.6,-0.00085443,0.00062505,0.0029038,1.21,0.66059,1.9629e-05,1
