"p","U:0","U:1","U:2","Ksl","Us:0","Us:1","Us:2","rho","voidfraction","Volume","Cell Type"
37.149,0.0020412,0.0039008,1.1885,6041.6,2.3899e-05,-7.4134e-05,0.001291,1.21,0.62925,1.9629e-05,1
