"p","U:0","U:1","U:2","Ksl","Us:0","Us:1","Us:2","rho","voidfraction","Volume","Cell Type"
261.46,0.00093279,-0.0013309,4.1598,12.98,-0.00045095,-0.001495,0.0087037,1.21,0.99839,1.9629e-05,1
