"p","U:0","U:1","U:2","Ksl","Us:0","Us:1","Us:2","rho","voidfraction","Volume","Cell Type"
41.595,-0.0072803,-0.0097145,1.4829,6124.9,0.00059358,-0.00016081,-0.02286,1.21,0.6362,1.9629e-05,1
