"p","U:0","U:1","U:2","Ksl","Us:0","Us:1","Us:2","rho","voidfraction","Volume","Cell Type"
34.639,6.7497e-05,0.0009942,1.09,6265.3,0.00026613,0.00021125,0.0010642,1.21,0.62915,1.9629e-05,1
