"p","U:0","U:1","U:2","Ksl","Us:0","Us:1","Us:2","rho","voidfraction","Volume","Cell Type"
233.25,-0.073455,0.02475,3.6158,662.04,0.032422,0.099594,0.059131,1.21,0.93032,1.9629e-05,1
