"p","U:0","U:1","U:2","Ksl","Us:0","Us:1","Us:2","rho","voidfraction","Volume","Cell Type"
59.27,-0.00034524,-0.0074813,1.723,6251,0.00018342,0.00066869,0.017328,1.21,0.6386,1.9629e-05,1
