"p","U:0","U:1","U:2","Ksl","Us:0","Us:1","Us:2","rho","voidfraction","Volume","Cell Type"
133.85,0.055715,0.44126,2.6981,1424.4,0.0065718,-0.021927,0.019903,1.21,0.8717,1.9629e-05,1
