"p","U:0","U:1","U:2","Ksl","Us:0","Us:1","Us:2","rho","voidfraction","Volume","Cell Type"
87.189,-0.064332,0.019298,2.3494,5240.8,-0.00646,0.00041194,0.010316,1.21,0.69013,1.9629e-05,1
