"p","U:0","U:1","U:2","Ksl","Us:0","Us:1","Us:2","rho","voidfraction","Volume","Cell Type"
225.25,0.026031,0.019159,3.5716,860.63,0.038473,0.092359,0.063376,1.21,0.91525,1.9629e-05,1
