"p","U:0","U:1","U:2","Ksl","Us:0","Us:1","Us:2","rho","voidfraction","Volume","Cell Type"
82.444,-0.0078359,0.00030542,2.1915,6399.1,0.00076277,-0.00042017,-7.9309e-06,1.21,0.65657,1.9629e-05,1
