"p","U:0","U:1","U:2","Ksl","Us:0","Us:1","Us:2","rho","voidfraction","Volume","Cell Type"
60.415,0.0045693,-0.0071881,1.9077,6519.2,-0.0010014,0.00059483,0.00052833,1.21,0.64022,1.9629e-05,1
