"p","U:0","U:1","U:2","Ksl","Us:0","Us:1","Us:2","rho","voidfraction","Volume","Cell Type"
276.35,0.0020399,-0.00054963,4.2889,8.6335,0.0007153,-0.00094643,-0.0011164,1.21,0.99888,1.9629e-05,1
