"p","U:0","U:1","U:2","Ksl","Us:0","Us:1","Us:2","rho","voidfraction","Volume","Cell Type"
244.02,0.0053398,0.00016587,4.031,21.584,0.00044248,-0.00020755,0.0076606,1.21,0.99724,1.9629e-05,1
