"p","U:0","U:1","U:2","Ksl","Us:0","Us:1","Us:2","rho","voidfraction","Volume","Cell Type"
81.464,0.0021643,0.0034015,2.3043,6703.6,0.00051105,0.00018488,0.0032548,1.21,0.65357,1.9629e-05,1
