"p","U:0","U:1","U:2","Ksl","Us:0","Us:1","Us:2","rho","voidfraction","Volume","Cell Type"
56.48,0.012819,-0.0091713,1.8069,6322.9,-0.00087013,0.0003895,0.0016667,1.21,0.64017,1.9629e-05,1
