"p","U:0","U:1","U:2","Ksl","Us:0","Us:1","Us:2","rho","voidfraction","Volume","Cell Type"
28.239,-0.0014025,-0.00095472,0.92011,7413.4,-6.8371e-06,-4.1895e-07,-0.00013105,1.21,0.62975,1.9629e-05,1
