"p","U:0","U:1","U:2","Ksl","Us:0","Us:1","Us:2","rho","voidfraction","Volume","Cell Type"
251.88,0.0036246,-0.00021751,4.074,21.937,0.00045718,0.00044163,0.010301,1.21,0.99728,1.9629e-05,1
