"p","U:0","U:1","U:2","Ksl","Us:0","Us:1","Us:2","rho","voidfraction","Volume","Cell Type"
145.24,0.19482,0.68174,2.4726,2924.8,0.013354,0.031693,0.0070206,1.21,0.78949,1.9629e-05,1
