"p","U:0","U:1","U:2","Ksl","Us:0","Us:1","Us:2","rho","voidfraction","Volume","Cell Type"
237.6,-0.00095351,0.027888,3.8808,132.95,-0.0030867,0.026405,-0.0012885,1.21,0.9845,1.9629e-05,1
