"p","U:0","U:1","U:2","Ksl","Us:0","Us:1","Us:2","rho","voidfraction","Volume","Cell Type"
157.67,0.0043991,0.28697,3.0097,991.76,0.0081407,-0.063194,0.036526,1.21,0.89932,1.9629e-05,1
