"p","U:0","U:1","U:2","Ksl","Us:0","Us:1","Us:2","rho","voidfraction","Volume","Cell Type"
253.68,0.00079503,0.0082213,3.7136,528.09,-0.02084,-0.014494,0.04707,1.21,0.94384,1.9629e-05,1
