"p","U:0","U:1","U:2","Ksl","Us:0","Us:1","Us:2","rho","voidfraction","Volume","Cell Type"
37.109,0.0040695,0.0055713,1.1861,6046.3,0.00021647,6.0274e-05,0.001302,1.21,0.62882,1.9629e-05,1
