"p","U:0","U:1","U:2","Ksl","Us:0","Us:1","Us:2","rho","voidfraction","Volume","Cell Type"
57.687,0.012652,-0.012586,1.8631,6414.2,-0.00086091,0.00066109,0.0019374,1.21,0.63954,1.9629e-05,1
