"p","U:0","U:1","U:2","Ksl","Us:0","Us:1","Us:2","rho","voidfraction","Volume","Cell Type"
266.49,0.0013584,-0.00097697,4.2028,12.736,0.00083161,-0.00019297,-0.0013376,1.21,0.99836,1.9629e-05,1
