"p","U:0","U:1","U:2","Ksl","Us:0","Us:1","Us:2","rho","voidfraction","Volume","Cell Type"
45.995,0.0042542,0.0063964,1.3436,6005.7,-0.000259,3.294e-05,0.0025289,1.21,0.62956,1.9629e-05,1
