"p","U:0","U:1","U:2","Ksl","Us:0","Us:1","Us:2","rho","voidfraction","Volume","Cell Type"
263.64,8.1105e-05,-0.0024285,4.2026,12.58,0.00060136,-2.7682e-05,0.0020264,1.21,0.99841,1.9629e-05,1
