"p","U:0","U:1","U:2","Ksl","Us:0","Us:1","Us:2","rho","voidfraction","Volume","Cell Type"
46.98,0.004577,0.0027683,1.4073,6167.7,0.00035083,-0.00036007,0.015172,1.21,0.63046,1.9629e-05,1
