"p","U:0","U:1","U:2","Ksl","Us:0","Us:1","Us:2","rho","voidfraction","Volume","Cell Type"
28.191,-0.001463,-0.0011524,0.92017,7404.1,6.2497e-07,2.2127e-06,0.00013201,1.21,0.62976,1.9629e-05,1
