"p","U:0","U:1","U:2","Ksl","Us:0","Us:1","Us:2","rho","voidfraction","Volume","Cell Type"
40.214,-0.01339,-0.020174,1.5355,6380.3,0.0016485,-0.00019282,-0.0037556,1.21,0.6375,1.9629e-05,1
