"p","U:0","U:1","U:2","Ksl","Us:0","Us:1","Us:2","rho","voidfraction","Volume","Cell Type"
45.292,-0.0018729,6.1099e-05,1.3655,6162.5,-0.00029475,-0.0001988,-0.010343,1.21,0.63017,1.9629e-05,1
