"p","U:0","U:1","U:2","Ksl","Us:0","Us:1","Us:2","rho","voidfraction","Volume","Cell Type"
281.23,0.0011379,0.00031763,4.289,9.2796,0.00027235,0.00056052,0.004544,1.21,0.99883,1.9629e-05,1
