"p","U:0","U:1","U:2","Ksl","Us:0","Us:1","Us:2","rho","voidfraction","Volume","Cell Type"
243.72,-0.0075458,-0.042718,3.8127,207.23,-0.0047865,0.00055561,0.022218,1.21,0.97686,1.9629e-05,1
