"p","U:0","U:1","U:2","Ksl","Us:0","Us:1","Us:2","rho","voidfraction","Volume","Cell Type"
242.26,0.0017052,-0.0038183,3.9171,103.74,-0.0022298,0.00018701,0.026622,1.21,0.98792,1.9629e-05,1
