"p","U:0","U:1","U:2","Ksl","Us:0","Us:1","Us:2","rho","voidfraction","Volume","Cell Type"
52.587,0.015989,-0.0095604,1.8607,6412.9,-0.00089015,0.00074287,0.0017054,1.21,0.64005,1.9629e-05,1
