"p","U:0","U:1","U:2","Ksl","Us:0","Us:1","Us:2","rho","voidfraction","Volume","Cell Type"
45.663,0.0097697,0.0056779,1.5497,6101,0.0012962,0.00072558,0.027992,1.21,0.63523,1.9629e-05,1
