"p","U:0","U:1","U:2","Ksl","Us:0","Us:1","Us:2","rho","voidfraction","Volume","Cell Type"
63.262,0.0037065,-0.0069222,1.9574,6531.1,0.00011319,-0.00039246,-8.1984e-05,1.21,0.64179,1.9629e-05,1
