"p","U:0","U:1","U:2","Ksl","Us:0","Us:1","Us:2","rho","voidfraction","Volume","Cell Type"
243.93,0.00022295,0.010028,3.8846,142.67,-0.0010617,-0.0038483,0.028537,1.21,0.98387,1.9629e-05,1
