"p","U:0","U:1","U:2","Ksl","Us:0","Us:1","Us:2","rho","voidfraction","Volume","Cell Type"
55.495,-0.0021127,0.0066887,1.541,6276.8,0.00039705,-0.00019937,-0.0064563,1.21,0.63467,1.9629e-05,1
