"p","U:0","U:1","U:2","Ksl","Us:0","Us:1","Us:2","rho","voidfraction","Volume","Cell Type"
265.66,0.0014095,-0.0011687,4.2028,12.914,0.00033625,-0.00034336,0.0002967,1.21,0.99835,1.9629e-05,1
