"p","U:0","U:1","U:2","Ksl","Us:0","Us:1","Us:2","rho","voidfraction","Volume","Cell Type"
57.206,0.014116,-0.013038,1.8044,6331.2,-0.00080969,0.00084161,0.00192,1.21,0.64049,1.9629e-05,1
