"p","U:0","U:1","U:2","Ksl","Us:0","Us:1","Us:2","rho","voidfraction","Volume","Cell Type"
244.93,-0.0041099,-0.0069934,3.8918,188.11,0.0021089,0.013273,0.040517,1.21,0.9788,1.9629e-05,1
