"p","U:0","U:1","U:2","Ksl","Us:0","Us:1","Us:2","rho","voidfraction","Volume","Cell Type"
62.999,-0.0011498,-0.0038599,1.9616,6625.2,0.00021301,-0.00050818,0.0011752,1.21,0.64026,1.9629e-05,1
