"p","U:0","U:1","U:2","Ksl","Us:0","Us:1","Us:2","rho","voidfraction","Volume","Cell Type"
17.472,-0.0026567,-0.0035432,0.64263,7164.8,5.8254e-05,-0.00015833,0.0094071,1.21,0.63271,1.9629e-05,1
