"p","U:0","U:1","U:2","Ksl","Us:0","Us:1","Us:2","rho","voidfraction","Volume","Cell Type"
48.375,0.0027164,0.0004403,1.7545,6537.1,-0.00021725,0.00078001,0.013216,1.21,0.64012,1.9629e-05,1
