"p","U:0","U:1","U:2","Ksl","Us:0","Us:1","Us:2","rho","voidfraction","Volume","Cell Type"
171.87,0.00030812,-0.25073,3.1684,960.06,0.017866,0.050497,0.018355,1.21,0.9046,1.9629e-05,1
