"p","U:0","U:1","U:2","Ksl","Us:0","Us:1","Us:2","rho","voidfraction","Volume","Cell Type"
240.15,0.0011057,0.0017561,3.6034,624.52,0.020753,0.070315,0.058999,1.21,0.93283,1.9629e-05,1
