"p","U:0","U:1","U:2","Ksl","Us:0","Us:1","Us:2","rho","voidfraction","Volume","Cell Type"
81.083,0.0031316,0.0026387,2.3036,6699.3,0.00034514,-8.462e-05,0.0030084,1.21,0.65343,1.9629e-05,1
