"p","U:0","U:1","U:2","Ksl","Us:0","Us:1","Us:2","rho","voidfraction","Volume","Cell Type"
36.741,0.0043644,0.0059513,1.1362,6151.1,0.00015739,0.00014186,0.0011491,1.21,0.62889,1.9629e-05,1
