"p","U:0","U:1","U:2","Ksl","Us:0","Us:1","Us:2","rho","voidfraction","Volume","Cell Type"
86.678,0.020309,-0.013321,2.2989,6008.1,0.0028266,-0.0023223,0.0011578,1.21,0.67214,1.9629e-05,1
