"p","U:0","U:1","U:2","Ksl","Us:0","Us:1","Us:2","rho","voidfraction","Volume","Cell Type"
256.7,0.0015663,-0.00060034,4.1169,17.126,-0.00059481,0.00048953,0.0064575,1.21,0.99785,1.9629e-05,1
