"p","U:0","U:1","U:2","Ksl","Us:0","Us:1","Us:2","rho","voidfraction","Volume","Cell Type"
81.44,0.0019849,0.0063907,2.297,6523.1,-0.0004383,0.00035899,0.0021612,1.21,0.65733,1.9629e-05,1
