"p","U:0","U:1","U:2","Ksl","Us:0","Us:1","Us:2","rho","voidfraction","Volume","Cell Type"
149.85,0.061058,-0.45491,3.0129,1258.6,-0.0017222,0.023869,0.010041,1.21,0.88646,1.9629e-05,1
