"p","U:0","U:1","U:2","Ksl","Us:0","Us:1","Us:2","rho","voidfraction","Volume","Cell Type"
38.301,0.0010097,0.00053958,1.0901,6265.7,8.0597e-05,0.00030014,0.0012708,1.21,0.62908,1.9629e-05,1
