"p","U:0","U:1","U:2","Ksl","Us:0","Us:1","Us:2","rho","voidfraction","Volume","Cell Type"
142.73,0.076687,0.39648,2.9464,1375.5,-0.0073206,-0.023215,0.011648,1.21,0.87799,1.9629e-05,1
