"p","U:0","U:1","U:2","Ksl","Us:0","Us:1","Us:2","rho","voidfraction","Volume","Cell Type"
47.059,-0.0076499,-0.010791,1.6951,6416.5,0.00028653,0.00078534,0.00050674,1.21,0.64131,1.9629e-05,1
