"p","U:0","U:1","U:2","Ksl","Us:0","Us:1","Us:2","rho","voidfraction","Volume","Cell Type"
75.797,0.0047437,-0.0021196,2.1974,6290.4,8.7806e-05,-0.00025564,-0.00033969,1.21,0.65826,1.9629e-05,1
