"p","U:0","U:1","U:2","Ksl","Us:0","Us:1","Us:2","rho","voidfraction","Volume","Cell Type"
235.97,0.003861,0.0011281,3.9458,50.826,-0.00045708,0.0042466,0.029089,1.21,0.99347,1.9629e-05,1
