"p","U:0","U:1","U:2","Ksl","Us:0","Us:1","Us:2","rho","voidfraction","Volume","Cell Type"
77.093,-0.0033138,0.0024192,2.1813,6387.6,-0.0007758,-0.00051313,0.00048062,1.21,0.6579,1.9629e-05,1
