"p","U:0","U:1","U:2","Ksl","Us:0","Us:1","Us:2","rho","voidfraction","Volume","Cell Type"
235.47,0.0038151,0.0013975,3.9467,32.632,0.00053096,-0.00078064,0.012493,1.21,0.99588,1.9629e-05,1
