"p","U:0","U:1","U:2","Ksl","Us:0","Us:1","Us:2","rho","voidfraction","Volume","Cell Type"
53.764,-0.00010566,0.0018519,1.5236,6245.9,-0.00072017,-3.6695e-05,-0.011461,1.21,0.6348,1.9629e-05,1
