"p","U:0","U:1","U:2","Ksl","Us:0","Us:1","Us:2","rho","voidfraction","Volume","Cell Type"
90.758,-0.0094151,-0.0082328,2.2607,6652.8,-6.1858e-05,0.00013529,0.0030972,1.21,0.65132,1.9629e-05,1
