"p","U:0","U:1","U:2","Ksl","Us:0","Us:1","Us:2","rho","voidfraction","Volume","Cell Type"
38.189,0.0014561,0.0019933,1.0903,6283.7,4.8666e-06,7.5287e-05,0.0014198,1.21,0.62885,1.9629e-05,1
