"p","U:0","U:1","U:2","Ksl","Us:0","Us:1","Us:2","rho","voidfraction","Volume","Cell Type"
84.097,-0.0039311,0.002715,2.3268,5902.4,-0.0024862,0.0019911,0.0020339,1.21,0.67183,1.9629e-05,1
