"p","U:0","U:1","U:2","Ksl","Us:0","Us:1","Us:2","rho","voidfraction","Volume","Cell Type"
84.101,-0.00029792,0.0090213,2.3451,6489.3,-0.00099211,0.00072111,0.0023794,1.21,0.65949,1.9629e-05,1
