"p","U:0","U:1","U:2","Ksl","Us:0","Us:1","Us:2","rho","voidfraction","Volume","Cell Type"
245.56,0.0053138,-0.0011296,4.0315,23.761,-0.00061683,-0.0015697,0.0070739,1.21,0.99696,1.9629e-05,1
