"p","U:0","U:1","U:2","Ksl","Us:0","Us:1","Us:2","rho","voidfraction","Volume","Cell Type"
37.326,0.0071297,0.0056419,1.1842,6042.5,0.00014152,0.00019968,0.0014024,1.21,0.6287,1.9629e-05,1
