"p","U:0","U:1","U:2","Ksl","Us:0","Us:1","Us:2","rho","voidfraction","Volume","Cell Type"
37.949,0.00034163,0.00072532,1.0897,6261.2,0.00027388,7.0749e-05,0.0011139,1.21,0.62913,1.9629e-05,1
