"p","U:0","U:1","U:2","Ksl","Us:0","Us:1","Us:2","rho","voidfraction","Volume","Cell Type"
240.41,-0.24302,0.095319,3.6504,672.48,-0.038223,0.0069844,0.022867,1.21,0.93268,1.9629e-05,1
