"p","U:0","U:1","U:2","Ksl","Us:0","Us:1","Us:2","rho","voidfraction","Volume","Cell Type"
96.813,0.016819,-0.052091,2.3257,3378.4,0.014796,0.011879,0.033151,1.21,0.75296,1.9629e-05,1
