"p","U:0","U:1","U:2","Ksl","Us:0","Us:1","Us:2","rho","voidfraction","Volume","Cell Type"
43.302,-0.016865,-0.011629,1.5901,6345.7,0.00063422,0.00010306,-0.0036647,1.21,0.63843,1.9629e-05,1
