"p","U:0","U:1","U:2","Ksl","Us:0","Us:1","Us:2","rho","voidfraction","Volume","Cell Type"
18.214,-0.0020041,-0.0022394,0.69015,6951.4,-2.4282e-05,-2.7724e-05,0.0042085,1.21,0.63222,1.9629e-05,1
