"p","U:0","U:1","U:2","Ksl","Us:0","Us:1","Us:2","rho","voidfraction","Volume","Cell Type"
39.044,0.0012807,0.0011615,1.089,6295.4,-9.4672e-05,0.00048793,0.0014729,1.21,0.62885,1.9629e-05,1
