"p","U:0","U:1","U:2","Ksl","Us:0","Us:1","Us:2","rho","voidfraction","Volume","Cell Type"
37.192,-0.00060051,-0.0021785,1.3378,6033.7,-3.4596e-05,-0.00015812,-0.016401,1.21,0.6301,1.9629e-05,1
