"p","U:0","U:1","U:2","Ksl","Us:0","Us:1","Us:2","rho","voidfraction","Volume","Cell Type"
53.666,-0.00052261,0.004297,1.5276,6197.5,-0.0001382,0.00034148,-0.013341,1.21,0.63582,1.9629e-05,1
