"p","U:0","U:1","U:2","Ksl","Us:0","Us:1","Us:2","rho","voidfraction","Volume","Cell Type"
259.1,0.0010908,-0.0012139,4.1599,12.919,-0.00023298,-0.0021061,0.0036869,1.21,0.99834,1.9629e-05,1
