"p","U:0","U:1","U:2","Ksl","Us:0","Us:1","Us:2","rho","voidfraction","Volume","Cell Type"
38.876,0.0030191,0.0015822,1.2398,6052.8,0.00012115,-2.987e-05,0.0012956,1.21,0.62914,1.9629e-05,1
