"p","U:0","U:1","U:2","Ksl","Us:0","Us:1","Us:2","rho","voidfraction","Volume","Cell Type"
230.35,0.067472,-0.031505,3.5453,636.67,0.022847,0.034563,0.050849,1.21,0.93298,1.9629e-05,1
