"p","U:0","U:1","U:2","Ksl","Us:0","Us:1","Us:2","rho","voidfraction","Volume","Cell Type"
97.299,-0.031397,0.0024355,2.3025,3700.1,-0.0013933,0.0014617,0.04192,1.21,0.73736,1.9629e-05,1
