"p","U:0","U:1","U:2","Ksl","Us:0","Us:1","Us:2","rho","voidfraction","Volume","Cell Type"
78.249,-0.0023081,-0.0051563,2.2611,6680.6,-0.00067739,-0.00030256,0.0035041,1.21,0.65107,1.9629e-05,1
