"p","U:0","U:1","U:2","Ksl","Us:0","Us:1","Us:2","rho","voidfraction","Volume","Cell Type"
240.91,0.0021519,0.00045096,3.9893,28.569,-0.00089903,0.0023815,0.011324,1.21,0.99631,1.9629e-05,1
