"p","U:0","U:1","U:2","Ksl","Us:0","Us:1","Us:2","rho","voidfraction","Volume","Cell Type"
253.41,0.003243,0.0023804,3.7532,528.69,0.015965,0.066738,0.030163,1.21,0.94497,1.9629e-05,1
