"p","U:0","U:1","U:2","Ksl","Us:0","Us:1","Us:2","rho","voidfraction","Volume","Cell Type"
41.11,-0.0021103,-0.012894,1.4304,6077,0.0005745,-0.00061653,-0.022474,1.21,0.63432,1.9629e-05,1
