"p","U:0","U:1","U:2","Ksl","Us:0","Us:1","Us:2","rho","voidfraction","Volume","Cell Type"
248.3,0.00033004,-0.002276,4.074,17.114,-0.00086446,0.00012672,0.0036726,1.21,0.99781,1.9629e-05,1
