"p","U:0","U:1","U:2","Ksl","Us:0","Us:1","Us:2","rho","voidfraction","Volume","Cell Type"
69.383,-0.00077064,-0.0082356,2.1313,6861.4,-5.9834e-05,-0.0012637,-0.00016397,1.21,0.64052,1.9629e-05,1
