"p","U:0","U:1","U:2","Ksl","Us:0","Us:1","Us:2","rho","voidfraction","Volume","Cell Type"
95.023,0.079298,0.006547,2.3322,3340.9,0.0056537,0.010908,0.026782,1.21,0.75612,1.9629e-05,1
