"p","U:0","U:1","U:2","Ksl","Us:0","Us:1","Us:2","rho","voidfraction","Volume","Cell Type"
77.234,-0.0064905,-0.0064766,2.1957,6468.7,-7.4751e-05,-0.00032446,0.0011226,1.21,0.65532,1.9629e-05,1
