"p","U:0","U:1","U:2","Ksl","Us:0","Us:1","Us:2","rho","voidfraction","Volume","Cell Type"
96.645,0.0030811,-0.10229,2.3702,3354.4,-0.0029805,-0.0051532,0.037127,1.21,0.75158,1.9629e-05,1
