"p","U:0","U:1","U:2","Ksl","Us:0","Us:1","Us:2","rho","voidfraction","Volume","Cell Type"
242.01,0.0037673,-7.5526e-05,3.9886,27.397,0.0010478,-0.00029579,0.013853,1.21,0.99652,1.9629e-05,1
