"p","U:0","U:1","U:2","Ksl","Us:0","Us:1","Us:2","rho","voidfraction","Volume","Cell Type"
30.302,-0.0015921,-0.0026512,0.84149,7798.1,0.00010468,6.0096e-06,-0.0063844,1.21,0.6317,1.9629e-05,1
