"p","U:0","U:1","U:2","Ksl","Us:0","Us:1","Us:2","rho","voidfraction","Volume","Cell Type"
58.03,0.016545,-0.0070984,1.8607,6395.6,-0.00079248,0.0010284,0.0018784,1.21,0.64004,1.9629e-05,1
