"p","U:0","U:1","U:2","Ksl","Us:0","Us:1","Us:2","rho","voidfraction","Volume","Cell Type"
21.614,-0.0010552,-0.0018701,0.79622,6868.7,8.0068e-05,-0.00028593,0.0055882,1.21,0.63166,1.9629e-05,1
