"p","U:0","U:1","U:2","Ksl","Us:0","Us:1","Us:2","rho","voidfraction","Volume","Cell Type"
241.23,0.0042532,0.0018252,3.9892,30.832,0.00091009,0.0037531,0.015724,1.21,0.99603,1.9629e-05,1
