"p","U:0","U:1","U:2","Ksl","Us:0","Us:1","Us:2","rho","voidfraction","Volume","Cell Type"
26.656,-0.0024402,-0.00098187,0.90812,7242.8,-0.00019212,1.2588e-05,-0.0088556,1.21,0.6307,1.9629e-05,1
