"p","U:0","U:1","U:2","Ksl","Us:0","Us:1","Us:2","rho","voidfraction","Volume","Cell Type"
77.895,-0.0070866,-0.00056287,2.1915,6424.3,5.1719e-06,-0.00026287,0.00060199,1.21,0.65595,1.9629e-05,1
