"p","U:0","U:1","U:2","Ksl","Us:0","Us:1","Us:2","rho","voidfraction","Volume","Cell Type"
260.31,0.0014285,-0.0010566,4.1596,13.932,-0.00012635,0.000704,0.0061865,1.21,0.99822,1.9629e-05,1
