"p","U:0","U:1","U:2","Ksl","Us:0","Us:1","Us:2","rho","voidfraction","Volume","Cell Type"
70.001,-0.0047521,-0.0055773,2.1303,6874.2,-0.00040821,-0.0001145,0.00070802,1.21,0.64041,1.9629e-05,1
