"p","U:0","U:1","U:2","Ksl","Us:0","Us:1","Us:2","rho","voidfraction","Volume","Cell Type"
38.634,0.0064667,0.0069856,1.2925,6023.5,-0.00037349,-9.5728e-05,0.0016546,1.21,0.62954,1.9629e-05,1
