"p","U:0","U:1","U:2","Ksl","Us:0","Us:1","Us:2","rho","voidfraction","Volume","Cell Type"
60.093,0.014182,-0.013688,1.9091,6412.8,-0.00034164,-9.4357e-05,0.0010705,1.21,0.64181,1.9629e-05,1
