"p","U:0","U:1","U:2","Ksl","Us:0","Us:1","Us:2","rho","voidfraction","Volume","Cell Type"
262.99,0.0017257,-0.00096171,4.1598,14.511,0.00042107,-0.00017975,0.0069469,1.21,0.99812,1.9629e-05,1
