"p","U:0","U:1","U:2","Ksl","Us:0","Us:1","Us:2","rho","voidfraction","Volume","Cell Type"
44.317,-0.0021048,-0.0026243,1.3553,6128.2,-0.00019021,-0.00018576,-0.0005893,1.21,0.62986,1.9629e-05,1
