"p","U:0","U:1","U:2","Ksl","Us:0","Us:1","Us:2","rho","voidfraction","Volume","Cell Type"
59.053,-0.0056998,-0.006959,1.678,6339.3,0.00054479,-0.00033248,0.0054256,1.21,0.63608,1.9629e-05,1
