"p","U:0","U:1","U:2","Ksl","Us:0","Us:1","Us:2","rho","voidfraction","Volume","Cell Type"
33.911,0.00080147,0.0011411,1.0907,6287.3,0.00016348,0.00034477,0.0013288,1.21,0.62901,1.9629e-05,1
