"p","U:0","U:1","U:2","Ksl","Us:0","Us:1","Us:2","rho","voidfraction","Volume","Cell Type"
51.424,0.0040419,0.0088577,1.5646,6151.6,0.00094724,-3.2007e-05,0.020979,1.21,0.63619,1.9629e-05,1
