"p","U:0","U:1","U:2","Ksl","Us:0","Us:1","Us:2","rho","voidfraction","Volume","Cell Type"
58.946,0.011654,-0.007433,1.9132,6435.6,-0.00094729,0.0010197,0.0014942,1.21,0.64082,1.9629e-05,1
