"p","U:0","U:1","U:2","Ksl","Us:0","Us:1","Us:2","rho","voidfraction","Volume","Cell Type"
266.18,0.0015307,-0.00025664,4.2026,11.548,-0.0004915,0.00039099,0.0016473,1.21,0.99852,1.9629e-05,1
