"p","U:0","U:1","U:2","Ksl","Us:0","Us:1","Us:2","rho","voidfraction","Volume","Cell Type"
21.959,-0.00013872,-0.00051521,0.79592,6953.1,-9.1885e-05,-4.241e-05,0.0012308,1.21,0.63169,1.9629e-05,1
