"p","U:0","U:1","U:2","Ksl","Us:0","Us:1","Us:2","rho","voidfraction","Volume","Cell Type"
238.84,0.023404,0.023299,3.6619,699.54,-0.00047844,-0.027954,0.011545,1.21,0.93364,1.9629e-05,1
