"p","U:0","U:1","U:2","Ksl","Us:0","Us:1","Us:2","rho","voidfraction","Volume","Cell Type"
52.632,0.003986,0.0033407,1.7518,6308.4,-0.00085944,0.0010238,-0.01001,1.21,0.6405,1.9629e-05,1
