"p","U:0","U:1","U:2","Ksl","Us:0","Us:1","Us:2","rho","voidfraction","Volume","Cell Type"
42.831,0.010639,0.0071007,1.3966,5965.3,0.00088805,0.0010799,0.027501,1.21,0.63254,1.9629e-05,1
