"p","U:0","U:1","U:2","Ksl","Us:0","Us:1","Us:2","rho","voidfraction","Volume","Cell Type"
264.61,4.1538e-05,-0.00064926,4.2028,11.485,-0.0004069,0.00045678,0.0034471,1.21,0.99852,1.9629e-05,1
