"p","U:0","U:1","U:2","Ksl","Us:0","Us:1","Us:2","rho","voidfraction","Volume","Cell Type"
55.254,0.012628,-0.0086496,1.8606,6436.5,-0.00068054,0.00077359,0.0019063,1.21,0.63976,1.9629e-05,1
