"p","U:0","U:1","U:2","Ksl","Us:0","Us:1","Us:2","rho","voidfraction","Volume","Cell Type"
55.674,-0.0087847,-0.0027993,1.7121,6155.6,-0.00015773,0.00030153,0.022884,1.21,0.63978,1.9629e-05,1
