"p","U:0","U:1","U:2","Ksl","Us:0","Us:1","Us:2","rho","voidfraction","Volume","Cell Type"
81.171,0.00087599,0.0060883,2.2915,6537.7,-0.00014271,0.00026708,0.0016971,1.21,0.65777,1.9629e-05,1
