"p","U:0","U:1","U:2","Ksl","Us:0","Us:1","Us:2","rho","voidfraction","Volume","Cell Type"
234.68,0.00205,0.003545,3.9062,73.707,-0.003483,0.0052378,0.020196,1.21,0.99096,1.9629e-05,1
