"p","U:0","U:1","U:2","Ksl","Us:0","Us:1","Us:2","rho","voidfraction","Volume","Cell Type"
58.069,-0.0054401,0.013469,1.6217,6234,-0.00076442,0.0010254,-0.0065685,1.21,0.63808,1.9629e-05,1
