"p","U:0","U:1","U:2","Ksl","Us:0","Us:1","Us:2","rho","voidfraction","Volume","Cell Type"
26.394,-0.0037703,-0.0005638,0.90772,7172.5,-4.0212e-05,5.1724e-05,0.0046305,1.21,0.63045,1.9629e-05,1
