"p","U:0","U:1","U:2","Ksl","Us:0","Us:1","Us:2","rho","voidfraction","Volume","Cell Type"
97.224,0.096064,-0.031066,2.3259,3649.4,0.0085174,-0.0043429,0.047885,1.21,0.74004,1.9629e-05,1
