"p","U:0","U:1","U:2","Ksl","Us:0","Us:1","Us:2","rho","voidfraction","Volume","Cell Type"
244.58,-0.0031109,-0.028434,3.8895,161.49,-0.003287,-0.0017673,0.030891,1.21,0.98201,1.9629e-05,1
