"p","U:0","U:1","U:2","Ksl","Us:0","Us:1","Us:2","rho","voidfraction","Volume","Cell Type"
36.989,0.0025669,0.0044832,1.1368,6197.1,-0.000353,0.00015217,0.0019073,1.21,0.62867,1.9629e-05,1
