"p","U:0","U:1","U:2","Ksl","Us:0","Us:1","Us:2","rho","voidfraction","Volume","Cell Type"
241.39,0.0020323,0.00079858,3.9893,29.012,-0.00063288,-7.5601e-05,0.010032,1.21,0.99629,1.9629e-05,1
