"p","U:0","U:1","U:2","Ksl","Us:0","Us:1","Us:2","rho","voidfraction","Volume","Cell Type"
40.477,-0.0014112,0.0051837,1.2926,6051.4,-8.9792e-05,6.0244e-05,-0.00053642,1.21,0.62948,1.9629e-05,1
