"p","U:0","U:1","U:2","Ksl","Us:0","Us:1","Us:2","rho","voidfraction","Volume","Cell Type"
32.402,-0.0027807,0.00016247,1.0407,6399.3,-0.00013071,0.00013094,0.00016011,1.21,0.62944,1.9629e-05,1
