"p","U:0","U:1","U:2","Ksl","Us:0","Us:1","Us:2","rho","voidfraction","Volume","Cell Type"
255.78,0.0013642,-0.00048679,4.1167,15.724,-0.0017012,-0.00018933,0.0046,1.21,0.99801,1.9629e-05,1
