"p","U:0","U:1","U:2","Ksl","Us:0","Us:1","Us:2","rho","voidfraction","Volume","Cell Type"
71.213,-0.0046567,-0.0092167,2.185,6924.1,-0.00032258,0.00012432,0.00085133,1.21,0.64087,1.9629e-05,1
