"p","U:0","U:1","U:2","Ksl","Us:0","Us:1","Us:2","rho","voidfraction","Volume","Cell Type"
48.737,0.007381,0.0067075,1.5048,6047.8,0.0002194,0.0012205,0.024142,1.21,0.63481,1.9629e-05,1
