"p","U:0","U:1","U:2","Ksl","Us:0","Us:1","Us:2","rho","voidfraction","Volume","Cell Type"
251.38,0.0010177,-0.0006351,4.074,17.796,9.4628e-05,8.0383e-05,0.0014321,1.21,0.99773,1.9629e-05,1
