"p","U:0","U:1","U:2","Ksl","Us:0","Us:1","Us:2","rho","voidfraction","Volume","Cell Type"
245.17,0.0047307,-0.0012166,4.0311,21.386,0.00010674,0.00012624,0.0038384,1.21,0.99734,1.9629e-05,1
