"p","U:0","U:1","U:2","Ksl","Us:0","Us:1","Us:2","rho","voidfraction","Volume","Cell Type"
22.837,0.0017625,0.000542,0.80236,7066.9,-1.6819e-05,2.5136e-05,-0.0099548,1.21,0.63175,1.9629e-05,1
