"p","U:0","U:1","U:2","Ksl","Us:0","Us:1","Us:2","rho","voidfraction","Volume","Cell Type"
239.31,-0.0022665,0.016381,3.8779,131.35,-0.0085983,0.031883,0.027799,1.21,0.98465,1.9629e-05,1
