"p","U:0","U:1","U:2","Ksl","Us:0","Us:1","Us:2","rho","voidfraction","Volume","Cell Type"
34.454,-0.0004877,3.8961e-05,1.0903,6270.1,-5.5085e-05,0.00027512,0.0013599,1.21,0.62903,1.9629e-05,1
