"p","U:0","U:1","U:2","Ksl","Us:0","Us:1","Us:2","rho","voidfraction","Volume","Cell Type"
97.477,-0.039985,-0.034103,2.3257,3324.8,-0.023278,0.0048286,0.026189,1.21,0.74979,1.9629e-05,1
