"p","U:0","U:1","U:2","Ksl","Us:0","Us:1","Us:2","rho","voidfraction","Volume","Cell Type"
239.65,-0.0051422,-0.00082489,3.8097,202.35,0.0034951,-0.016999,0.037858,1.21,0.97734,1.9629e-05,1
