"p","U:0","U:1","U:2","Ksl","Us:0","Us:1","Us:2","rho","voidfraction","Volume","Cell Type"
273.46,0.00080942,-5.312e-05,4.2458,11.398,-0.00018672,0.00061119,0.006363,1.21,0.99856,1.9629e-05,1
