"p","U:0","U:1","U:2","Ksl","Us:0","Us:1","Us:2","rho","voidfraction","Volume","Cell Type"
247.78,0.0036645,-0.001713,4.0317,25.112,-0.00050234,8.202e-05,0.011771,1.21,0.99685,1.9629e-05,1
