"p","U:0","U:1","U:2","Ksl","Us:0","Us:1","Us:2","rho","voidfraction","Volume","Cell Type"
255.21,0.0015979,-0.00064227,4.1168,15.674,-0.00088577,-0.00028094,0.0041046,1.21,0.99803,1.9629e-05,1
