"p","U:0","U:1","U:2","Ksl","Us:0","Us:1","Us:2","rho","voidfraction","Volume","Cell Type"
98.746,0.099459,0.14841,2.3905,3224.7,0.0037829,-0.00037144,0.0046343,1.21,0.76263,1.9629e-05,1
