"p","U:0","U:1","U:2","Ksl","Us:0","Us:1","Us:2","rho","voidfraction","Volume","Cell Type"
56.864,0.015547,-0.010424,1.8052,6300.7,-0.00064731,0.00020849,0.0016979,1.21,0.64071,1.9629e-05,1
