"p","U:0","U:1","U:2","Ksl","Us:0","Us:1","Us:2","rho","voidfraction","Volume","Cell Type"
18.228,-0.0027777,-0.0019558,0.63376,7376.5,1.3527e-05,4.6529e-05,-0.014204,1.21,0.63281,1.9629e-05,1
