"p","U:0","U:1","U:2","Ksl","Us:0","Us:1","Us:2","rho","voidfraction","Volume","Cell Type"
59.568,0.01608,-0.020658,1.7653,6223.4,-0.0004371,-0.0002004,-0.010456,1.21,0.63961,1.9629e-05,1
