"p","U:0","U:1","U:2","Ksl","Us:0","Us:1","Us:2","rho","voidfraction","Volume","Cell Type"
242.37,0.0027879,-0.0060616,3.9184,108.9,-0.0048498,0.0046866,0.017995,1.21,0.98733,1.9629e-05,1
