"p","U:0","U:1","U:2","Ksl","Us:0","Us:1","Us:2","rho","voidfraction","Volume","Cell Type"
78.404,-0.0060753,-0.00613,2.2567,6667.4,-0.00051666,-0.00037919,0.0024934,1.21,0.65201,1.9629e-05,1
