"p","U:0","U:1","U:2","Ksl","Us:0","Us:1","Us:2","rho","voidfraction","Volume","Cell Type"
29.909,-0.00071149,-0.00021153,0.97438,7341.2,1.4425e-06,8.4551e-06,2.0125e-05,1.21,0.62944,1.9629e-05,1
