"p","U:0","U:1","U:2","Ksl","Us:0","Us:1","Us:2","rho","voidfraction","Volume","Cell Type"
283.81,0.0027652,-0.060478,3.9024,440.61,0.01071,0.037985,0.031023,1.21,0.95272,1.9629e-05,1
