"p","U:0","U:1","U:2","Ksl","Us:0","Us:1","Us:2","rho","voidfraction","Volume","Cell Type"
41.949,0.0034364,0.0033514,1.1862,6040,0.00012551,-2.936e-05,0.0010859,1.21,0.62889,1.9629e-05,1
