"p","U:0","U:1","U:2","Ksl","Us:0","Us:1","Us:2","rho","voidfraction","Volume","Cell Type"
20.328,-0.00132,-0.0014681,0.69189,7308.9,-0.00015711,-3.8842e-05,-0.019243,1.21,0.63244,1.9629e-05,1
