"p","U:0","U:1","U:2","Ksl","Us:0","Us:1","Us:2","rho","voidfraction","Volume","Cell Type"
250.14,-0.026309,-0.056869,3.771,400.98,0.0089226,0.036667,0.048435,1.21,0.95553,1.9629e-05,1
