"p","U:0","U:1","U:2","Ksl","Us:0","Us:1","Us:2","rho","voidfraction","Volume","Cell Type"
103.77,0.38187,0.58537,2.3674,3249.3,0.071466,0.094556,0.00023584,1.21,0.77141,1.9629e-05,1
