"p","U:0","U:1","U:2","Ksl","Us:0","Us:1","Us:2","rho","voidfraction","Volume","Cell Type"
26.757,-0.0036336,-0.0035642,0.74815,7809.8,2.7401e-05,5.7739e-05,0.022023,1.21,0.63219,1.9629e-05,1
