"p","U:0","U:1","U:2","Ksl","Us:0","Us:1","Us:2","rho","voidfraction","Volume","Cell Type"
55.489,0.013881,-0.0074258,1.8062,6330.2,-0.00082539,0.0011347,0.0017833,1.21,0.64013,1.9629e-05,1
