"p","U:0","U:1","U:2","Ksl","Us:0","Us:1","Us:2","rho","voidfraction","Volume","Cell Type"
65.85,-0.0040801,-0.0055597,2.0056,6629,-0.00021618,-0.0004862,0.00021042,1.21,0.64301,1.9629e-05,1
