"p","U:0","U:1","U:2","Ksl","Us:0","Us:1","Us:2","rho","voidfraction","Volume","Cell Type"
17.459,-0.0023121,-0.0020796,0.63383,7172.9,-2.6913e-05,5.6982e-05,-0.0060426,1.21,0.63258,1.9629e-05,1
