"p","U:0","U:1","U:2","Ksl","Us:0","Us:1","Us:2","rho","voidfraction","Volume","Cell Type"
236.36,0.0032815,-0.00024389,3.9469,47.098,0.00036075,-0.0013942,0.024232,1.21,0.99397,1.9629e-05,1
