"p","U:0","U:1","U:2","Ksl","Us:0","Us:1","Us:2","rho","voidfraction","Volume","Cell Type"
70.353,-0.0024725,-0.0087749,2.1299,6847.8,-0.0014627,-9.7301e-05,0.00028735,1.21,0.64074,1.9629e-05,1
