"p","U:0","U:1","U:2","Ksl","Us:0","Us:1","Us:2","rho","voidfraction","Volume","Cell Type"
256.24,0.018726,-0.076204,3.823,432.78,0.0092679,-0.058321,0.017278,1.21,0.95518,1.9629e-05,1
