"p","U:0","U:1","U:2","Ksl","Us:0","Us:1","Us:2","rho","voidfraction","Volume","Cell Type"
262.92,0.015792,-0.014554,3.7357,461.36,0.013868,-0.048412,0.047201,1.21,0.94951,1.9629e-05,1
