"p","U:0","U:1","U:2","Ksl","Us:0","Us:1","Us:2","rho","voidfraction","Volume","Cell Type"
37.907,0.0048871,0.0056666,1.1869,6062.1,0.00015836,0.00018522,0.00078072,1.21,0.62872,1.9629e-05,1
