"p","U:0","U:1","U:2","Ksl","Us:0","Us:1","Us:2","rho","voidfraction","Volume","Cell Type"
253.37,-0.036803,0.055328,3.6976,477.64,0.0035193,0.026709,0.036728,1.21,0.94883,1.9629e-05,1
