"p","U:0","U:1","U:2","Ksl","Us:0","Us:1","Us:2","rho","voidfraction","Volume","Cell Type"
29.868,-0.00077046,-0.00052215,0.97465,7341.9,-1.1604e-07,4.6992e-06,0.00033865,1.21,0.62958,1.9629e-05,1
