"p","U:0","U:1","U:2","Ksl","Us:0","Us:1","Us:2","rho","voidfraction","Volume","Cell Type"
33.182,-0.00054793,0.00042254,1.0411,6435.9,1.6278e-05,0.0001064,0.00060758,1.21,0.62898,1.9629e-05,1
