"p","U:0","U:1","U:2","Ksl","Us:0","Us:1","Us:2","rho","voidfraction","Volume","Cell Type"
27.612,-0.00086536,-0.0020306,0.86854,7536.4,-0.00015664,-9.0955e-05,-0.015981,1.21,0.63152,1.9629e-05,1
