"p","U:0","U:1","U:2","Ksl","Us:0","Us:1","Us:2","rho","voidfraction","Volume","Cell Type"
86.042,-0.12942,0.0060861,2.3087,4648,-0.003954,-0.0029623,0.0083739,1.21,0.7125,1.9629e-05,1
