"p","U:0","U:1","U:2","Ksl","Us:0","Us:1","Us:2","rho","voidfraction","Volume","Cell Type"
280.62,0.0011854,-0.00067325,4.2893,9.0513,-0.00093308,-6.559e-05,0.0061593,1.21,0.99885,1.9629e-05,1
