"p","U:0","U:1","U:2","Ksl","Us:0","Us:1","Us:2","rho","voidfraction","Volume","Cell Type"
239.48,-0.00087451,0.049576,3.8174,234.52,-0.0060356,0.070098,0.0037099,1.21,0.97404,1.9629e-05,1
