"p","U:0","U:1","U:2","Ksl","Us:0","Us:1","Us:2","rho","voidfraction","Volume","Cell Type"
255.44,0.0021954,-0.00064345,4.1167,15.465,0.0012189,-0.00034938,0.0064685,1.21,0.99808,1.9629e-05,1
