"p","U:0","U:1","U:2","Ksl","Us:0","Us:1","Us:2","rho","voidfraction","Volume","Cell Type"
71.179,-0.0060452,-0.0075818,2.1847,6925.5,0.00039858,-0.0006571,0.00091426,1.21,0.64101,1.9629e-05,1
