"p","U:0","U:1","U:2","Ksl","Us:0","Us:1","Us:2","rho","voidfraction","Volume","Cell Type"
50.01,0.00011422,-0.00098852,1.5075,6100.2,0.00073267,-0.00075292,-0.021178,1.21,0.6349,1.9629e-05,1
