"p","U:0","U:1","U:2","Ksl","Us:0","Us:1","Us:2","rho","voidfraction","Volume","Cell Type"
80.347,-6.3268e-05,-0.0093315,2.3077,6644.9,-0.00015046,-5.7202e-05,0.0022911,1.21,0.65389,1.9629e-05,1
