"p","U:0","U:1","U:2","Ksl","Us:0","Us:1","Us:2","rho","voidfraction","Volume","Cell Type"
49.987,0.0060857,0.015918,1.7527,6467.8,-0.00062905,0.0007376,0.0013414,1.21,0.64077,1.9629e-05,1
