"p","U:0","U:1","U:2","Ksl","Us:0","Us:1","Us:2","rho","voidfraction","Volume","Cell Type"
66.723,-0.0015636,-0.0071515,2.0723,6783.4,-0.0013356,-1.3793e-05,0.00026783,1.21,0.64107,1.9629e-05,1
