"p","U:0","U:1","U:2","Ksl","Us:0","Us:1","Us:2","rho","voidfraction","Volume","Cell Type"
38.714,0.0030951,-0.00019338,1.2393,6004.3,-8.4047e-05,-0.00011438,0.0016265,1.21,0.62917,1.9629e-05,1
