"p","U:0","U:1","U:2","Ksl","Us:0","Us:1","Us:2","rho","voidfraction","Volume","Cell Type"
138.02,0.062872,0.88839,2.8063,3063.8,-0.0099561,0.12153,0.0075238,1.21,0.80019,1.9629e-05,1
