"p","U:0","U:1","U:2","Ksl","Us:0","Us:1","Us:2","rho","voidfraction","Volume","Cell Type"
68.498,-0.00069954,-0.012864,2.07,6745.4,-0.00077845,-0.00094623,0.00015618,1.21,0.64174,1.9629e-05,1
