"p","U:0","U:1","U:2","Ksl","Us:0","Us:1","Us:2","rho","voidfraction","Volume","Cell Type"
34.482,-0.0031721,-0.012713,1.4045,6369.7,0.00038056,0.0016449,0.0013423,1.21,0.63365,1.9629e-05,1
