"p","U:0","U:1","U:2","Ksl","Us:0","Us:1","Us:2","rho","voidfraction","Volume","Cell Type"
41.561,0.0051068,0.0047807,1.1862,6054.8,0.00032735,4.0171e-05,0.0011726,1.21,0.62861,1.9629e-05,1
