"p","U:0","U:1","U:2","Ksl","Us:0","Us:1","Us:2","rho","voidfraction","Volume","Cell Type"
235.31,0.010923,0.058467,3.752,327.86,0.0040372,-0.0088138,0.035808,1.21,0.96339,1.9629e-05,1
