"p","U:0","U:1","U:2","Ksl","Us:0","Us:1","Us:2","rho","voidfraction","Volume","Cell Type"
55.991,-4.6996e-05,0.0035721,1.5835,6310.7,0.0010116,-0.00027524,0.014534,1.21,0.63405,1.9629e-05,1
