"p","U:0","U:1","U:2","Ksl","Us:0","Us:1","Us:2","rho","voidfraction","Volume","Cell Type"
233.66,0.003133,-0.00047193,3.9027,62.784,-0.0024503,-0.0019599,0.027552,1.21,0.99206,1.9629e-05,1
