"p","U:0","U:1","U:2","Ksl","Us:0","Us:1","Us:2","rho","voidfraction","Volume","Cell Type"
249.57,0.0027573,-0.00053137,4.074,19.739,0.00095686,0.00051339,0.0078648,1.21,0.99752,1.9629e-05,1
