"p","U:0","U:1","U:2","Ksl","Us:0","Us:1","Us:2","rho","voidfraction","Volume","Cell Type"
57.929,0.015072,-0.010398,1.8616,6424.4,-0.00061846,0.00055634,0.0012599,1.21,0.63966,1.9629e-05,1
