"p","U:0","U:1","U:2","Ksl","Us:0","Us:1","Us:2","rho","voidfraction","Volume","Cell Type"
279.5,0.00089641,4.3392e-05,4.2889,10.002,-0.00082648,-0.0010562,0.003276,1.21,0.99873,1.9629e-05,1
