"p","U:0","U:1","U:2","Ksl","Us:0","Us:1","Us:2","rho","voidfraction","Volume","Cell Type"
55.421,-0.0028936,0.0026433,1.5649,6233.8,-0.00021739,0.00018256,-0.014548,1.21,0.63653,1.9629e-05,1
