"p","U:0","U:1","U:2","Ksl","Us:0","Us:1","Us:2","rho","voidfraction","Volume","Cell Type"
245.01,0.0046317,-0.00053594,4.0312,21.648,-0.0013603,-0.0012481,0.0051674,1.21,0.99724,1.9629e-05,1
