"p","U:0","U:1","U:2","Ksl","Us:0","Us:1","Us:2","rho","voidfraction","Volume","Cell Type"
173.26,0.055421,-0.63098,2.6914,2507.4,0.0035415,-0.089019,-0.0089654,1.21,0.81622,1.9629e-05,1
