"p","U:0","U:1","U:2","Ksl","Us:0","Us:1","Us:2","rho","voidfraction","Volume","Cell Type"
81.182,0.00081631,0.0014164,2.3054,6685.2,0.00055727,0.0004502,0.002483,1.21,0.65402,1.9629e-05,1
