"p","U:0","U:1","U:2","Ksl","Us:0","Us:1","Us:2","rho","voidfraction","Volume","Cell Type"
216.11,-0.035454,0.29926,3.5625,1033.3,0.0014011,-0.021394,0.031905,1.21,0.91012,1.9629e-05,1
