"p","U:0","U:1","U:2","Ksl","Us:0","Us:1","Us:2","rho","voidfraction","Volume","Cell Type"
268.44,0.0016802,0.00064321,4.2029,11.958,0.00095421,-0.00082594,0.0084069,1.21,0.99849,1.9629e-05,1
