"p","U:0","U:1","U:2","Ksl","Us:0","Us:1","Us:2","rho","voidfraction","Volume","Cell Type"
271.61,0.00079312,-0.00058871,4.2458,10.161,0.00087945,0.00020852,0.0038818,1.21,0.99871,1.9629e-05,1
