"p","U:0","U:1","U:2","Ksl","Us:0","Us:1","Us:2","rho","voidfraction","Volume","Cell Type"
36.948,-0.003613,-0.02629,1.4803,6409.9,0.00026736,0.00084756,-0.0024022,1.21,0.63604,1.9629e-05,1
