"p","U:0","U:1","U:2","Ksl","Us:0","Us:1","Us:2","rho","voidfraction","Volume","Cell Type"
38.829,0.0093086,-0.00057649,1.3788,6052,0.00052617,0.00045573,-0.024434,1.21,0.6333,1.9629e-05,1
