"p","U:0","U:1","U:2","Ksl","Us:0","Us:1","Us:2","rho","voidfraction","Volume","Cell Type"
78.124,-0.0029213,-0.00073081,2.2328,6574.6,-0.00041386,-0.00032136,0.0020637,1.21,0.65169,1.9629e-05,1
