"p","U:0","U:1","U:2","Ksl","Us:0","Us:1","Us:2","rho","voidfraction","Volume","Cell Type"
20.947,0.00047696,0.00047285,0.74742,7074,-2.8551e-05,-9.8318e-05,-0.011547,1.21,0.63205,1.9629e-05,1
