"p","U:0","U:1","U:2","Ksl","Us:0","Us:1","Us:2","rho","voidfraction","Volume","Cell Type"
258.09,0.041549,-0.15919,3.7649,601.28,-0.0010378,-0.046602,-0.0045773,1.21,0.94626,1.9629e-05,1
