"p","U:0","U:1","U:2","Ksl","Us:0","Us:1","Us:2","rho","voidfraction","Volume","Cell Type"
278.45,-0.0068002,-0.013279,3.8725,282.17,0.0037702,0.0069548,0.042022,1.21,0.968,1.9629e-05,1
