"p","U:0","U:1","U:2","Ksl","Us:0","Us:1","Us:2","rho","voidfraction","Volume","Cell Type"
271.19,0.0013202,0.00043183,4.2455,11.242,-0.00050687,0.0010868,0.0025252,1.21,0.99858,1.9629e-05,1
