"p","U:0","U:1","U:2","Ksl","Us:0","Us:1","Us:2","rho","voidfraction","Volume","Cell Type"
157.77,-0.16846,-0.30255,2.6596,1099.5,-0.00032796,0.075259,0.0032859,1.21,0.89487,1.9629e-05,1
