"p","U:0","U:1","U:2","Ksl","Us:0","Us:1","Us:2","rho","voidfraction","Volume","Cell Type"
259.61,0.0015901,-0.0007207,4.1597,14.054,5.0115e-05,-0.0011833,0.0036237,1.21,0.99819,1.9629e-05,1
