"p","U:0","U:1","U:2","Ksl","Us:0","Us:1","Us:2","rho","voidfraction","Volume","Cell Type"
51.587,-0.0035275,-0.0061508,1.7025,6138.5,-8.8665e-05,0.00087621,0.024442,1.21,0.63873,1.9629e-05,1
