"p","U:0","U:1","U:2","Ksl","Us:0","Us:1","Us:2","rho","voidfraction","Volume","Cell Type"
227.95,0.0010648,-0.013287,3.8035,162.39,0.00081057,0.0037393,0.024039,1.21,0.98168,1.9629e-05,1
