"p","U:0","U:1","U:2","Ksl","Us:0","Us:1","Us:2","rho","voidfraction","Volume","Cell Type"
256.11,0.0013947,-0.00051281,4.1167,15.28,1.2956e-05,-0.00077569,0.0071071,1.21,0.99806,1.9629e-05,1
