"p","U:0","U:1","U:2","Ksl","Us:0","Us:1","Us:2","rho","voidfraction","Volume","Cell Type"
51.796,0.0042309,0.0089721,1.4918,6147.8,0.00064986,0.0011065,0.014456,1.21,0.63439,1.9629e-05,1
