"p","U:0","U:1","U:2","Ksl","Us:0","Us:1","Us:2","rho","voidfraction","Volume","Cell Type"
140.47,0.15884,0.37496,2.9146,1445.2,0.033379,0.014115,0.0085325,1.21,0.87415,1.9629e-05,1
