"p","U:0","U:1","U:2","Ksl","Us:0","Us:1","Us:2","rho","voidfraction","Volume","Cell Type"
257.13,0.00206,-0.0011962,4.1169,16.252,-0.00047729,-0.00051827,0.0051321,1.21,0.99796,1.9629e-05,1
