"p","U:0","U:1","U:2","Ksl","Us:0","Us:1","Us:2","rho","voidfraction","Volume","Cell Type"
35.927,-0.00092669,-0.0055559,1.3365,6023.1,3.2218e-05,3.6674e-05,0.0099207,1.21,0.62992,1.9629e-05,1
