"p","U:0","U:1","U:2","Ksl","Us:0","Us:1","Us:2","rho","voidfraction","Volume","Cell Type"
31.934,-0.00085326,0.00097417,1.0406,6422.5,3.0595e-05,9.1729e-05,0.00076204,1.21,0.62917,1.9629e-05,1
