"p","U:0","U:1","U:2","Ksl","Us:0","Us:1","Us:2","rho","voidfraction","Volume","Cell Type"
268.38,0.00037947,-0.00046291,4.203,12.11,0.0001165,0.00028315,0.0069873,1.21,0.99844,1.9629e-05,1
