"p","U:0","U:1","U:2","Ksl","Us:0","Us:1","Us:2","rho","voidfraction","Volume","Cell Type"
60.578,0.0055567,-0.010842,1.9071,6493.1,-0.0011278,-0.00042204,0.00069772,1.21,0.64051,1.9629e-05,1
