"p","U:0","U:1","U:2","Ksl","Us:0","Us:1","Us:2","rho","voidfraction","Volume","Cell Type"
223.85,0.054574,0.038675,3.6159,898.17,0.019277,0.092633,0.022837,1.21,0.91543,1.9629e-05,1
