"p","U:0","U:1","U:2","Ksl","Us:0","Us:1","Us:2","rho","voidfraction","Volume","Cell Type"
42.66,0.00241,-0.0065629,1.597,6302.8,0.00089821,0.00033956,0.015264,1.21,0.63675,1.9629e-05,1
