"p","U:0","U:1","U:2","Ksl","Us:0","Us:1","Us:2","rho","voidfraction","Volume","Cell Type"
71.608,-0.0025851,-0.0090813,2.1839,6927.6,-0.00038666,-0.00050132,0.00027564,1.21,0.64127,1.9629e-05,1
