"p","U:0","U:1","U:2","Ksl","Us:0","Us:1","Us:2","rho","voidfraction","Volume","Cell Type"
201.65,0.059886,0.05457,2.9564,1591.4,0.0023878,-0.10378,0.054742,1.21,0.86432,1.9629e-05,1
