"p","U:0","U:1","U:2","Ksl","Us:0","Us:1","Us:2","rho","voidfraction","Volume","Cell Type"
32.44,-0.00035921,-0.00192,1.0364,6337.9,-0.00077079,-0.00023777,0.0003756,1.21,0.62922,1.9629e-05,1
