"p","U:0","U:1","U:2","Ksl","Us:0","Us:1","Us:2","rho","voidfraction","Volume","Cell Type"
22.472,0.0007214,-0.00056172,0.75374,7288.2,-2.109e-05,1.5655e-07,-0.018625,1.21,0.63208,1.9629e-05,1
