"p","U:0","U:1","U:2","Ksl","Us:0","Us:1","Us:2","rho","voidfraction","Volume","Cell Type"
212.75,-0.020658,0.32096,3.5405,1118.6,0.033727,0.055047,0.017472,1.21,0.90692,1.9629e-05,1
