"p","U:0","U:1","U:2","Ksl","Us:0","Us:1","Us:2","rho","voidfraction","Volume","Cell Type"
239.35,0.0092486,0.021452,3.7771,245.9,-0.00069566,-0.0023196,0.019333,1.21,0.97366,1.9629e-05,1
