"p","U:0","U:1","U:2","Ksl","Us:0","Us:1","Us:2","rho","voidfraction","Volume","Cell Type"
246.69,0.0043492,-0.0012851,4.0315,25.27,-0.0014134,0.0001517,0.017238,1.21,0.99683,1.9629e-05,1
