"p","U:0","U:1","U:2","Ksl","Us:0","Us:1","Us:2","rho","voidfraction","Volume","Cell Type"
69.91,-0.00424,-0.0076737,2.1303,6850.2,-0.00024407,-0.00036454,9.8833e-05,1.21,0.64064,1.9629e-05,1
