"p","U:0","U:1","U:2","Ksl","Us:0","Us:1","Us:2","rho","voidfraction","Volume","Cell Type"
84.922,-0.0045582,0.006277,2.3133,5831.5,0.0015144,0.00054761,0.001771,1.21,0.67285,1.9629e-05,1
