"p","U:0","U:1","U:2","Ksl","Us:0","Us:1","Us:2","rho","voidfraction","Volume","Cell Type"
250.55,0.0017198,-0.00094813,4.0743,20.565,0.00056316,-0.00014055,0.0036221,1.21,0.99741,1.9629e-05,1
