"p","U:0","U:1","U:2","Ksl","Us:0","Us:1","Us:2","rho","voidfraction","Volume","Cell Type"
24.333,0.0013961,0.002633,0.81175,7199,4.7902e-05,2.6501e-05,-0.015675,1.21,0.63186,1.9629e-05,1
