"p","U:0","U:1","U:2","Ksl","Us:0","Us:1","Us:2","rho","voidfraction","Volume","Cell Type"
38.68,-0.012004,-0.026434,1.4821,6428.9,0.00069162,0.00028028,-0.00073298,1.21,0.63554,1.9629e-05,1
