"p","U:0","U:1","U:2","Ksl","Us:0","Us:1","Us:2","rho","voidfraction","Volume","Cell Type"
38.582,0.0022283,0.0010051,1.2397,6035.1,-2.6703e-05,1.4881e-05,0.00079369,1.21,0.62908,1.9629e-05,1
