"p","U:0","U:1","U:2","Ksl","Us:0","Us:1","Us:2","rho","voidfraction","Volume","Cell Type"
41.89,-0.012074,-0.024247,1.5353,6419,0.001577,-0.00064274,-0.0045989,1.21,0.63683,1.9629e-05,1
