"p","U:0","U:1","U:2","Ksl","Us:0","Us:1","Us:2","rho","voidfraction","Volume","Cell Type"
101.34,-0.021079,0.0030217,2.3814,3114.2,-0.0050989,0.0037482,0.048147,1.21,0.76518,1.9629e-05,1
