"p","U:0","U:1","U:2","Ksl","Us:0","Us:1","Us:2","rho","voidfraction","Volume","Cell Type"
235.54,0.0041219,0.0018346,3.9469,47.073,0.00034287,-0.00034803,0.015267,1.21,0.99391,1.9629e-05,1
