"p","U:0","U:1","U:2","Ksl","Us:0","Us:1","Us:2","rho","voidfraction","Volume","Cell Type"
107.32,0.10789,-0.00083623,2.3719,2699.5,0.044153,0.039666,0.057227,1.21,0.78282,1.9629e-05,1
