"p","U:0","U:1","U:2","Ksl","Us:0","Us:1","Us:2","rho","voidfraction","Volume","Cell Type"
260.21,0.0069249,-0.009917,3.9013,232.17,-0.00011914,-0.019827,0.045519,1.21,0.97379,1.9629e-05,1
