"p","U:0","U:1","U:2","Ksl","Us:0","Us:1","Us:2","rho","voidfraction","Volume","Cell Type"
46.334,-0.0012272,0.0018505,1.695,6336.6,-3.2904e-05,0.00052334,0.014433,1.21,0.64027,1.9629e-05,1
