"p","U:0","U:1","U:2","Ksl","Us:0","Us:1","Us:2","rho","voidfraction","Volume","Cell Type"
89.442,-0.001496,-0.0041379,2.2034,6617.4,-0.00091685,0.0013826,0.00087068,1.21,0.65135,1.9629e-05,1
