"p","U:0","U:1","U:2","Ksl","Us:0","Us:1","Us:2","rho","voidfraction","Volume","Cell Type"
58.638,0.01486,-0.00015728,1.7569,6064.4,0.00024173,0.00054363,-0.011089,1.21,0.64286,1.9629e-05,1
