"p","U:0","U:1","U:2","Ksl","Us:0","Us:1","Us:2","rho","voidfraction","Volume","Cell Type"
265.21,0.0014959,-0.0015741,4.2027,12.492,0.00094025,-0.00076517,0.006306,1.21,0.9984,1.9629e-05,1
