"p","U:0","U:1","U:2","Ksl","Us:0","Us:1","Us:2","rho","voidfraction","Volume","Cell Type"
39.919,0.0020997,0.0013972,1.2399,6036.3,2.1621e-06,-1.8411e-05,0.0018748,1.21,0.62915,1.9629e-05,1
