"p","U:0","U:1","U:2","Ksl","Us:0","Us:1","Us:2","rho","voidfraction","Volume","Cell Type"
245.71,-0.074162,-0.0031535,3.6792,538.32,0.033745,0.0060126,0.051083,1.21,0.9419,1.9629e-05,1
