"p","U:0","U:1","U:2","Ksl","Us:0","Us:1","Us:2","rho","voidfraction","Volume","Cell Type"
249.6,0.0046891,-0.00015307,4.0742,21.292,0.0011866,0.00088492,0.0067877,1.21,0.9973,1.9629e-05,1
