"p","U:0","U:1","U:2","Ksl","Us:0","Us:1","Us:2","rho","voidfraction","Volume","Cell Type"
16.551,-0.0036243,-0.0036903,0.58064,7395.5,-0.0001861,-0.00013541,-0.0023307,1.21,0.63348,1.9629e-05,1
