"p","U:0","U:1","U:2","Ksl","Us:0","Us:1","Us:2","rho","voidfraction","Volume","Cell Type"
36.534,0.0044691,0.0056949,1.1369,6153.8,0.00015465,0.00011965,0.0013577,1.21,0.62904,1.9629e-05,1
