"p","U:0","U:1","U:2","Ksl","Us:0","Us:1","Us:2","rho","voidfraction","Volume","Cell Type"
81.506,-0.0083808,-0.0046217,2.2868,6688.8,0.00060117,-0.00048374,0.0021279,1.21,0.65183,1.9629e-05,1
