"p","U:0","U:1","U:2","Ksl","Us:0","Us:1","Us:2","rho","voidfraction","Volume","Cell Type"
119.47,0.053761,0.35805,2.7303,1629.1,-0.0041108,-0.00019456,-0.00016848,1.21,0.86336,1.9629e-05,1
