"p","U:0","U:1","U:2","Ksl","Us:0","Us:1","Us:2","rho","voidfraction","Volume","Cell Type"
271.17,0.0012089,0.00033999,4.2457,9.972,-0.00019456,-0.00031539,0.0019108,1.21,0.99872,1.9629e-05,1
