"p","U:0","U:1","U:2","Ksl","Us:0","Us:1","Us:2","rho","voidfraction","Volume","Cell Type"
235.03,0.0022656,0.00056422,3.9055,68.21,0.00026127,0.00010346,0.017778,1.21,0.99145,1.9629e-05,1
