"p","U:0","U:1","U:2","Ksl","Us:0","Us:1","Us:2","rho","voidfraction","Volume","Cell Type"
26.771,-0.0036526,-0.0040095,0.62713,8461.7,4.2634e-05,5.5366e-05,0.005473,1.21,0.63329,1.9629e-05,1
