"p","U:0","U:1","U:2","Ksl","Us:0","Us:1","Us:2","rho","voidfraction","Volume","Cell Type"
242.98,0.0041771,-7.3078e-05,4.0101,25.543,0.00012474,0.00057184,0.010443,1.21,0.99671,1.9629e-05,1
