"p","U:0","U:1","U:2","Ksl","Us:0","Us:1","Us:2","rho","voidfraction","Volume","Cell Type"
76.427,0.0025723,0.0050088,2.1859,6278.8,-0.001102,0.0001951,-0.00014312,1.21,0.66014,1.9629e-05,1
