"p","U:0","U:1","U:2","Ksl","Us:0","Us:1","Us:2","rho","voidfraction","Volume","Cell Type"
78.442,-0.0055717,-0.0055233,2.2563,6676,-0.00074322,1.9073e-05,0.0017118,1.21,0.65172,1.9629e-05,1
