"p","U:0","U:1","U:2","Ksl","Us:0","Us:1","Us:2","rho","voidfraction","Volume","Cell Type"
131.44,0.085636,0.32796,2.733,1599.9,0.0053219,-0.0088422,0.013898,1.21,0.8618,1.9629e-05,1
