"p","U:0","U:1","U:2","Ksl","Us:0","Us:1","Us:2","rho","voidfraction","Volume","Cell Type"
54.023,0.0040402,0.017487,1.7485,6078.9,-0.00012183,0.00037115,-0.015461,1.21,0.64272,1.9629e-05,1
