"p","U:0","U:1","U:2","Ksl","Us:0","Us:1","Us:2","rho","voidfraction","Volume","Cell Type"
31.228,-0.0021051,-0.0030809,0.89588,7708.4,0.00025763,2.4203e-05,-0.00041612,1.21,0.63145,1.9629e-05,1
