"p","U:0","U:1","U:2","Ksl","Us:0","Us:1","Us:2","rho","voidfraction","Volume","Cell Type"
166.68,-0.028754,0.15376,3.1175,1346.1,-0.00055246,-0.053414,0.039469,1.21,0.88085,1.9629e-05,1
