"p","U:0","U:1","U:2","Ksl","Us:0","Us:1","Us:2","rho","voidfraction","Volume","Cell Type"
29.871,-0.00031265,-0.00027308,0.97427,7339.1,-4.1254e-06,1.5181e-06,0.00014401,1.21,0.62963,1.9629e-05,1
