"p","U:0","U:1","U:2","Ksl","Us:0","Us:1","Us:2","rho","voidfraction","Volume","Cell Type"
254.54,0.0093464,-0.02567,3.7943,325.58,0.013126,-0.041234,0.040596,1.21,0.96346,1.9629e-05,1
