"p","U:0","U:1","U:2","Ksl","Us:0","Us:1","Us:2","rho","voidfraction","Volume","Cell Type"
28.565,-0.0017568,-0.0019049,0.9258,7396.2,0.00023245,-6.579e-05,0.0099462,1.21,0.63039,1.9629e-05,1
