"p","U:0","U:1","U:2","Ksl","Us:0","Us:1","Us:2","rho","voidfraction","Volume","Cell Type"
248.01,0.00035962,-0.04998,3.707,527.46,0.010689,0.05924,0.025428,1.21,0.94481,1.9629e-05,1
