"p","U:0","U:1","U:2","Ksl","Us:0","Us:1","Us:2","rho","voidfraction","Volume","Cell Type"
56.303,0.021178,-0.011275,1.8559,6310.1,-0.00061017,0.00055009,0.0016593,1.21,0.6422,1.9629e-05,1
