"p","U:0","U:1","U:2","Ksl","Us:0","Us:1","Us:2","rho","voidfraction","Volume","Cell Type"
86.735,0.026358,0.020309,2.3542,5695.1,0.00042793,-0.0011359,0.0031382,1.21,0.67832,1.9629e-05,1
