"p","U:0","U:1","U:2","Ksl","Us:0","Us:1","Us:2","rho","voidfraction","Volume","Cell Type"
39.327,0.0045649,0.0029272,1.2928,5971,0.00015747,-0.00014359,0.0013166,1.21,0.62937,1.9629e-05,1
