"p","U:0","U:1","U:2","Ksl","Us:0","Us:1","Us:2","rho","voidfraction","Volume","Cell Type"
242.56,0.064678,0.043381,3.5943,792.74,0.012472,0.045886,0.041267,1.21,0.92312,1.9629e-05,1
