"p","U:0","U:1","U:2","Ksl","Us:0","Us:1","Us:2","rho","voidfraction","Volume","Cell Type"
278.33,0.0001356,-0.00031768,4.2887,9.6857,-0.00044388,0.00018994,-0.00091133,1.21,0.99876,1.9629e-05,1
