"p","U:0","U:1","U:2","Ksl","Us:0","Us:1","Us:2","rho","voidfraction","Volume","Cell Type"
83.672,0.010996,-0.024496,2.3374,5957.9,0.00065871,-0.0010289,0.0011456,1.21,0.66905,1.9629e-05,1
