"p","U:0","U:1","U:2","Ksl","Us:0","Us:1","Us:2","rho","voidfraction","Volume","Cell Type"
242.22,7.4206e-05,-0.0037173,3.9209,114.73,-0.0041378,0.0041419,0.022043,1.21,0.98668,1.9629e-05,1
