"p","U:0","U:1","U:2","Ksl","Us:0","Us:1","Us:2","rho","voidfraction","Volume","Cell Type"
251.59,0.0019053,-0.00163,4.0741,17.853,0.0015872,-0.00038232,0.0072534,1.21,0.99772,1.9629e-05,1
