"p","U:0","U:1","U:2","Ksl","Us:0","Us:1","Us:2","rho","voidfraction","Volume","Cell Type"
248.72,0.001399,-8.0274e-06,4.074,18.455,-0.00080449,0.0025126,0.010012,1.21,0.99764,1.9629e-05,1
