"p","U:0","U:1","U:2","Ksl","Us:0","Us:1","Us:2","rho","voidfraction","Volume","Cell Type"
81.16,-0.0031909,-0.0052716,2.2546,6706.6,0.00024886,-7.0972e-05,0.0022931,1.21,0.65182,1.9629e-05,1
