"p","U:0","U:1","U:2","Ksl","Us:0","Us:1","Us:2","rho","voidfraction","Volume","Cell Type"
68.002,-0.0004488,-0.007413,2.0099,6648.2,7.4687e-05,0.00033995,0.00081628,1.21,0.64191,1.9629e-05,1
