"p","U:0","U:1","U:2","Ksl","Us:0","Us:1","Us:2","rho","voidfraction","Volume","Cell Type"
54.762,-0.0019928,0.00087783,1.6661,6206.1,-0.00093558,0.00056595,0.019114,1.21,0.63709,1.9629e-05,1
