"p","U:0","U:1","U:2","Ksl","Us:0","Us:1","Us:2","rho","voidfraction","Volume","Cell Type"
37.527,0.003032,0.0047784,1.1861,6052.9,-7.0797e-05,-0.00013083,0.0010185,1.21,0.62864,1.9629e-05,1
