"p","U:0","U:1","U:2","Ksl","Us:0","Us:1","Us:2","rho","voidfraction","Volume","Cell Type"
72.194,-0.00349,-0.0081642,2.185,6921.4,-0.00052916,-0.00053256,0.00010722,1.21,0.64117,1.9629e-05,1
