"p","U:0","U:1","U:2","Ksl","Us:0","Us:1","Us:2","rho","voidfraction","Volume","Cell Type"
36.404,0.0057762,0.0068362,1.3383,6035.7,0.00079826,0.00029663,0.019802,1.21,0.63022,1.9629e-05,1
