"p","U:0","U:1","U:2","Ksl","Us:0","Us:1","Us:2","rho","voidfraction","Volume","Cell Type"
278.52,0.0011497,0.0006808,4.2891,9.3638,-0.0006162,-0.00061322,0.0021086,1.21,0.99881,1.9629e-05,1
