"p","U:0","U:1","U:2","Ksl","Us:0","Us:1","Us:2","rho","voidfraction","Volume","Cell Type"
60.238,0.0054221,-0.010748,1.9056,6481,-0.00046593,-0.00064732,0.00036605,1.21,0.64099,1.9629e-05,1
