"p","U:0","U:1","U:2","Ksl","Us:0","Us:1","Us:2","rho","voidfraction","Volume","Cell Type"
58.897,0.013723,-0.010465,1.8595,6374.1,-0.00068742,0.00041984,0.0018967,1.21,0.64057,1.9629e-05,1
