"p","U:0","U:1","U:2","Ksl","Us:0","Us:1","Us:2","rho","voidfraction","Volume","Cell Type"
66.022,-0.0004866,-0.0072929,2.0726,6784.4,-0.0016502,-1.0434e-05,0.00015354,1.21,0.64101,1.9629e-05,1
