"p","U:0","U:1","U:2","Ksl","Us:0","Us:1","Us:2","rho","voidfraction","Volume","Cell Type"
240.5,0.0048534,0.0017931,3.9893,30.252,0.00024476,0.00033713,0.0087256,1.21,0.9961,1.9629e-05,1
