"p","U:0","U:1","U:2","Ksl","Us:0","Us:1","Us:2","rho","voidfraction","Volume","Cell Type"
63.081,0.0028003,-0.0057161,1.9585,6557,-0.00015645,-0.0010827,0.00096987,1.21,0.6418,1.9629e-05,1
