"p","U:0","U:1","U:2","Ksl","Us:0","Us:1","Us:2","rho","voidfraction","Volume","Cell Type"
34.104,0.00065487,3.4757e-05,1.0897,6263.2,0.00010146,0.00014775,0.0010881,1.21,0.6291,1.9629e-05,1
