"p","U:0","U:1","U:2","Ksl","Us:0","Us:1","Us:2","rho","voidfraction","Volume","Cell Type"
258.78,0.00064324,-0.0020467,4.1598,13.67,0.00066312,-0.0003743,0.0027592,1.21,0.99827,1.9629e-05,1
