"p","U:0","U:1","U:2","Ksl","Us:0","Us:1","Us:2","rho","voidfraction","Volume","Cell Type"
172.27,-0.021287,0.56241,3.2572,1770.1,-0.039376,0.023259,0.0019384,1.21,0.86586,1.9629e-05,1
