"p","U:0","U:1","U:2","Ksl","Us:0","Us:1","Us:2","rho","voidfraction","Volume","Cell Type"
31.515,-0.0028913,-0.0028432,0.84744,7858.2,-6.2738e-05,7.5289e-05,-0.0033437,1.21,0.63171,1.9629e-05,1
