"p","U:0","U:1","U:2","Ksl","Us:0","Us:1","Us:2","rho","voidfraction","Volume","Cell Type"
267.7,0.0010075,-0.00076568,4.2027,11.999,1.9264e-05,-0.00025123,0.0061186,1.21,0.99847,1.9629e-05,1
