"p","U:0","U:1","U:2","Ksl","Us:0","Us:1","Us:2","rho","voidfraction","Volume","Cell Type"
63.426,0.0041885,-0.0083031,1.9587,6540.4,0.00069636,-0.00085514,0.00024445,1.21,0.64164,1.9629e-05,1
