"p","U:0","U:1","U:2","Ksl","Us:0","Us:1","Us:2","rho","voidfraction","Volume","Cell Type"
35.864,0.0052103,0.0068924,1.1371,6151,0.00010065,0.00047967,0.0013313,1.21,0.62891,1.9629e-05,1
