"p","U:0","U:1","U:2","Ksl","Us:0","Us:1","Us:2","rho","voidfraction","Volume","Cell Type"
49.007,-0.0015385,0.0082408,1.4709,6069.6,0.00029303,0.00097977,0.02661,1.21,0.63416,1.9629e-05,1
