"p","U:0","U:1","U:2","Ksl","Us:0","Us:1","Us:2","rho","voidfraction","Volume","Cell Type"
84.161,0.0089422,-0.00394,2.3243,6017.8,-0.00052187,-0.00049448,0.001756,1.21,0.6688,1.9629e-05,1
