"p","U:0","U:1","U:2","Ksl","Us:0","Us:1","Us:2","rho","voidfraction","Volume","Cell Type"
43.617,-0.0044709,-0.0052843,1.4382,6006.1,0.00014124,-0.00059011,-0.02624,1.21,0.63443,1.9629e-05,1
