"p","U:0","U:1","U:2","Ksl","Us:0","Us:1","Us:2","rho","voidfraction","Volume","Cell Type"
136.08,0.089722,0.39034,2.8196,1526.4,0.037943,-0.048619,-0.0021504,1.21,0.86465,1.9629e-05,1
