"p","U:0","U:1","U:2","Ksl","Us:0","Us:1","Us:2","rho","voidfraction","Volume","Cell Type"
71.961,-0.0070697,-0.0063196,2.185,6920.3,5.6242e-05,-0.0010065,0.00075182,1.21,0.64105,1.9629e-05,1
