"p","U:0","U:1","U:2","Ksl","Us:0","Us:1","Us:2","rho","voidfraction","Volume","Cell Type"
24.823,-0.0056595,-0.0037843,0.82374,7223.7,-0.00010177,2.759e-05,0.024991,1.21,0.63164,1.9629e-05,1
