"p","U:0","U:1","U:2","Ksl","Us:0","Us:1","Us:2","rho","voidfraction","Volume","Cell Type"
36.282,0.0058148,0.0060029,1.1365,6126.5,0.00021636,0.00012967,0.0012367,1.21,0.62908,1.9629e-05,1
