"p","U:0","U:1","U:2","Ksl","Us:0","Us:1","Us:2","rho","voidfraction","Volume","Cell Type"
243.49,0.0036194,1.4797e-05,4.0318,25.4,-0.0015113,0.0005577,0.010937,1.21,0.99675,1.9629e-05,1
