"p","U:0","U:1","U:2","Ksl","Us:0","Us:1","Us:2","rho","voidfraction","Volume","Cell Type"
242.18,0.0027233,-8.2661e-06,3.9895,30.118,-0.0035021,0.0020663,0.016676,1.21,0.99616,1.9629e-05,1
