"p","U:0","U:1","U:2","Ksl","Us:0","Us:1","Us:2","rho","voidfraction","Volume","Cell Type"
52.141,0.0039992,0.015753,1.5667,6180.2,0.00024362,0.00026443,0.022912,1.21,0.63637,1.9629e-05,1
