"p","U:0","U:1","U:2","Ksl","Us:0","Us:1","Us:2","rho","voidfraction","Volume","Cell Type"
243.48,0.044096,0.048855,3.7373,438.69,0.011911,-0.024072,0.033047,1.21,0.95267,1.9629e-05,1
