"p","U:0","U:1","U:2","Ksl","Us:0","Us:1","Us:2","rho","voidfraction","Volume","Cell Type"
41.831,0.0051185,0.0063814,1.1866,6068.7,-0.00045377,0.00041384,0.00089835,1.21,0.62857,1.9629e-05,1
