"p","U:0","U:1","U:2","Ksl","Us:0","Us:1","Us:2","rho","voidfraction","Volume","Cell Type"
267.87,0.0012409,-0.0005076,4.2028,12.124,0.00084664,-5.6121e-05,0.0050467,1.21,0.99844,1.9629e-05,1
