"p","U:0","U:1","U:2","Ksl","Us:0","Us:1","Us:2","rho","voidfraction","Volume","Cell Type"
60.633,0.0054517,-0.012386,1.9052,6486.2,-0.00020271,0.00051509,0.0010265,1.21,0.64103,1.9629e-05,1
