"p","U:0","U:1","U:2","Ksl","Us:0","Us:1","Us:2","rho","voidfraction","Volume","Cell Type"
58.157,0.010097,-0.010504,1.9068,6489.3,-0.0008006,-0.00014698,0.00069428,1.21,0.6407,1.9629e-05,1
