"p","U:0","U:1","U:2","Ksl","Us:0","Us:1","Us:2","rho","voidfraction","Volume","Cell Type"
28.276,-0.0014128,-0.0011194,0.92052,7423.1,5.2799e-06,8.4142e-07,0.00018169,1.21,0.6297,1.9629e-05,1
