"p","U:0","U:1","U:2","Ksl","Us:0","Us:1","Us:2","rho","voidfraction","Volume","Cell Type"
207.27,-0.016064,0.071137,3.4334,1101.9,0.064221,0.016263,0.036519,1.21,0.89648,1.9629e-05,1
