"p","U:0","U:1","U:2","Ksl","Us:0","Us:1","Us:2","rho","voidfraction","Volume","Cell Type"
243.1,-0.0028503,0.029217,3.7813,257.18,-0.005951,-0.0039577,0.029104,1.21,0.97199,1.9629e-05,1
