"p","U:0","U:1","U:2","Ksl","Us:0","Us:1","Us:2","rho","voidfraction","Volume","Cell Type"
119.77,0.034296,0.073886,2.4118,2999.7,0.064304,0.11861,0.055189,1.21,0.77402,1.9629e-05,1
