"p","U:0","U:1","U:2","Ksl","Us:0","Us:1","Us:2","rho","voidfraction","Volume","Cell Type"
222.19,-0.00086478,0.14093,3.5574,1048.4,0.057122,0.055542,0.06156,1.21,0.90165,1.9629e-05,1
