"p","U:0","U:1","U:2","Ksl","Us:0","Us:1","Us:2","rho","voidfraction","Volume","Cell Type"
273.11,0.0011619,0.00021893,4.2455,10.464,0.00096805,0.00069863,0.0041543,1.21,0.99868,1.9629e-05,1
