"p","U:0","U:1","U:2","Ksl","Us:0","Us:1","Us:2","rho","voidfraction","Volume","Cell Type"
56.981,0.017031,-0.012483,1.8065,6325,-0.00035451,0.00014402,0.0024558,1.21,0.63996,1.9629e-05,1
