"p","U:0","U:1","U:2","Ksl","Us:0","Us:1","Us:2","rho","voidfraction","Volume","Cell Type"
110.43,0.066162,-0.62179,2.4369,3112.1,0.010503,-0.034949,0.0043467,1.21,0.78073,1.9629e-05,1
