"p","U:0","U:1","U:2","Ksl","Us:0","Us:1","Us:2","rho","voidfraction","Volume","Cell Type"
35.569,0.0057854,0.0053352,1.1358,6154.1,0.00039292,0.00022304,0.0014243,1.21,0.62881,1.9629e-05,1
