"p","U:0","U:1","U:2","Ksl","Us:0","Us:1","Us:2","rho","voidfraction","Volume","Cell Type"
57.979,0.0044014,0.0027215,1.6262,6329.2,-0.0010158,0.00083488,0.0068152,1.21,0.63562,1.9629e-05,1
