"p","U:0","U:1","U:2","Ksl","Us:0","Us:1","Us:2","rho","voidfraction","Volume","Cell Type"
261.15,0.0012399,-0.00047563,4.1598,13.758,-0.0010847,-0.00020508,0.0050416,1.21,0.99822,1.9629e-05,1
