"p","U:0","U:1","U:2","Ksl","Us:0","Us:1","Us:2","rho","voidfraction","Volume","Cell Type"
57.677,0.011447,-0.0019699,1.8088,6230.3,-0.0001287,-0.00013935,0.0071328,1.21,0.64102,1.9629e-05,1
