"p","U:0","U:1","U:2","Ksl","Us:0","Us:1","Us:2","rho","voidfraction","Volume","Cell Type"
66.41,0.0014589,-0.0077827,2.0097,6612.6,-0.0011317,0.00015303,0.00076581,1.21,0.64256,1.9629e-05,1
