"p","U:0","U:1","U:2","Ksl","Us:0","Us:1","Us:2","rho","voidfraction","Volume","Cell Type"
248.71,-0.0073659,-0.032773,3.889,170.16,-0.0080369,-0.044679,0.011369,1.21,0.98043,1.9629e-05,1
