"p","U:0","U:1","U:2","Ksl","Us:0","Us:1","Us:2","rho","voidfraction","Volume","Cell Type"
70.255,-0.0048646,-0.0081086,2.1846,6922.2,-0.0015743,-0.00010867,0.00047569,1.21,0.64126,1.9629e-05,1
