"p","U:0","U:1","U:2","Ksl","Us:0","Us:1","Us:2","rho","voidfraction","Volume","Cell Type"
127.34,0.056565,0.53964,2.7356,1764.3,0.024847,0.052316,-0.025895,1.21,0.85807,1.9629e-05,1
