"p","U:0","U:1","U:2","Ksl","Us:0","Us:1","Us:2","rho","voidfraction","Volume","Cell Type"
29.917,-0.00081095,-0.00053017,0.97424,7343.6,4.7721e-07,4.2922e-06,-0.000204,1.21,0.62956,1.9629e-05,1
