"p","U:0","U:1","U:2","Ksl","Us:0","Us:1","Us:2","rho","voidfraction","Volume","Cell Type"
91.53,0.084397,-0.024589,2.2475,2904.9,-0.0043194,0.00035087,0.025547,1.21,0.7763,1.9629e-05,1
