"p","U:0","U:1","U:2","Ksl","Us:0","Us:1","Us:2","rho","voidfraction","Volume","Cell Type"
82.281,0.0018107,0.0041548,2.2953,6580.6,-0.00058452,0.00054311,0.0020026,1.21,0.65725,1.9629e-05,1
