"p","U:0","U:1","U:2","Ksl","Us:0","Us:1","Us:2","rho","voidfraction","Volume","Cell Type"
52.131,0.0030154,0.0030838,1.4804,6176.6,0.00063331,-0.00062308,-0.013582,1.21,0.63428,1.9629e-05,1
