"p","U:0","U:1","U:2","Ksl","Us:0","Us:1","Us:2","rho","voidfraction","Volume","Cell Type"
66.073,0.0039412,-0.0063652,2.0072,6622.2,-0.0004972,-0.00025503,0.0012365,1.21,0.6429,1.9629e-05,1
