"p","U:0","U:1","U:2","Ksl","Us:0","Us:1","Us:2","rho","voidfraction","Volume","Cell Type"
52.739,0.0070347,0.0030623,1.4925,6192.9,0.00027472,0.00098402,0.0002646,1.21,0.63438,1.9629e-05,1
