"p","U:0","U:1","U:2","Ksl","Us:0","Us:1","Us:2","rho","voidfraction","Volume","Cell Type"
40.321,-0.0046138,-0.0021672,1.2951,6042.3,2.3959e-05,0.00010288,0.000361,1.21,0.62949,1.9629e-05,1
