"p","U:0","U:1","U:2","Ksl","Us:0","Us:1","Us:2","rho","voidfraction","Volume","Cell Type"
84.269,0.0037649,0.014408,2.337,6426.3,-0.00033764,0.00093232,0.002343,1.21,0.66181,1.9629e-05,1
