"p","U:0","U:1","U:2","Ksl","Us:0","Us:1","Us:2","rho","voidfraction","Volume","Cell Type"
69.938,-0.0069657,-0.0090096,2.13,6864.8,-0.00054796,-0.00015556,0.00047014,1.21,0.64057,1.9629e-05,1
