"p","U:0","U:1","U:2","Ksl","Us:0","Us:1","Us:2","rho","voidfraction","Volume","Cell Type"
36.793,0.0042351,0.0070234,1.1848,6022.9,-0.00012473,7.0408e-05,0.0013156,1.21,0.62877,1.9629e-05,1
