"p","U:0","U:1","U:2","Ksl","Us:0","Us:1","Us:2","rho","voidfraction","Volume","Cell Type"
101.86,0.097475,0.48035,2.4508,2950.9,0.016607,0.074834,-0.016732,1.21,0.78663,1.9629e-05,1
