"p","U:0","U:1","U:2","Ksl","Us:0","Us:1","Us:2","rho","voidfraction","Volume","Cell Type"
60.93,0.010176,-0.019223,1.7662,6259,0.0004852,-0.00014321,0.0043506,1.21,0.6408,1.9629e-05,1
