"p","U:0","U:1","U:2","Ksl","Us:0","Us:1","Us:2","rho","voidfraction","Volume","Cell Type"
30.931,-0.0031058,-0.0032986,0.8995,7656.5,0.00014697,0.00012843,0.013661,1.21,0.63142,1.9629e-05,1
