"p","U:0","U:1","U:2","Ksl","Us:0","Us:1","Us:2","rho","voidfraction","Volume","Cell Type"
53.684,0.0069647,-0.022032,1.8021,6303.8,-0.00077762,0.00076245,0.013947,1.21,0.64355,1.9629e-05,1
