"p","U:0","U:1","U:2","Ksl","Us:0","Us:1","Us:2","rho","voidfraction","Volume","Cell Type"
42.662,0.0057119,0.009005,1.3512,6062,-0.00014145,-6.0642e-06,0.0033582,1.21,0.62993,1.9629e-05,1
