"p","U:0","U:1","U:2","Ksl","Us:0","Us:1","Us:2","rho","voidfraction","Volume","Cell Type"
222.58,0.28585,0.071029,3.4935,1035.1,0.045599,-0.020786,0.025295,1.21,0.90764,1.9629e-05,1
