"p","U:0","U:1","U:2","Ksl","Us:0","Us:1","Us:2","rho","voidfraction","Volume","Cell Type"
178.28,-0.092585,-0.081223,3.2851,826.34,-0.01796,0.071351,-0.00093664,1.21,0.91786,1.9629e-05,1
