"p","U:0","U:1","U:2","Ksl","Us:0","Us:1","Us:2","rho","voidfraction","Volume","Cell Type"
28.8,-0.0032327,-0.0030671,0.88847,7484.6,0.00026764,2.3346e-05,0.017915,1.21,0.63148,1.9629e-05,1
