"p","U:0","U:1","U:2","Ksl","Us:0","Us:1","Us:2","rho","voidfraction","Volume","Cell Type"
30.484,-0.0011622,-0.0022307,0.88738,7713.5,0.00012048,-1.5654e-05,-0.0083822,1.21,0.63159,1.9629e-05,1
