"p","U:0","U:1","U:2","Ksl","Us:0","Us:1","Us:2","rho","voidfraction","Volume","Cell Type"
97.273,-0.14203,-0.047583,2.3446,3767.2,-0.00024156,-0.0081742,0.015502,1.21,0.73453,1.9629e-05,1
