"p","U:0","U:1","U:2","Ksl","Us:0","Us:1","Us:2","rho","voidfraction","Volume","Cell Type"
260.65,0.00095723,-0.00072429,4.1596,13.595,-0.00044012,-0.00056104,0.0017467,1.21,0.99828,1.9629e-05,1
