"p","U:0","U:1","U:2","Ksl","Us:0","Us:1","Us:2","rho","voidfraction","Volume","Cell Type"
60.288,0.01013,-0.01158,1.9087,6452.6,-0.00082365,-0.00025212,0.0013498,1.21,0.64122,1.9629e-05,1
