"p","U:0","U:1","U:2","Ksl","Us:0","Us:1","Us:2","rho","voidfraction","Volume","Cell Type"
75.241,-0.0027466,-0.0087389,2.2399,6958.2,-0.00097781,-0.00029531,0.00090636,1.21,0.64148,1.9629e-05,1
