"p","U:0","U:1","U:2","Ksl","Us:0","Us:1","Us:2","rho","voidfraction","Volume","Cell Type"
45.601,0.0016094,0.0060107,1.3435,6034.1,-0.00037021,-0.00018827,0.0033076,1.21,0.6296,1.9629e-05,1
