"p","U:0","U:1","U:2","Ksl","Us:0","Us:1","Us:2","rho","voidfraction","Volume","Cell Type"
263.51,0.00087978,-0.00055835,4.1601,14.564,0.0006857,0.00094092,0.0038393,1.21,0.99815,1.9629e-05,1
