"p","U:0","U:1","U:2","Ksl","Us:0","Us:1","Us:2","rho","voidfraction","Volume","Cell Type"
237.57,0.0023829,0.0046036,3.9095,84.026,-0.0016261,0.0015945,0.023183,1.21,0.9896,1.9629e-05,1
