"p","U:0","U:1","U:2","Ksl","Us:0","Us:1","Us:2","rho","voidfraction","Volume","Cell Type"
41.157,0.0025142,0.0035171,1.3437,6032.1,0.000173,0.00027963,0.0051966,1.21,0.62978,1.9629e-05,1
