"p","U:0","U:1","U:2","Ksl","Us:0","Us:1","Us:2","rho","voidfraction","Volume","Cell Type"
79.584,-0.0011448,-0.001637,2.308,6675.4,-0.00033143,4.8716e-05,0.0021979,1.21,0.65369,1.9629e-05,1
