"p","U:0","U:1","U:2","Ksl","Us:0","Us:1","Us:2","rho","voidfraction","Volume","Cell Type"
94.231,0.015715,-0.089989,2.3387,3135.5,-0.0018627,-0.024115,0.026784,1.21,0.76682,1.9629e-05,1
