"p","U:0","U:1","U:2","Ksl","Us:0","Us:1","Us:2","rho","voidfraction","Volume","Cell Type"
92.908,0.24115,0.20656,2.3347,2656.7,0.0097648,-0.0074019,-0.0088836,1.21,0.79467,1.9629e-05,1
