"p","U:0","U:1","U:2","Ksl","Us:0","Us:1","Us:2","rho","voidfraction","Volume","Cell Type"
38.452,0.00017493,0.00064393,1.2402,6036,-8.9372e-06,-7.3421e-05,0.00076736,1.21,0.62925,1.9629e-05,1
