"p","U:0","U:1","U:2","Ksl","Us:0","Us:1","Us:2","rho","voidfraction","Volume","Cell Type"
269.17,-0.016711,0.099153,3.7681,386.53,-0.006296,0.0025162,0.020873,1.21,0.95817,1.9629e-05,1
