"p","U:0","U:1","U:2","Ksl","Us:0","Us:1","Us:2","rho","voidfraction","Volume","Cell Type"
83.558,-0.012781,0.008883,2.3274,6165.6,-0.0017091,-0.0011241,0.0027582,1.21,0.66755,1.9629e-05,1
