"p","U:0","U:1","U:2","Ksl","Us:0","Us:1","Us:2","rho","voidfraction","Volume","Cell Type"
244.24,0.0025789,0.0063216,3.8843,147.96,0.00030072,-0.0091236,0.026138,1.21,0.98313,1.9629e-05,1
