"p","U:0","U:1","U:2","Ksl","Us:0","Us:1","Us:2","rho","voidfraction","Volume","Cell Type"
234.79,0.0023326,-0.00092394,3.9471,41.125,-0.0020905,-0.0010223,0.024401,1.21,0.99475,1.9629e-05,1
