"p","U:0","U:1","U:2","Ksl","Us:0","Us:1","Us:2","rho","voidfraction","Volume","Cell Type"
229.31,0.05901,-0.025926,3.5855,841.95,0.058904,0.094487,0.078126,1.21,0.91665,1.9629e-05,1
