"p","U:0","U:1","U:2","Ksl","Us:0","Us:1","Us:2","rho","voidfraction","Volume","Cell Type"
44.074,-0.012104,-0.015182,1.5379,6225.4,0.00011211,-0.00014047,-0.016564,1.21,0.63565,1.9629e-05,1
