"p","U:0","U:1","U:2","Ksl","Us:0","Us:1","Us:2","rho","voidfraction","Volume","Cell Type"
238.71,0.0020515,-0.0010688,3.9888,27.097,-0.00011755,-8.3889e-05,0.0060972,1.21,0.99656,1.9629e-05,1
