"p","U:0","U:1","U:2","Ksl","Us:0","Us:1","Us:2","rho","voidfraction","Volume","Cell Type"
259.35,0.024729,-0.17599,3.8119,590.24,-0.0083462,-0.041274,0.0047527,1.21,0.94568,1.9629e-05,1
