"p","U:0","U:1","U:2","Ksl","Us:0","Us:1","Us:2","rho","voidfraction","Volume","Cell Type"
81.084,0.00034632,-0.0022882,2.307,6700.3,0.00030847,-0.00015638,0.0027296,1.21,0.65317,1.9629e-05,1
