"p","U:0","U:1","U:2","Ksl","Us:0","Us:1","Us:2","rho","voidfraction","Volume","Cell Type"
38.738,0.0028287,0.0013993,1.2394,6019.1,0.00016448,-0.00027027,0.0017286,1.21,0.62909,1.9629e-05,1
