"p","U:0","U:1","U:2","Ksl","Us:0","Us:1","Us:2","rho","voidfraction","Volume","Cell Type"
38.789,0.0030326,0.0047352,1.2928,6032,7.7768e-06,4.5302e-05,-0.0016665,1.21,0.62947,1.9629e-05,1
