"p","U:0","U:1","U:2","Ksl","Us:0","Us:1","Us:2","rho","voidfraction","Volume","Cell Type"
250.11,0.0020292,-0.057243,3.6974,444.52,0.00045256,-0.034399,0.036668,1.21,0.95276,1.9629e-05,1
