"p","U:0","U:1","U:2","Ksl","Us:0","Us:1","Us:2","rho","voidfraction","Volume","Cell Type"
20.031,-0.0014956,-0.0007255,0.74411,6914.3,-5.5277e-05,-6.3882e-05,0.0022821,1.21,0.63208,1.9629e-05,1
