"p","U:0","U:1","U:2","Ksl","Us:0","Us:1","Us:2","rho","voidfraction","Volume","Cell Type"
48.452,-0.0072893,-0.0065495,1.5435,6087.3,-0.00017416,-0.001138,-0.021599,1.21,0.63632,1.9629e-05,1
