"p","U:0","U:1","U:2","Ksl","Us:0","Us:1","Us:2","rho","voidfraction","Volume","Cell Type"
31.033,-0.0023398,-0.0033621,0.79531,7994.9,3.1847e-05,5.5112e-05,-0.0025221,1.21,0.63209,1.9629e-05,1
