"p","U:0","U:1","U:2","Ksl","Us:0","Us:1","Us:2","rho","voidfraction","Volume","Cell Type"
262.15,0.0020492,-0.00039109,4.1598,12.736,0.0012973,0.00060683,0.0061413,1.21,0.99838,1.9629e-05,1
