"p","U:0","U:1","U:2","Ksl","Us:0","Us:1","Us:2","rho","voidfraction","Volume","Cell Type"
251.54,0.24551,0.051299,3.7461,939.75,0.097188,0.00042365,0.040144,1.21,0.91289,1.9629e-05,1
