"p","U:0","U:1","U:2","Ksl","Us:0","Us:1","Us:2","rho","voidfraction","Volume","Cell Type"
17.439,-0.0024662,-0.0028243,0.64275,7164.6,4.1908e-05,-4.7543e-05,0.0099186,1.21,0.63265,1.9629e-05,1
