"p","U:0","U:1","U:2","Ksl","Us:0","Us:1","Us:2","rho","voidfraction","Volume","Cell Type"
38.819,0.0031585,0.0072822,1.2921,5987.5,-0.00049729,-0.00029472,0.0011871,1.21,0.62954,1.9629e-05,1
