"p","U:0","U:1","U:2","Ksl","Us:0","Us:1","Us:2","rho","voidfraction","Volume","Cell Type"
259.53,0.00050264,-0.0011417,4.1599,12.555,-0.00067598,0.00085222,0.0056276,1.21,0.99837,1.9629e-05,1
