"p","U:0","U:1","U:2","Ksl","Us:0","Us:1","Us:2","rho","voidfraction","Volume","Cell Type"
232.21,0.0015646,0.00025298,3.9029,58.09,-0.0025018,-0.0042883,0.013929,1.21,0.99261,1.9629e-05,1
