"p","U:0","U:1","U:2","Ksl","Us:0","Us:1","Us:2","rho","voidfraction","Volume","Cell Type"
268.32,0.00070839,0.00016915,4.2026,11.615,0.00080025,0.00026637,0.00089229,1.21,0.9985,1.9629e-05,1
