"p","U:0","U:1","U:2","Ksl","Us:0","Us:1","Us:2","rho","voidfraction","Volume","Cell Type"
153.15,0.18076,0.68541,2.9844,2041.5,0.024104,0.083634,0.0097515,1.21,0.84607,1.9629e-05,1
