"p","U:0","U:1","U:2","Ksl","Us:0","Us:1","Us:2","rho","voidfraction","Volume","Cell Type"
36.433,0.0054209,0.0052251,1.1369,6138.7,9.7695e-05,0.00020045,0.0014964,1.21,0.62908,1.9629e-05,1
