"p","U:0","U:1","U:2","Ksl","Us:0","Us:1","Us:2","rho","voidfraction","Volume","Cell Type"
68.265,-0.0058162,-0.003935,2.0647,6657.1,0.00035841,-0.0014229,0.00041833,1.21,0.64358,1.9629e-05,1
