"p","U:0","U:1","U:2","Ksl","Us:0","Us:1","Us:2","rho","voidfraction","Volume","Cell Type"
57.447,-0.00089387,0.0022109,1.6207,6319.1,-0.002071,0.00021322,-0.0077048,1.21,0.63669,1.9629e-05,1
