"p","U:0","U:1","U:2","Ksl","Us:0","Us:1","Us:2","rho","voidfraction","Volume","Cell Type"
57.135,0.0083695,-0.010895,1.91,6529,-5.1152e-05,-0.00014102,0.0012304,1.21,0.63967,1.9629e-05,1
