"p","U:0","U:1","U:2","Ksl","Us:0","Us:1","Us:2","rho","voidfraction","Volume","Cell Type"
136.65,0.072305,0.40456,2.6228,1839.8,-0.0020317,0.041546,-0.012587,1.21,0.84338,1.9629e-05,1
