"p","U:0","U:1","U:2","Ksl","Us:0","Us:1","Us:2","rho","voidfraction","Volume","Cell Type"
263.67,0.0004105,-0.00092164,4.2025,12.512,-0.00056515,5.0125e-05,0.00616,1.21,0.99843,1.9629e-05,1
