"p","U:0","U:1","U:2","Ksl","Us:0","Us:1","Us:2","rho","voidfraction","Volume","Cell Type"
18.678,-0.0048451,-0.004857,0.4279,8679.1,8.4769e-05,-0.00013502,9.2813e-05,1.21,0.63371,1.9629e-05,1
