"p","U:0","U:1","U:2","Ksl","Us:0","Us:1","Us:2","rho","voidfraction","Volume","Cell Type"
49.149,0.0053496,0.0020119,1.4253,6216.9,-0.00054962,0.00041268,-0.014294,1.21,0.63076,1.9629e-05,1
