"p","U:0","U:1","U:2","Ksl","Us:0","Us:1","Us:2","rho","voidfraction","Volume","Cell Type"
77.11,-0.0041611,8.3352e-06,2.1983,6450,-0.00020364,0.00034456,0.00059777,1.21,0.6549,1.9629e-05,1
