"p","U:0","U:1","U:2","Ksl","Us:0","Us:1","Us:2","rho","voidfraction","Volume","Cell Type"
36.438,0.00015132,0.00066513,1.0412,6421.5,8.7331e-05,0.00017677,0.00069792,1.21,0.62907,1.9629e-05,1
