"p","U:0","U:1","U:2","Ksl","Us:0","Us:1","Us:2","rho","voidfraction","Volume","Cell Type"
245.54,-0.0055838,-0.043169,3.7803,257.09,-0.023385,0.019011,0.026206,1.21,0.97104,1.9629e-05,1
