"p","U:0","U:1","U:2","Ksl","Us:0","Us:1","Us:2","rho","voidfraction","Volume","Cell Type"
233.51,0.0042368,-0.00057019,3.9026,63.599,-0.00014549,-0.0012522,0.022178,1.21,0.99201,1.9629e-05,1
