"p","U:0","U:1","U:2","Ksl","Us:0","Us:1","Us:2","rho","voidfraction","Volume","Cell Type"
240.05,0.0019227,0.00092816,3.9889,28.926,-0.0015184,0.0020462,0.0081865,1.21,0.99633,1.9629e-05,1
