"p","U:0","U:1","U:2","Ksl","Us:0","Us:1","Us:2","rho","voidfraction","Volume","Cell Type"
62.565,0.0024944,-0.0050464,1.9574,6574.1,0.00091873,-0.00094477,0.00069035,1.21,0.64138,1.9629e-05,1
