"p","U:0","U:1","U:2","Ksl","Us:0","Us:1","Us:2","rho","voidfraction","Volume","Cell Type"
65.76,0.0011984,-0.010085,2.0098,6608,0.00025735,-0.00097583,0.00083418,1.21,0.64235,1.9629e-05,1
