"p","U:0","U:1","U:2","Ksl","Us:0","Us:1","Us:2","rho","voidfraction","Volume","Cell Type"
44.412,-0.012071,-0.0060602,1.5862,6218.3,0.00066209,-0.0011177,-0.015573,1.21,0.63855,1.9629e-05,1
