"p","U:0","U:1","U:2","Ksl","Us:0","Us:1","Us:2","rho","voidfraction","Volume","Cell Type"
38.129,0.0037677,0.0012218,1.2401,6020.2,7.9327e-05,-0.00012023,0.0011872,1.21,0.62923,1.9629e-05,1
