"p","U:0","U:1","U:2","Ksl","Us:0","Us:1","Us:2","rho","voidfraction","Volume","Cell Type"
29.939,-0.00082222,-0.00065759,0.97458,7344.4,-1.2411e-05,-4.8169e-06,0.00018329,1.21,0.62955,1.9629e-05,1
