"p","U:0","U:1","U:2","Ksl","Us:0","Us:1","Us:2","rho","voidfraction","Volume","Cell Type"
65.055,0.011557,-0.010964,1.8585,6363.9,-0.00060433,0.00065916,0.0019704,1.21,0.64098,1.9629e-05,1
