"p","U:0","U:1","U:2","Ksl","Us:0","Us:1","Us:2","rho","voidfraction","Volume","Cell Type"
19.162,-0.0025623,-0.0037062,0.65957,7330.4,0.00015916,8.25e-05,0.020363,1.21,0.63267,1.9629e-05,1
