"p","U:0","U:1","U:2","Ksl","Us:0","Us:1","Us:2","rho","voidfraction","Volume","Cell Type"
71.326,-0.0036786,-0.0089605,2.1297,6828.9,-0.0010209,7.9637e-06,0.00016354,1.21,0.6408,1.9629e-05,1
