"p","U:0","U:1","U:2","Ksl","Us:0","Us:1","Us:2","rho","voidfraction","Volume","Cell Type"
96.149,-0.10869,-0.12016,2.3747,3533.8,0.0022392,0.0033535,0.013593,1.21,0.74983,1.9629e-05,1
