"p","U:0","U:1","U:2","Ksl","Us:0","Us:1","Us:2","rho","voidfraction","Volume","Cell Type"
19.192,-0.0028488,-0.0036557,0.65945,7309.7,4.7242e-05,3.3267e-05,0.020929,1.21,0.63298,1.9629e-05,1
