"p","U:0","U:1","U:2","Ksl","Us:0","Us:1","Us:2","rho","voidfraction","Volume","Cell Type"
100.84,0.18097,0.089608,2.3393,2791.1,0.046426,0.026331,0.059469,1.21,0.77653,1.9629e-05,1
