"p","U:0","U:1","U:2","Ksl","Us:0","Us:1","Us:2","rho","voidfraction","Volume","Cell Type"
80.4,0.001534,0.00071582,2.309,6665.2,0.00045231,0.00058428,0.0021741,1.21,0.6538,1.9629e-05,1
