"p","U:0","U:1","U:2","Ksl","Us:0","Us:1","Us:2","rho","voidfraction","Volume","Cell Type"
57.173,0.018529,-0.011044,1.8056,6332.7,-0.00010781,0.0008012,0.0020559,1.21,0.6402,1.9629e-05,1
