"p","U:0","U:1","U:2","Ksl","Us:0","Us:1","Us:2","rho","voidfraction","Volume","Cell Type"
48.692,0.0076971,0.014697,1.5915,6055.4,-0.00096104,0.0010156,0.023366,1.21,0.63746,1.9629e-05,1
