"p","U:0","U:1","U:2","Ksl","Us:0","Us:1","Us:2","rho","voidfraction","Volume","Cell Type"
94.733,0.053406,0.009516,2.3539,3521.3,-0.00020909,-0.00029322,0.01811,1.21,0.74765,1.9629e-05,1
