"p","U:0","U:1","U:2","Ksl","Us:0","Us:1","Us:2","rho","voidfraction","Volume","Cell Type"
39.951,-0.0031963,0.00052334,1.2928,6036.5,-5.9812e-05,-0.00016839,0.0016055,1.21,0.6295,1.9629e-05,1
