"p","U:0","U:1","U:2","Ksl","Us:0","Us:1","Us:2","rho","voidfraction","Volume","Cell Type"
255.18,0.002183,-0.0010647,4.1169,17.344,-0.0012711,0.00071739,0.0092829,1.21,0.99784,1.9629e-05,1
