"p","U:0","U:1","U:2","Ksl","Us:0","Us:1","Us:2","rho","voidfraction","Volume","Cell Type"
45.79,-0.015082,-0.015331,1.5396,6172.6,-0.00020033,-0.00025291,-0.018206,1.21,0.63618,1.9629e-05,1
