"p","U:0","U:1","U:2","Ksl","Us:0","Us:1","Us:2","rho","voidfraction","Volume","Cell Type"
59.739,0.015688,-0.0089718,1.9123,6441.2,-0.0012899,0.00090595,0.0018422,1.21,0.64108,1.9629e-05,1
