"p","U:0","U:1","U:2","Ksl","Us:0","Us:1","Us:2","rho","voidfraction","Volume","Cell Type"
233.47,0.0025967,-0.00036169,3.9038,66.485,0.0044067,-0.0029088,0.036393,1.21,0.99165,1.9629e-05,1
