"p","U:0","U:1","U:2","Ksl","Us:0","Us:1","Us:2","rho","voidfraction","Volume","Cell Type"
254.64,0.0017053,-0.0014586,4.1169,16.66,0.00037947,0.00050784,0.0032501,1.21,0.99792,1.9629e-05,1
