"p","U:0","U:1","U:2","Ksl","Us:0","Us:1","Us:2","rho","voidfraction","Volume","Cell Type"
249.45,-0.0064707,-0.042661,3.6584,494.49,-0.0043899,0.018026,0.016346,1.21,0.94854,1.9629e-05,1
