"p","U:0","U:1","U:2","Ksl","Us:0","Us:1","Us:2","rho","voidfraction","Volume","Cell Type"
36.605,-0.00019461,0.0011524,1.0415,6422.3,-3.3606e-06,0.00014303,0.00077753,1.21,0.62911,1.9629e-05,1
