"p","U:0","U:1","U:2","Ksl","Us:0","Us:1","Us:2","rho","voidfraction","Volume","Cell Type"
167.89,0.023653,0.23175,2.8602,1962.5,0.0086371,-0.11785,0.073032,1.21,0.83571,1.9629e-05,1
