"p","U:0","U:1","U:2","Ksl","Us:0","Us:1","Us:2","rho","voidfraction","Volume","Cell Type"
50.093,-0.00041564,-0.016264,1.6961,6141.9,0.00025906,-8.838e-05,0.027487,1.21,0.63944,1.9629e-05,1
