"p","U:0","U:1","U:2","Ksl","Us:0","Us:1","Us:2","rho","voidfraction","Volume","Cell Type"
83.547,0.021306,0.0042335,2.3153,5827.1,0.0012438,0.00061241,0.002611,1.21,0.67363,1.9629e-05,1
