"p","U:0","U:1","U:2","Ksl","Us:0","Us:1","Us:2","rho","voidfraction","Volume","Cell Type"
24.379,0.00028043,-0.00038654,0.80951,7382.9,-4.8157e-05,-3.1872e-05,-0.017887,1.21,0.63183,1.9629e-05,1
