"p","U:0","U:1","U:2","Ksl","Us:0","Us:1","Us:2","rho","voidfraction","Volume","Cell Type"
36.002,0.004728,0.0072916,1.1375,6165.3,0.00017725,0.00043695,0.0014074,1.21,0.62891,1.9629e-05,1
