"p","U:0","U:1","U:2","Ksl","Us:0","Us:1","Us:2","rho","voidfraction","Volume","Cell Type"
65.127,0.0041689,-0.01151,2.0104,6612.9,-0.00082405,-6.7174e-05,0.00031422,1.21,0.64266,1.9629e-05,1
