"p","U:0","U:1","U:2","Ksl","Us:0","Us:1","Us:2","rho","voidfraction","Volume","Cell Type"
84.623,-0.010294,0.015139,2.3286,5979,0.0016543,0.00092889,0.0034331,1.21,0.66896,1.9629e-05,1
