"p","U:0","U:1","U:2","Ksl","Us:0","Us:1","Us:2","rho","voidfraction","Volume","Cell Type"
55.191,0.0027724,-0.035967,1.7581,6242.8,-0.00029061,-0.00011117,0.020191,1.21,0.63938,1.9629e-05,1
