"p","U:0","U:1","U:2","Ksl","Us:0","Us:1","Us:2","rho","voidfraction","Volume","Cell Type"
271.97,0.00023032,-0.0004853,4.2458,10.617,0.00041717,0.00023707,0.0029781,1.21,0.99867,1.9629e-05,1
