"p","U:0","U:1","U:2","Ksl","Us:0","Us:1","Us:2","rho","voidfraction","Volume","Cell Type"
80.464,-0.001567,-0.00043567,2.309,6711.4,-0.00050941,0.00038369,0.0032913,1.21,0.65269,1.9629e-05,1
