"p","U:0","U:1","U:2","Ksl","Us:0","Us:1","Us:2","rho","voidfraction","Volume","Cell Type"
28.388,-0.0020948,-0.0031876,0.72417,8038.6,7.4895e-05,1.0047e-06,-0.013878,1.21,0.63221,1.9629e-05,1
