"p","U:0","U:1","U:2","Ksl","Us:0","Us:1","Us:2","rho","voidfraction","Volume","Cell Type"
146.08,-0.052879,0.42347,2.9962,1520.8,-0.0036046,0.016923,-0.0023705,1.21,0.87633,1.9629e-05,1
