"p","U:0","U:1","U:2","Ksl","Us:0","Us:1","Us:2","rho","voidfraction","Volume","Cell Type"
37.037,0.012088,-0.00039913,1.4307,6231,0.00036785,0.0013264,0.02255,1.21,0.63331,1.9629e-05,1
