"p","U:0","U:1","U:2","Ksl","Us:0","Us:1","Us:2","rho","voidfraction","Volume","Cell Type"
277.46,0.026569,-0.0027628,3.8763,315.48,0.0069954,0.015655,0.034683,1.21,0.96494,1.9629e-05,1
