"p","U:0","U:1","U:2","Ksl","Us:0","Us:1","Us:2","rho","voidfraction","Volume","Cell Type"
52.813,0.019023,0.0086096,1.6124,6184.4,-0.0010381,0.00060854,0.027418,1.21,0.63665,1.9629e-05,1
