"p","U:0","U:1","U:2","Ksl","Us:0","Us:1","Us:2","rho","voidfraction","Volume","Cell Type"
263.06,0.00081374,-0.0014195,4.2027,12.941,0.0001817,0.00010893,0.0029161,1.21,0.99833,1.9629e-05,1
