"p","U:0","U:1","U:2","Ksl","Us:0","Us:1","Us:2","rho","voidfraction","Volume","Cell Type"
80.126,0.0013241,-0.00079084,2.3057,6682.9,0.0001511,0.0005349,0.0023876,1.21,0.6539,1.9629e-05,1
