"p","U:0","U:1","U:2","Ksl","Us:0","Us:1","Us:2","rho","voidfraction","Volume","Cell Type"
38.824,0.00095614,0.0006588,1.2402,6035.8,-0.00011297,-8.5523e-05,0.0010937,1.21,0.62903,1.9629e-05,1
