"p","U:0","U:1","U:2","Ksl","Us:0","Us:1","Us:2","rho","voidfraction","Volume","Cell Type"
63.119,0.0074348,-0.0061905,1.9559,6547,-0.0011562,-0.0002582,3.1629e-05,1.21,0.64221,1.9629e-05,1
