"p","U:0","U:1","U:2","Ksl","Us:0","Us:1","Us:2","rho","voidfraction","Volume","Cell Type"
220.67,0.095394,0.21477,3.5826,920.64,-0.0011371,-0.016114,0.015446,1.21,0.91371,1.9629e-05,1
