"p","U:0","U:1","U:2","Ksl","Us:0","Us:1","Us:2","rho","voidfraction","Volume","Cell Type"
81.867,-0.0056873,0.0051758,2.2991,6608.6,-0.00036882,0.001496,0.0019731,1.21,0.65602,1.9629e-05,1
