"p","U:0","U:1","U:2","Ksl","Us:0","Us:1","Us:2","rho","voidfraction","Volume","Cell Type"
24.405,-0.0013169,-0.0010514,0.8507,7183.7,-0.0001747,-7.2362e-05,-0.011359,1.21,0.63141,1.9629e-05,1
