"p","U:0","U:1","U:2","Ksl","Us:0","Us:1","Us:2","rho","voidfraction","Volume","Cell Type"
62.019,0.00028136,-0.006635,1.9624,6601.9,-0.00030181,0.00048313,0.0011712,1.21,0.64053,1.9629e-05,1
