"p","U:0","U:1","U:2","Ksl","Us:0","Us:1","Us:2","rho","voidfraction","Volume","Cell Type"
72.043,-0.0047519,-0.0051988,2.1846,6924.7,0.00036631,-0.0012581,0.000816,1.21,0.64109,1.9629e-05,1
