"p","U:0","U:1","U:2","Ksl","Us:0","Us:1","Us:2","rho","voidfraction","Volume","Cell Type"
23.703,-0.0029114,-0.0044183,0.68536,7816.1,-1.1834e-05,0.00010842,0.021513,1.21,0.6327,1.9629e-05,1
