"p","U:0","U:1","U:2","Ksl","Us:0","Us:1","Us:2","rho","voidfraction","Volume","Cell Type"
236.08,-0.0020273,0.030921,3.8157,221.44,-0.0079907,0.060905,0.027338,1.21,0.97482,1.9629e-05,1
