"p","U:0","U:1","U:2","Ksl","Us:0","Us:1","Us:2","rho","voidfraction","Volume","Cell Type"
31.303,-0.0027435,-0.0034652,0.79907,8009.9,8.3558e-05,-6.1277e-05,0.0025027,1.21,0.63206,1.9629e-05,1
