"p","U:0","U:1","U:2","Ksl","Us:0","Us:1","Us:2","rho","voidfraction","Volume","Cell Type"
41.787,0.0083259,0.011785,1.4424,5990.1,0.0012078,0.00065187,0.030415,1.21,0.63341,1.9629e-05,1
