"p","U:0","U:1","U:2","Ksl","Us:0","Us:1","Us:2","rho","voidfraction","Volume","Cell Type"
250.85,0.0023742,-0.0013029,4.074,20.55,0.0013574,-0.003008,0.010191,1.21,0.9974,1.9629e-05,1
