"p","U:0","U:1","U:2","Ksl","Us:0","Us:1","Us:2","rho","voidfraction","Volume","Cell Type"
244.22,0.0042019,0.00065093,4.031,22.62,0.00043068,-0.00062052,0.0091382,1.21,0.99715,1.9629e-05,1
