"p","U:0","U:1","U:2","Ksl","Us:0","Us:1","Us:2","rho","voidfraction","Volume","Cell Type"
55.411,0.016901,-0.011019,1.8083,6307.9,-0.00056169,0.00012055,0.0010012,1.21,0.64021,1.9629e-05,1
