"p","U:0","U:1","U:2","Ksl","Us:0","Us:1","Us:2","rho","voidfraction","Volume","Cell Type"
240.5,0.0030733,-0.059801,3.8238,256,-0.0011675,-0.056032,0.0099315,1.21,0.97175,1.9629e-05,1
