"p","U:0","U:1","U:2","Ksl","Us:0","Us:1","Us:2","rho","voidfraction","Volume","Cell Type"
34.254,-0.0019105,-0.0036533,1.3323,6231.7,0.0003421,0.00048121,-0.0053902,1.21,0.63047,1.9629e-05,1
