"p","U:0","U:1","U:2","Ksl","Us:0","Us:1","Us:2","rho","voidfraction","Volume","Cell Type"
212.2,0.0024041,0.065274,3.4679,826.88,0.019747,0.10986,0.040154,1.21,0.92044,1.9629e-05,1
