"p","U:0","U:1","U:2","Ksl","Us:0","Us:1","Us:2","rho","voidfraction","Volume","Cell Type"
40.529,0.0031355,0.0063985,1.1861,6022.7,2.1073e-05,-2.4342e-05,0.0010633,1.21,0.62882,1.9629e-05,1
