"p","U:0","U:1","U:2","Ksl","Us:0","Us:1","Us:2","rho","voidfraction","Volume","Cell Type"
32.306,-0.00043844,0.0011407,1.0369,6344.9,-0.00015714,0.00012363,0.00030212,1.21,0.62923,1.9629e-05,1
