"p","U:0","U:1","U:2","Ksl","Us:0","Us:1","Us:2","rho","voidfraction","Volume","Cell Type"
28.26,-0.0014727,-0.0011308,0.92041,7414.9,-2.6856e-07,-1.4013e-06,0.00012157,1.21,0.62971,1.9629e-05,1
