"p","U:0","U:1","U:2","Ksl","Us:0","Us:1","Us:2","rho","voidfraction","Volume","Cell Type"
261.58,0.0016735,-0.00075013,4.1598,14.394,0.0016953,-0.0010537,0.006617,1.21,0.99818,1.9629e-05,1
