"p","U:0","U:1","U:2","Ksl","Us:0","Us:1","Us:2","rho","voidfraction","Volume","Cell Type"
88.826,0.047947,-0.018318,2.2247,3093.5,0.01493,0.0041767,0.01748,1.21,0.76908,1.9629e-05,1
