"p","U:0","U:1","U:2","Ksl","Us:0","Us:1","Us:2","rho","voidfraction","Volume","Cell Type"
28.154,-0.0014397,-0.00090416,0.92026,7409.1,2.1633e-06,5.1706e-06,0.00019963,1.21,0.6297,1.9629e-05,1
