"p","U:0","U:1","U:2","Ksl","Us:0","Us:1","Us:2","rho","voidfraction","Volume","Cell Type"
63.334,0.0040255,-0.0063629,1.9589,6553.7,-0.00089183,0.00030783,0.0010614,1.21,0.64122,1.9629e-05,1
