"p","U:0","U:1","U:2","Ksl","Us:0","Us:1","Us:2","rho","voidfraction","Volume","Cell Type"
35.146,-0.0060073,-0.016409,1.3791,6276.5,0.00042004,-0.0004831,-0.011591,1.21,0.63329,1.9629e-05,1
