"p","U:0","U:1","U:2","Ksl","Us:0","Us:1","Us:2","rho","voidfraction","Volume","Cell Type"
39.023,0.0081914,0.0087171,1.3435,6046.5,-0.00029812,-1.6391e-05,-0.0071933,1.21,0.62989,1.9629e-05,1
