"p","U:0","U:1","U:2","Ksl","Us:0","Us:1","Us:2","rho","voidfraction","Volume","Cell Type"
16.758,-0.0038697,-0.0036788,0.58365,7421.2,5.0203e-06,-4.6957e-05,0.00044387,1.21,0.6332,1.9629e-05,1
