"p","U:0","U:1","U:2","Ksl","Us:0","Us:1","Us:2","rho","voidfraction","Volume","Cell Type"
71.648,-0.0028415,-0.0098596,2.1301,6853.1,0.00024295,-0.0011159,0.00038573,1.21,0.64064,1.9629e-05,1
