"p","U:0","U:1","U:2","Ksl","Us:0","Us:1","Us:2","rho","voidfraction","Volume","Cell Type"
68.512,-0.0017729,-0.0071554,2.1305,6883.7,0.0001129,-0.0012575,0.00015133,1.21,0.6404,1.9629e-05,1
