"p","U:0","U:1","U:2","Ksl","Us:0","Us:1","Us:2","rho","voidfraction","Volume","Cell Type"
41.077,0.0021927,0.0022935,1.24,6024.8,1.4256e-05,-0.00010227,0.00093659,1.21,0.62923,1.9629e-05,1
