"p","U:0","U:1","U:2","Ksl","Us:0","Us:1","Us:2","rho","voidfraction","Volume","Cell Type"
81.572,0.0021842,0.0040062,2.2988,6635.6,-0.0002886,-9.0426e-05,0.0022785,1.21,0.65552,1.9629e-05,1
