"p","U:0","U:1","U:2","Ksl","Us:0","Us:1","Us:2","rho","voidfraction","Volume","Cell Type"
262.39,0.00068401,-0.0012658,4.1601,12.929,-0.00053318,-0.00069267,0.0052592,1.21,0.99833,1.9629e-05,1
