"p","U:0","U:1","U:2","Ksl","Us:0","Us:1","Us:2","rho","voidfraction","Volume","Cell Type"
49.765,-0.014508,-0.0033613,1.6986,6168.1,0.00085262,-0.00024897,-0.014186,1.21,0.64001,1.9629e-05,1
