"p","U:0","U:1","U:2","Ksl","Us:0","Us:1","Us:2","rho","voidfraction","Volume","Cell Type"
94.527,-0.085476,-0.044428,2.2874,3351.5,-0.0044799,0.0050806,0.015532,1.21,0.75799,1.9629e-05,1
