"p","U:0","U:1","U:2","Ksl","Us:0","Us:1","Us:2","rho","voidfraction","Volume","Cell Type"
136.01,0.099283,0.31652,2.7959,1178.8,0.0077179,-0.051566,0.032959,1.21,0.88943,1.9629e-05,1
