"p","U:0","U:1","U:2","Ksl","Us:0","Us:1","Us:2","rho","voidfraction","Volume","Cell Type"
37.358,-0.0010073,-0.014587,1.4765,6430.5,0.00010663,0.00092708,0.0097579,1.21,0.6376,1.9629e-05,1
