"p","U:0","U:1","U:2","Ksl","Us:0","Us:1","Us:2","rho","voidfraction","Volume","Cell Type"
38.067,0.0014088,0.001238,1.2406,6015.2,1.2485e-05,-7.7205e-05,0.00093617,1.21,0.62908,1.9629e-05,1
