"p","U:0","U:1","U:2","Ksl","Us:0","Us:1","Us:2","rho","voidfraction","Volume","Cell Type"
40.429,0.004771,0.0061659,1.1361,6146.1,-0.00012342,0.00014348,0.0012547,1.21,0.62888,1.9629e-05,1
