"p","U:0","U:1","U:2","Ksl","Us:0","Us:1","Us:2","rho","voidfraction","Volume","Cell Type"
41.091,0.0033012,-2.7118e-05,1.3878,6044.8,0.0002501,0.00085207,-0.02495,1.21,0.63199,1.9629e-05,1
