"p","U:0","U:1","U:2","Ksl","Us:0","Us:1","Us:2","rho","voidfraction","Volume","Cell Type"
69.651,-0.0043432,-0.011636,2.1295,6839.1,-0.0013441,-0.00041775,-8.8096e-06,1.21,0.64086,1.9629e-05,1
