"p","U:0","U:1","U:2","Ksl","Us:0","Us:1","Us:2","rho","voidfraction","Volume","Cell Type"
71.284,-0.0019455,-0.0087667,2.1863,6913.6,-0.00091269,0.0006001,0.00035707,1.21,0.64077,1.9629e-05,1
