"p","U:0","U:1","U:2","Ksl","Us:0","Us:1","Us:2","rho","voidfraction","Volume","Cell Type"
36.75,-0.0021261,-0.0019692,1.3789,6164.8,0.00080612,-0.00057553,-0.018835,1.21,0.63307,1.9629e-05,1
