"p","U:0","U:1","U:2","Ksl","Us:0","Us:1","Us:2","rho","voidfraction","Volume","Cell Type"
58.011,0.014384,-0.0062707,1.8621,6433.4,-0.00051365,0.00066956,0.00092279,1.21,0.63956,1.9629e-05,1
