"p","U:0","U:1","U:2","Ksl","Us:0","Us:1","Us:2","rho","voidfraction","Volume","Cell Type"
54.371,0.015343,-0.013777,1.8075,6304.4,-0.00090731,0.00010156,0.0015307,1.21,0.64,1.9629e-05,1
