"p","U:0","U:1","U:2","Ksl","Us:0","Us:1","Us:2","rho","voidfraction","Volume","Cell Type"
246.5,0.0025408,-0.0015873,4.0318,24.188,-0.00016272,0.000852,0.011588,1.21,0.99691,1.9629e-05,1
