"p","U:0","U:1","U:2","Ksl","Us:0","Us:1","Us:2","rho","voidfraction","Volume","Cell Type"
140.53,0.034677,0.0011257,2.8767,2415.2,0.034869,-0.18676,0.070883,1.21,0.81799,1.9629e-05,1
