"p","U:0","U:1","U:2","Ksl","Us:0","Us:1","Us:2","rho","voidfraction","Volume","Cell Type"
28.208,-0.0015058,-0.00095762,0.92033,7410.9,2.4746e-06,4.0792e-07,0.0001896,1.21,0.6297,1.9629e-05,1
