"p","U:0","U:1","U:2","Ksl","Us:0","Us:1","Us:2","rho","voidfraction","Volume","Cell Type"
204.05,-0.25628,0.024438,3.4082,1050.2,0.024028,0.018918,0.028322,1.21,0.89952,1.9629e-05,1
