"p","U:0","U:1","U:2","Ksl","Us:0","Us:1","Us:2","rho","voidfraction","Volume","Cell Type"
60.822,0.0089636,-0.0094516,1.9059,6433.7,-0.00021297,0.00020827,0.0012234,1.21,0.64177,1.9629e-05,1
