"p","U:0","U:1","U:2","Ksl","Us:0","Us:1","Us:2","rho","voidfraction","Volume","Cell Type"
44.054,-0.0090992,-0.020101,1.5818,6322.3,0.00025537,-5.2536e-05,-0.0055179,1.21,0.63994,1.9629e-05,1
