"p","U:0","U:1","U:2","Ksl","Us:0","Us:1","Us:2","rho","voidfraction","Volume","Cell Type"
66.669,-0.00067023,-0.0055676,2.0112,6634.4,0.00012806,-0.00083035,0.0010514,1.21,0.64215,1.9629e-05,1
