"p","U:0","U:1","U:2","Ksl","Us:0","Us:1","Us:2","rho","voidfraction","Volume","Cell Type"
237.9,0.0011233,0.0072943,3.9092,82.151,-0.0007506,0.00218,0.023412,1.21,0.9898,1.9629e-05,1
