"p","U:0","U:1","U:2","Ksl","Us:0","Us:1","Us:2","rho","voidfraction","Volume","Cell Type"
91.029,0.031939,0.029424,2.2914,3327.4,0.0097517,0.0043608,0.010932,1.21,0.75596,1.9629e-05,1
