"p","U:0","U:1","U:2","Ksl","Us:0","Us:1","Us:2","rho","voidfraction","Volume","Cell Type"
81.993,-0.0059967,-0.0067647,2.261,6650.4,-0.00015045,0.00024349,0.0034353,1.21,0.65154,1.9629e-05,1
