"p","U:0","U:1","U:2","Ksl","Us:0","Us:1","Us:2","rho","voidfraction","Volume","Cell Type"
34.835,-0.00034548,0.0019386,1.0888,6285,0.00014203,0.00014536,0.00084988,1.21,0.62894,1.9629e-05,1
