"p","U:0","U:1","U:2","Ksl","Us:0","Us:1","Us:2","rho","voidfraction","Volume","Cell Type"
58.814,0.015743,-0.013859,1.9074,6403.4,-0.00027795,0.00024303,0.0016551,1.21,0.64229,1.9629e-05,1
