"p","U:0","U:1","U:2","Ksl","Us:0","Us:1","Us:2","rho","voidfraction","Volume","Cell Type"
222.63,-0.033286,0.035739,3.6279,913.25,0.059448,0.12495,0.065658,1.21,0.91147,1.9629e-05,1
