"p","U:0","U:1","U:2","Ksl","Us:0","Us:1","Us:2","rho","voidfraction","Volume","Cell Type"
84.974,0.0050175,-0.019132,2.3326,5950,-0.0015138,-0.0032363,0.0017318,1.21,0.66999,1.9629e-05,1
