"p","U:0","U:1","U:2","Ksl","Us:0","Us:1","Us:2","rho","voidfraction","Volume","Cell Type"
281.5,0.00030073,0.00042769,4.289,8.9374,-0.001391,-0.00065151,0.0053085,1.21,0.99887,1.9629e-05,1
