"p","U:0","U:1","U:2","Ksl","Us:0","Us:1","Us:2","rho","voidfraction","Volume","Cell Type"
63.026,0.003952,-0.0075777,1.9617,6566.6,-0.0011415,3.4603e-05,0.0010001,1.21,0.64084,1.9629e-05,1
