"p","U:0","U:1","U:2","Ksl","Us:0","Us:1","Us:2","rho","voidfraction","Volume","Cell Type"
63.191,0.0013557,-0.0038901,1.9552,6565.6,-0.00060732,0.00085097,0.00038365,1.21,0.64217,1.9629e-05,1
