"p","U:0","U:1","U:2","Ksl","Us:0","Us:1","Us:2","rho","voidfraction","Volume","Cell Type"
45.038,-0.006303,-0.011484,1.6502,6460.7,0.00025884,0.00059146,-0.0055516,1.21,0.63672,1.9629e-05,1
