"p","U:0","U:1","U:2","Ksl","Us:0","Us:1","Us:2","rho","voidfraction","Volume","Cell Type"
269.58,0.0013267,-0.00022945,4.2453,11.067,0.0010478,-0.00099495,0.0021617,1.21,0.9986,1.9629e-05,1
