"p","U:0","U:1","U:2","Ksl","Us:0","Us:1","Us:2","rho","voidfraction","Volume","Cell Type"
258.55,0.0015211,0.0002063,4.16,13.736,-0.00065765,-0.00075468,0.0028307,1.21,0.99823,1.9629e-05,1
