"p","U:0","U:1","U:2","Ksl","Us:0","Us:1","Us:2","rho","voidfraction","Volume","Cell Type"
182.18,0.041117,0.34148,2.7463,1507.3,-0.0017588,-0.056366,0.023003,1.21,0.86789,1.9629e-05,1
