"p","U:0","U:1","U:2","Ksl","Us:0","Us:1","Us:2","rho","voidfraction","Volume","Cell Type"
159.35,0.041936,0.010476,3.0088,1781.2,0.070256,0.16674,0.076853,1.21,0.85279,1.9629e-05,1
