"p","U:0","U:1","U:2","Ksl","Us:0","Us:1","Us:2","rho","voidfraction","Volume","Cell Type"
80.523,0.0041553,-0.0032572,2.3083,6707.3,0.0001424,0.00064151,0.0028109,1.21,0.65309,1.9629e-05,1
