"p","U:0","U:1","U:2","Ksl","Us:0","Us:1","Us:2","rho","voidfraction","Volume","Cell Type"
37.098,-0.0051265,-0.015584,1.4287,6257.3,0.0011745,-0.00033267,-0.015752,1.21,0.63489,1.9629e-05,1
