"p","U:0","U:1","U:2","Ksl","Us:0","Us:1","Us:2","rho","voidfraction","Volume","Cell Type"
276.41,-0.00013433,0.0012633,4.2888,9.6987,1.9402e-06,0.00016005,0.0028408,1.21,0.99877,1.9629e-05,1
