"p","U:0","U:1","U:2","Ksl","Us:0","Us:1","Us:2","rho","voidfraction","Volume","Cell Type"
18.692,-0.0053215,-0.0045673,0.42681,8689.1,2.3406e-05,-0.0001089,8.7403e-06,1.21,0.6337,1.9629e-05,1
