"p","U:0","U:1","U:2","Ksl","Us:0","Us:1","Us:2","rho","voidfraction","Volume","Cell Type"
17.338,-0.0019439,-0.0023172,0.63394,7135.4,8.6893e-05,4.9807e-05,-0.0037226,1.21,0.63281,1.9629e-05,1
