"p","U:0","U:1","U:2","Ksl","Us:0","Us:1","Us:2","rho","voidfraction","Volume","Cell Type"
38.713,0.0031549,-8.6316e-05,1.4861,6203.5,0.00026669,0.0010785,0.026714,1.21,0.63369,1.9629e-05,1
