"p","U:0","U:1","U:2","Ksl","Us:0","Us:1","Us:2","rho","voidfraction","Volume","Cell Type"
46.682,-0.0057115,-0.0061332,1.697,6360.6,0.00041875,0.00066559,-0.010725,1.21,0.63993,1.9629e-05,1
