"p","U:0","U:1","U:2","Ksl","Us:0","Us:1","Us:2","rho","voidfraction","Volume","Cell Type"
61.931,0.014576,-0.012627,1.767,6261,-0.00080366,0.0003286,0.003861,1.21,0.64015,1.9629e-05,1
