"p","U:0","U:1","U:2","Ksl","Us:0","Us:1","Us:2","rho","voidfraction","Volume","Cell Type"
164.39,-0.37238,0.42815,3.1197,1475.2,-0.0041065,0.023748,0.0089834,1.21,0.87714,1.9629e-05,1
