"p","U:0","U:1","U:2","Ksl","Us:0","Us:1","Us:2","rho","voidfraction","Volume","Cell Type"
49.538,-0.0019413,-0.0044036,1.7421,6322.8,-8.6167e-05,-0.00019648,0.014845,1.21,0.64363,1.9629e-05,1
