"p","U:0","U:1","U:2","Ksl","Us:0","Us:1","Us:2","rho","voidfraction","Volume","Cell Type"
246.17,0.05602,0.051632,3.6756,565.55,-0.0040595,-0.0084669,0.022913,1.21,0.94127,1.9629e-05,1
