"p","U:0","U:1","U:2","Ksl","Us:0","Us:1","Us:2","rho","voidfraction","Volume","Cell Type"
57.92,0.0007069,0.0038518,1.7135,6120.5,-1.6421e-05,0.00069666,-0.014589,1.21,0.64111,1.9629e-05,1
