"p","U:0","U:1","U:2","Ksl","Us:0","Us:1","Us:2","rho","voidfraction","Volume","Cell Type"
98.005,0.054198,0.010049,2.3321,3261,-0.013188,0.0081512,0.024028,1.21,0.75772,1.9629e-05,1
