"p","U:0","U:1","U:2","Ksl","Us:0","Us:1","Us:2","rho","voidfraction","Volume","Cell Type"
40.738,-0.0037425,0.00053226,1.2951,6061.4,6.5321e-06,5.9335e-05,0.0015772,1.21,0.62957,1.9629e-05,1
