"p","U:0","U:1","U:2","Ksl","Us:0","Us:1","Us:2","rho","voidfraction","Volume","Cell Type"
17.397,-0.0031418,-0.0033401,0.64079,7173.1,4.0072e-05,-6.9713e-05,0.0073628,1.21,0.63258,1.9629e-05,1
