"p","U:0","U:1","U:2","Ksl","Us:0","Us:1","Us:2","rho","voidfraction","Volume","Cell Type"
25.005,-0.0040751,-0.0030575,0.86371,7163.4,8.4269e-05,4.9669e-05,0.019267,1.21,0.63142,1.9629e-05,1
