"p","U:0","U:1","U:2","Ksl","Us:0","Us:1","Us:2","rho","voidfraction","Volume","Cell Type"
267.43,5.2668e-05,-0.0018268,4.2029,12.292,-8.8203e-05,0.0016478,0.0037074,1.21,0.99846,1.9629e-05,1
