"p","U:0","U:1","U:2","Ksl","Us:0","Us:1","Us:2","rho","voidfraction","Volume","Cell Type"
235.35,0.0012359,0.00016001,3.9477,41.097,-0.002117,0.0002509,0.018402,1.21,0.99468,1.9629e-05,1
