"p","U:0","U:1","U:2","Ksl","Us:0","Us:1","Us:2","rho","voidfraction","Volume","Cell Type"
30.942,-0.0043927,-0.0038815,0.8524,7748.4,2.2754e-07,-0.00014294,0.01436,1.21,0.6317,1.9629e-05,1
