"p","U:0","U:1","U:2","Ksl","Us:0","Us:1","Us:2","rho","voidfraction","Volume","Cell Type"
73.852,-0.0057122,-0.0095495,2.2327,6951,-0.00080221,0.0008364,0.0012391,1.21,0.64274,1.9629e-05,1
