"p","U:0","U:1","U:2","Ksl","Us:0","Us:1","Us:2","rho","voidfraction","Volume","Cell Type"
58.958,-0.0059583,-0.002886,1.6739,6306.8,-0.0009337,-0.00023668,-0.0016173,1.21,0.63733,1.9629e-05,1
