"p","U:0","U:1","U:2","Ksl","Us:0","Us:1","Us:2","rho","voidfraction","Volume","Cell Type"
239.08,0.0036186,0.0019081,3.9892,32.117,0.0011803,0.0013478,0.0098134,1.21,0.99585,1.9629e-05,1
