"p","U:0","U:1","U:2","Ksl","Us:0","Us:1","Us:2","rho","voidfraction","Volume","Cell Type"
38.118,0.0034092,0.001082,1.2393,6008.9,4.8334e-05,-5.9547e-05,0.0018246,1.21,0.62913,1.9629e-05,1
