"p","U:0","U:1","U:2","Ksl","Us:0","Us:1","Us:2","rho","voidfraction","Volume","Cell Type"
21.583,-0.0017529,-0.0018539,0.69678,7471.3,1.3422e-05,2.2306e-05,-0.021972,1.21,0.63229,1.9629e-05,1
