"p","U:0","U:1","U:2","Ksl","Us:0","Us:1","Us:2","rho","voidfraction","Volume","Cell Type"
19.532,-0.0047911,-0.0035695,0.61301,7648.6,9.8062e-05,5.1626e-05,0.018993,1.21,0.63338,1.9629e-05,1
