"p","U:0","U:1","U:2","Ksl","Us:0","Us:1","Us:2","rho","voidfraction","Volume","Cell Type"
51.745,0.00053914,-0.0011351,1.7014,6205.6,0.00021224,0.00097895,-0.016332,1.21,0.63902,1.9629e-05,1
