"p","U:0","U:1","U:2","Ksl","Us:0","Us:1","Us:2","rho","voidfraction","Volume","Cell Type"
57.427,-0.00013083,0.0018056,1.6281,6197.7,0.0010437,-0.00095835,-0.0085789,1.21,0.63869,1.9629e-05,1
