"p","U:0","U:1","U:2","Ksl","Us:0","Us:1","Us:2","rho","voidfraction","Volume","Cell Type"
236.34,0.03029,0.18154,3.6844,870.13,0.0027212,0.00021272,0.0034865,1.21,0.92053,1.9629e-05,1
