"p","U:0","U:1","U:2","Ksl","Us:0","Us:1","Us:2","rho","voidfraction","Volume","Cell Type"
58.992,0.016065,-0.010869,1.8597,6370.5,-0.00079172,0.00043345,0.0022401,1.21,0.64051,1.9629e-05,1
