"p","U:0","U:1","U:2","Ksl","Us:0","Us:1","Us:2","rho","voidfraction","Volume","Cell Type"
37.571,0.0067137,0.0052255,1.1858,6041.5,0.00014807,-0.00022165,0.0014104,1.21,0.62873,1.9629e-05,1
