"p","U:0","U:1","U:2","Ksl","Us:0","Us:1","Us:2","rho","voidfraction","Volume","Cell Type"
36.115,0.0045949,0.0058309,1.1368,6154.9,-0.0001179,0.00011424,0.0012982,1.21,0.62915,1.9629e-05,1
