"p","U:0","U:1","U:2","Ksl","Us:0","Us:1","Us:2","rho","voidfraction","Volume","Cell Type"
90.31,0.030876,0.004304,2.2967,4191.9,0.0027877,-0.0065984,0.022819,1.21,0.72295,1.9629e-05,1
