"p","U:0","U:1","U:2","Ksl","Us:0","Us:1","Us:2","rho","voidfraction","Volume","Cell Type"
253.9,0.00039678,-0.002086,4.117,16.811,0.00056073,0.00027769,0.0088506,1.21,0.99784,1.9629e-05,1
