"p","U:0","U:1","U:2","Ksl","Us:0","Us:1","Us:2","rho","voidfraction","Volume","Cell Type"
86.995,0.0044572,-0.0055268,2.3426,5802.4,0.00052418,0.0035228,0.0029726,1.21,0.67747,1.9629e-05,1
