"p","U:0","U:1","U:2","Ksl","Us:0","Us:1","Us:2","rho","voidfraction","Volume","Cell Type"
170.31,0.0033064,-0.089845,3.0913,969.62,-0.030976,0.088961,0.035823,1.21,0.90608,1.9629e-05,1
