"p","U:0","U:1","U:2","Ksl","Us:0","Us:1","Us:2","rho","voidfraction","Volume","Cell Type"
69.247,-0.0029165,-0.0071592,2.1295,6846.7,0.00053332,-0.00091039,0.0011258,1.21,0.64062,1.9629e-05,1
