"p","U:0","U:1","U:2","Ksl","Us:0","Us:1","Us:2","rho","voidfraction","Volume","Cell Type"
17.776,-0.0019456,-0.0023254,0.63575,7198.8,3.3336e-05,-0.00011349,-0.0044256,1.21,0.63303,1.9629e-05,1
