"p","U:0","U:1","U:2","Ksl","Us:0","Us:1","Us:2","rho","voidfraction","Volume","Cell Type"
250.03,0.0019418,-1.8096e-05,4.0743,20.348,9.9175e-05,-0.00059578,0.0071974,1.21,0.99742,1.9629e-05,1
