"p","U:0","U:1","U:2","Ksl","Us:0","Us:1","Us:2","rho","voidfraction","Volume","Cell Type"
37.831,0.0073886,0.0063425,1.1846,6050.8,0.00030747,-0.00027773,0.0014378,1.21,0.62873,1.9629e-05,1
