"p","U:0","U:1","U:2","Ksl","Us:0","Us:1","Us:2","rho","voidfraction","Volume","Cell Type"
80.185,-0.0034394,-0.004785,2.3072,6693.1,-0.00052832,-0.00015836,0.0021273,1.21,0.65342,1.9629e-05,1
