"p","U:0","U:1","U:2","Ksl","Us:0","Us:1","Us:2","rho","voidfraction","Volume","Cell Type"
94.406,-0.064658,-0.036447,2.3411,3716.9,-0.0074401,0.0020101,0.014269,1.21,0.73901,1.9629e-05,1
