"p","U:0","U:1","U:2","Ksl","Us:0","Us:1","Us:2","rho","voidfraction","Volume","Cell Type"
38.647,0.0020516,0.0013212,1.2408,6026.7,-4.9164e-05,5.215e-05,0.0012858,1.21,0.62916,1.9629e-05,1
