"p","U:0","U:1","U:2","Ksl","Us:0","Us:1","Us:2","rho","voidfraction","Volume","Cell Type"
204.15,0.34373,-0.096445,3.4015,1277.2,0.028418,-0.053789,0.0018961,1.21,0.88803,1.9629e-05,1
