"p","U:0","U:1","U:2","Ksl","Us:0","Us:1","Us:2","rho","voidfraction","Volume","Cell Type"
33.764,0.0012635,0.00090921,1.0902,6275.9,0.00011048,1.2576e-05,0.0010771,1.21,0.62912,1.9629e-05,1
