"p","U:0","U:1","U:2","Ksl","Us:0","Us:1","Us:2","rho","voidfraction","Volume","Cell Type"
87.686,-0.008464,0.0021396,2.2735,3688.8,-0.0033296,0.00063164,0.0066955,1.21,0.74068,1.9629e-05,1
