"p","U:0","U:1","U:2","Ksl","Us:0","Us:1","Us:2","rho","voidfraction","Volume","Cell Type"
113.83,0.033485,0.69854,2.4934,3211.4,0.00060116,0.04106,-0.0054917,1.21,0.78007,1.9629e-05,1
