"p","U:0","U:1","U:2","Ksl","Us:0","Us:1","Us:2","rho","voidfraction","Volume","Cell Type"
165.57,-0.12693,-0.54894,2.6627,2169.3,0.0064905,-0.059688,-0.00065222,1.21,0.82687,1.9629e-05,1
