"p","U:0","U:1","U:2","Ksl","Us:0","Us:1","Us:2","rho","voidfraction","Volume","Cell Type"
84.609,0.014677,0.0029375,2.315,5833.9,-0.0012107,0.00020001,0.0014834,1.21,0.67227,1.9629e-05,1
