"p","U:0","U:1","U:2","Ksl","Us:0","Us:1","Us:2","rho","voidfraction","Volume","Cell Type"
41.768,-0.0097221,-0.018852,1.568,6516.3,0.00088161,-0.00030953,0.001292,1.21,0.63593,1.9629e-05,1
