"p","U:0","U:1","U:2","Ksl","Us:0","Us:1","Us:2","rho","voidfraction","Volume","Cell Type"
242.8,-0.00022891,-0.018745,3.8869,162.6,-0.0075885,-0.036128,0.028391,1.21,0.98123,1.9629e-05,1
