"p","U:0","U:1","U:2","Ksl","Us:0","Us:1","Us:2","rho","voidfraction","Volume","Cell Type"
47.519,0.0027801,-0.00073946,1.3525,6124.7,0.00031151,5.0297e-05,-0.0059584,1.21,0.62997,1.9629e-05,1
