"p","U:0","U:1","U:2","Ksl","Us:0","Us:1","Us:2","rho","voidfraction","Volume","Cell Type"
35.971,0.0059983,0.0053557,1.1369,6163.5,0.00044705,0.0002597,0.0017627,1.21,0.62887,1.9629e-05,1
