"p","U:0","U:1","U:2","Ksl","Us:0","Us:1","Us:2","rho","voidfraction","Volume","Cell Type"
58.278,0.00089604,-0.0010305,1.6773,6338.3,-0.00032077,0.0013121,0.0086977,1.21,0.6371,1.9629e-05,1
