"p","U:0","U:1","U:2","Ksl","Us:0","Us:1","Us:2","rho","voidfraction","Volume","Cell Type"
262.71,0.022045,-0.082989,3.712,337.51,0.0027294,0.0022095,0.03671,1.21,0.96212,1.9629e-05,1
