"p","U:0","U:1","U:2","Ksl","Us:0","Us:1","Us:2","rho","voidfraction","Volume","Cell Type"
34.278,0.0016488,0.0002911,1.0895,6279.2,3.7648e-05,0.00024009,0.00099625,1.21,0.62908,1.9629e-05,1
