"p","U:0","U:1","U:2","Ksl","Us:0","Us:1","Us:2","rho","voidfraction","Volume","Cell Type"
253.68,0.026424,0.020956,3.6996,456.17,-0.013432,-0.0086317,0.038911,1.21,0.9498,1.9629e-05,1
