"p","U:0","U:1","U:2","Ksl","Us:0","Us:1","Us:2","rho","voidfraction","Volume","Cell Type"
34.568,0.0007026,0.0022195,1.0887,6280.5,3.764e-05,0.00023184,0.00096207,1.21,0.62884,1.9629e-05,1
