"p","U:0","U:1","U:2","Ksl","Us:0","Us:1","Us:2","rho","voidfraction","Volume","Cell Type"
247.3,0.0036134,-0.0016936,4.0316,25.743,-0.00044499,-0.00051938,0.013612,1.21,0.99675,1.9629e-05,1
