"p","U:0","U:1","U:2","Ksl","Us:0","Us:1","Us:2","rho","voidfraction","Volume","Cell Type"
18.949,-0.0044939,-0.0054088,0.43097,8698.2,0.00019737,-9.6242e-05,0.00088749,1.21,0.63372,1.9629e-05,1
