"p","U:0","U:1","U:2","Ksl","Us:0","Us:1","Us:2","rho","voidfraction","Volume","Cell Type"
243.13,-0.00082448,-0.052029,3.8194,235.96,-0.0071299,-0.020689,-0.0064587,1.21,0.97511,1.9629e-05,1
