"p","U:0","U:1","U:2","Ksl","Us:0","Us:1","Us:2","rho","voidfraction","Volume","Cell Type"
259.94,0.00093841,-0.00046679,4.1597,15.769,0.00012303,0.00087051,0.0058541,1.21,0.99804,1.9629e-05,1
