"p","U:0","U:1","U:2","Ksl","Us:0","Us:1","Us:2","rho","voidfraction","Volume","Cell Type"
254.51,-0.0012434,0.056537,3.909,254.76,-0.010034,0.084841,0.032841,1.21,0.97149,1.9629e-05,1
