"p","U:0","U:1","U:2","Ksl","Us:0","Us:1","Us:2","rho","voidfraction","Volume","Cell Type"
23.931,-0.0017379,-0.000825,0.84704,7075.7,-0.00015106,-8.417e-06,-0.0019922,1.21,0.6314,1.9629e-05,1
