"p","U:0","U:1","U:2","Ksl","Us:0","Us:1","Us:2","rho","voidfraction","Volume","Cell Type"
22.968,0.0018199,0.00054343,0.80318,7091.4,-1.6682e-05,-4.4722e-05,-0.011811,1.21,0.63183,1.9629e-05,1
