"p","U:0","U:1","U:2","Ksl","Us:0","Us:1","Us:2","rho","voidfraction","Volume","Cell Type"
260.67,0.00047696,-6.5777e-05,4.1597,14.12,-0.00021306,0.00026023,0.0086677,1.21,0.99823,1.9629e-05,1
