"p","U:0","U:1","U:2","Ksl","Us:0","Us:1","Us:2","rho","voidfraction","Volume","Cell Type"
54.057,-0.0086824,0.0020688,1.6546,6180.9,-0.00017147,7.2673e-05,-0.015174,1.21,0.63746,1.9629e-05,1
