"p","U:0","U:1","U:2","Ksl","Us:0","Us:1","Us:2","rho","voidfraction","Volume","Cell Type"
105.84,-0.037327,0.55168,2.4003,2632.8,0.0024563,-0.010184,0.0069651,1.21,0.80613,1.9629e-05,1
