"p","U:0","U:1","U:2","Ksl","Us:0","Us:1","Us:2","rho","voidfraction","Volume","Cell Type"
248.08,0.0048173,-0.00078439,4.0529,20.905,-0.00012324,7.0201e-05,0.0050685,1.21,0.99734,1.9629e-05,1
