"p","U:0","U:1","U:2","Ksl","Us:0","Us:1","Us:2","rho","voidfraction","Volume","Cell Type"
70.871,-0.0048925,-0.0066921,2.1848,6924.1,0.00043296,-0.0012367,0.00038134,1.21,0.64117,1.9629e-05,1
