"p","U:0","U:1","U:2","Ksl","Us:0","Us:1","Us:2","rho","voidfraction","Volume","Cell Type"
245.27,-0.0053744,-0.031894,3.8915,169.59,-0.0030128,-0.029161,0.0070443,1.21,0.98096,1.9629e-05,1
