"p","U:0","U:1","U:2","Ksl","Us:0","Us:1","Us:2","rho","voidfraction","Volume","Cell Type"
237.37,-1.9271e-05,0.0028514,3.9471,51.528,-0.0031363,0.0015695,0.023646,1.21,0.99338,1.9629e-05,1
