"p","U:0","U:1","U:2","Ksl","Us:0","Us:1","Us:2","rho","voidfraction","Volume","Cell Type"
18.359,-0.0038833,-0.0043333,0.60301,7548.3,3.9687e-05,-1.0189e-06,0.014465,1.21,0.63312,1.9629e-05,1
