"p","U:0","U:1","U:2","Ksl","Us:0","Us:1","Us:2","rho","voidfraction","Volume","Cell Type"
257.21,-0.030747,-0.0070349,3.7412,444.52,0.016264,-0.047646,0.042629,1.21,0.95201,1.9629e-05,1
