"p","U:0","U:1","U:2","Ksl","Us:0","Us:1","Us:2","rho","voidfraction","Volume","Cell Type"
27.017,-0.00074324,0.00075141,0.90671,7175.9,-0.0001803,6.2299e-05,-0.0088693,1.21,0.63116,1.9629e-05,1
