"p","U:0","U:1","U:2","Ksl","Us:0","Us:1","Us:2","rho","voidfraction","Volume","Cell Type"
184.95,-0.22555,0.17622,3.3836,1203.8,0.036736,0.037953,-0.00014254,1.21,0.89362,1.9629e-05,1
