"p","U:0","U:1","U:2","Ksl","Us:0","Us:1","Us:2","rho","voidfraction","Volume","Cell Type"
244.06,-0.0022952,-0.032118,3.8896,165.49,-0.0015383,-0.012553,0.0088641,1.21,0.98157,1.9629e-05,1
