"p","U:0","U:1","U:2","Ksl","Us:0","Us:1","Us:2","rho","voidfraction","Volume","Cell Type"
43.287,-0.0093814,-0.0096844,1.4905,6156.9,0.0011886,-0.00063888,-0.021495,1.21,0.63442,1.9629e-05,1
