"p","U:0","U:1","U:2","Ksl","Us:0","Us:1","Us:2","rho","voidfraction","Volume","Cell Type"
36.949,0.00042392,0.00085739,1.0889,6296.4,0.00021068,-0.00011105,0.0012182,1.21,0.62897,1.9629e-05,1
