"p","U:0","U:1","U:2","Ksl","Us:0","Us:1","Us:2","rho","voidfraction","Volume","Cell Type"
79.083,-0.0048544,-0.0034606,2.2586,6690.9,-0.00025782,-0.00026582,0.0024665,1.21,0.65131,1.9629e-05,1
