"p","U:0","U:1","U:2","Ksl","Us:0","Us:1","Us:2","rho","voidfraction","Volume","Cell Type"
237.75,0.014823,0.10003,3.7801,246.37,0.015618,0.02346,0.0014669,1.21,0.97294,1.9629e-05,1
