"p","U:0","U:1","U:2","Ksl","Us:0","Us:1","Us:2","rho","voidfraction","Volume","Cell Type"
272.07,0.0012357,-0.00041768,4.2457,10.979,5.4878e-05,0.0013433,0.005627,1.21,0.99862,1.9629e-05,1
