"p","U:0","U:1","U:2","Ksl","Us:0","Us:1","Us:2","rho","voidfraction","Volume","Cell Type"
22.438,-0.0049187,-0.0049968,0.76857,7148.9,-5.7882e-05,-0.00010007,0.025108,1.21,0.6321,1.9629e-05,1
