"p","U:0","U:1","U:2","Ksl","Us:0","Us:1","Us:2","rho","voidfraction","Volume","Cell Type"
274.56,0.0011357,0.00040075,4.2459,11.162,-0.0007637,0.00046327,0.00484,1.21,0.99858,1.9629e-05,1
