"p","U:0","U:1","U:2","Ksl","Us:0","Us:1","Us:2","rho","voidfraction","Volume","Cell Type"
133.47,0.065466,0.94608,2.6256,3350.3,-0.0022086,0.26622,0.070219,1.21,0.77009,1.9629e-05,1
