"p","U:0","U:1","U:2","Ksl","Us:0","Us:1","Us:2","rho","voidfraction","Volume","Cell Type"
59.436,0.011206,-0.0088334,1.8093,6287.1,-0.00057448,0.00018289,-0.00036466,1.21,0.64045,1.9629e-05,1
