"p","U:0","U:1","U:2","Ksl","Us:0","Us:1","Us:2","rho","voidfraction","Volume","Cell Type"
47.816,-0.0069573,-0.0045414,1.6998,6415.5,0.00022262,9.8373e-05,-0.0010126,1.21,0.6401,1.9629e-05,1
