"p","U:0","U:1","U:2","Ksl","Us:0","Us:1","Us:2","rho","voidfraction","Volume","Cell Type"
61.201,0.0069416,-0.01172,1.9069,6467.1,-0.00062024,-0.00049568,0.00073265,1.21,0.64098,1.9629e-05,1
