"p","U:0","U:1","U:2","Ksl","Us:0","Us:1","Us:2","rho","voidfraction","Volume","Cell Type"
245.48,0.0052655,8.4919e-05,4.0315,21.74,-0.00094019,0.00091731,0.0070867,1.21,0.99723,1.9629e-05,1
