"p","U:0","U:1","U:2","Ksl","Us:0","Us:1","Us:2","rho","voidfraction","Volume","Cell Type"
28.18,-0.0014162,-0.00099798,0.92017,7408.9,6.6764e-07,7.8409e-07,-0.00010862,1.21,0.62969,1.9629e-05,1
