"p","U:0","U:1","U:2","Ksl","Us:0","Us:1","Us:2","rho","voidfraction","Volume","Cell Type"
127.31,-0.13151,0.60436,2.5634,2997.3,0.00024492,0.22754,0.074151,1.21,0.77655,1.9629e-05,1
