"p","U:0","U:1","U:2","Ksl","Us:0","Us:1","Us:2","rho","voidfraction","Volume","Cell Type"
250.67,0.011159,0.052981,3.7047,511.23,0.016195,0.071995,0.047399,1.21,0.94455,1.9629e-05,1
