"p","U:0","U:1","U:2","Ksl","Us:0","Us:1","Us:2","rho","voidfraction","Volume","Cell Type"
66.976,7.933e-05,-0.0082199,2.0377,6661.8,-0.00065886,0.00069482,0.0019106,1.21,0.64206,1.9629e-05,1
