"p","U:0","U:1","U:2","Ksl","Us:0","Us:1","Us:2","rho","voidfraction","Volume","Cell Type"
20.132,-0.0040456,-0.0033224,0.7516,6946.1,-0.00015595,-3.7618e-05,0.019436,1.21,0.63195,1.9629e-05,1
