"p","U:0","U:1","U:2","Ksl","Us:0","Us:1","Us:2","rho","voidfraction","Volume","Cell Type"
229.98,-0.00035195,0.0092554,3.8109,199.68,-0.0018301,0.041209,0.023662,1.21,0.97746,1.9629e-05,1
