"p","U:0","U:1","U:2","Ksl","Us:0","Us:1","Us:2","rho","voidfraction","Volume","Cell Type"
59.158,0.0015463,-0.00038619,1.7115,6196.7,-5.1215e-05,0.00028547,-0.0091409,1.21,0.6387,1.9629e-05,1
