"p","U:0","U:1","U:2","Ksl","Us:0","Us:1","Us:2","rho","voidfraction","Volume","Cell Type"
86.491,-0.0046693,-0.040032,2.3564,5917.4,-0.0018617,-0.0021794,0.0029857,1.21,0.67406,1.9629e-05,1
