"p","U:0","U:1","U:2","Ksl","Us:0","Us:1","Us:2","rho","voidfraction","Volume","Cell Type"
40.45,0.0033708,0.0015555,1.2937,6034.6,4.8277e-05,2.7269e-05,0.00049067,1.21,0.62936,1.9629e-05,1
