"p","U:0","U:1","U:2","Ksl","Us:0","Us:1","Us:2","rho","voidfraction","Volume","Cell Type"
36.12,0.0040919,0.0072388,1.1384,6151.5,0.0001988,0.00027273,0.0018034,1.21,0.62894,1.9629e-05,1
