"p","U:0","U:1","U:2","Ksl","Us:0","Us:1","Us:2","rho","voidfraction","Volume","Cell Type"
38.49,0.0035276,0.0018925,1.2382,6029.8,9.7182e-05,-2.171e-06,0.00068303,1.21,0.62905,1.9629e-05,1
