"p","U:0","U:1","U:2","Ksl","Us:0","Us:1","Us:2","rho","voidfraction","Volume","Cell Type"
267.67,-0.0090592,-0.098144,3.9246,327.11,-0.007747,-0.074936,0.018406,1.21,0.96674,1.9629e-05,1
