"p","U:0","U:1","U:2","Ksl","Us:0","Us:1","Us:2","rho","voidfraction","Volume","Cell Type"
278.01,0.00060092,-0.00099591,4.2887,9.6521,0.00019954,0.00045082,0.0022467,1.21,0.99876,1.9629e-05,1
