"p","U:0","U:1","U:2","Ksl","Us:0","Us:1","Us:2","rho","voidfraction","Volume","Cell Type"
232.54,0.0031927,0.00078683,3.9026,59.519,-0.0031246,-0.0039052,0.023076,1.21,0.99241,1.9629e-05,1
