"p","U:0","U:1","U:2","Ksl","Us:0","Us:1","Us:2","rho","voidfraction","Volume","Cell Type"
271.86,-0.021594,-0.085578,3.8714,285.38,-0.0053186,-0.039395,0.0073466,1.21,0.9689,1.9629e-05,1
