"p","U:0","U:1","U:2","Ksl","Us:0","Us:1","Us:2","rho","voidfraction","Volume","Cell Type"
243.26,-0.020427,-0.059085,3.6891,625.35,0.020807,0.056915,0.021748,1.21,0.93711,1.9629e-05,1
