"p","U:0","U:1","U:2","Ksl","Us:0","Us:1","Us:2","rho","voidfraction","Volume","Cell Type"
47.412,-0.008632,-0.0046507,1.6933,6290,7.2818e-06,0.00028779,0.02371,1.21,0.63998,1.9629e-05,1
