"p","U:0","U:1","U:2","Ksl","Us:0","Us:1","Us:2","rho","voidfraction","Volume","Cell Type"
255.8,0.0019655,-0.0014261,4.1168,16.446,0.00098175,-0.0012609,0.0082683,1.21,0.99793,1.9629e-05,1
