"p","U:0","U:1","U:2","Ksl","Us:0","Us:1","Us:2","rho","voidfraction","Volume","Cell Type"
34.245,0.0012273,0.00098044,1.0901,6266.3,0.00010532,0.00020106,0.001358,1.21,0.62886,1.9629e-05,1
