"p","U:0","U:1","U:2","Ksl","Us:0","Us:1","Us:2","rho","voidfraction","Volume","Cell Type"
99.194,-0.19589,-0.29513,2.3382,2390.8,0.014501,-0.00082463,-0.0061681,1.21,0.80439,1.9629e-05,1
