"p","U:0","U:1","U:2","Ksl","Us:0","Us:1","Us:2","rho","voidfraction","Volume","Cell Type"
52.985,0.0037498,0.0016528,1.4882,6154,-2.277e-05,0.0008682,0.0039932,1.21,0.63425,1.9629e-05,1
