"p","U:0","U:1","U:2","Ksl","Us:0","Us:1","Us:2","rho","voidfraction","Volume","Cell Type"
42.058,0.0072485,0.0066637,1.3537,6033.9,0.0025587,0.0035656,0.022497,1.21,0.63024,1.9629e-05,1
