"p","U:0","U:1","U:2","Ksl","Us:0","Us:1","Us:2","rho","voidfraction","Volume","Cell Type"
203.4,-0.20359,-0.0020094,3.4247,1194.1,-0.074436,-0.0038112,0.0051626,1.21,0.89693,1.9629e-05,1
