"p","U:0","U:1","U:2","Ksl","Us:0","Us:1","Us:2","rho","voidfraction","Volume","Cell Type"
28.196,-0.001356,-0.0009281,0.92002,7412,-4.0296e-06,2.8145e-06,-0.00021795,1.21,0.62973,1.9629e-05,1
