"p","U:0","U:1","U:2","Ksl","Us:0","Us:1","Us:2","rho","voidfraction","Volume","Cell Type"
37.565,0.0041184,0.0058271,1.1844,6044.7,-0.00012939,0.00016814,0.0011581,1.21,0.62876,1.9629e-05,1
