"p","U:0","U:1","U:2","Ksl","Us:0","Us:1","Us:2","rho","voidfraction","Volume","Cell Type"
57.198,0.01718,-0.010274,1.8326,6335.7,-0.00074733,0.00074213,0.0019328,1.21,0.64063,1.9629e-05,1
