"p","U:0","U:1","U:2","Ksl","Us:0","Us:1","Us:2","rho","voidfraction","Volume","Cell Type"
28.218,-0.0014559,-0.0010165,0.92009,7408.8,-3.1735e-06,1.9279e-06,-0.00014335,1.21,0.62973,1.9629e-05,1
