"p","U:0","U:1","U:2","Ksl","Us:0","Us:1","Us:2","rho","voidfraction","Volume","Cell Type"
32.503,-0.00054129,0.00092299,1.0407,6406.2,0.00023039,0.00017533,0.00040869,1.21,0.62937,1.9629e-05,1
