"p","U:0","U:1","U:2","Ksl","Us:0","Us:1","Us:2","rho","voidfraction","Volume","Cell Type"
60.599,0.019082,-0.010365,1.9119,6425.2,-0.00084054,0.00082534,0.0015017,1.21,0.64146,1.9629e-05,1
