"p","U:0","U:1","U:2","Ksl","Us:0","Us:1","Us:2","rho","voidfraction","Volume","Cell Type"
40.852,-0.0016317,0.0015368,1.2941,6069.4,1.2151e-05,8.7599e-05,0.00065627,1.21,0.62954,1.9629e-05,1
