"p","U:0","U:1","U:2","Ksl","Us:0","Us:1","Us:2","rho","voidfraction","Volume","Cell Type"
44.205,0.0016173,0.00066988,1.2418,6044.9,0.00011018,-7.1683e-05,0.0014296,1.21,0.62924,1.9629e-05,1
