"p","U:0","U:1","U:2","Ksl","Us:0","Us:1","Us:2","rho","voidfraction","Volume","Cell Type"
55.619,0.0096098,-0.022394,1.8019,6245.2,-0.00015417,-4.8553e-05,-0.011606,1.21,0.64373,1.9629e-05,1
