"p","U:0","U:1","U:2","Ksl","Us:0","Us:1","Us:2","rho","voidfraction","Volume","Cell Type"
224.82,0.074193,0.087559,3.5832,790.03,0.033256,0.073901,0.055568,1.21,0.92206,1.9629e-05,1
