"p","U:0","U:1","U:2","Ksl","Us:0","Us:1","Us:2","rho","voidfraction","Volume","Cell Type"
84.815,-0.0071738,0.013398,2.321,6060.4,-0.00033788,-0.0019709,0.00082012,1.21,0.66946,1.9629e-05,1
