"p","U:0","U:1","U:2","Ksl","Us:0","Us:1","Us:2","rho","voidfraction","Volume","Cell Type"
243.77,0.0030714,-0.00079167,4.0317,24.604,-0.0016851,0.00089753,0.014169,1.21,0.99688,1.9629e-05,1
