"p","U:0","U:1","U:2","Ksl","Us:0","Us:1","Us:2","rho","voidfraction","Volume","Cell Type"
37.7,0.0026723,-0.0087072,1.4781,6406.2,-5.5407e-05,0.00029081,0.01874,1.21,0.63623,1.9629e-05,1
