"p","U:0","U:1","U:2","Ksl","Us:0","Us:1","Us:2","rho","voidfraction","Volume","Cell Type"
231.95,-0.0061684,0.047493,3.7936,307.28,-0.0081678,0.070718,0.023946,1.21,0.96587,1.9629e-05,1
