"p","U:0","U:1","U:2","Ksl","Us:0","Us:1","Us:2","rho","voidfraction","Volume","Cell Type"
73.574,-0.0058067,-0.0082123,2.2377,6966.5,-0.0008862,0.00059156,0.0012947,1.21,0.64195,1.9629e-05,1
