"p","U:0","U:1","U:2","Ksl","Us:0","Us:1","Us:2","rho","voidfraction","Volume","Cell Type"
23.107,0.00039793,0.00085776,0.75506,7358.5,0.00010007,-8.4855e-05,-0.020363,1.21,0.63194,1.9629e-05,1
