"p","U:0","U:1","U:2","Ksl","Us:0","Us:1","Us:2","rho","voidfraction","Volume","Cell Type"
272.74,-0.052055,-0.13147,3.8778,534.21,0.0026007,0.036212,0.026248,1.21,0.94574,1.9629e-05,1
