"p","U:0","U:1","U:2","Ksl","Us:0","Us:1","Us:2","rho","voidfraction","Volume","Cell Type"
254.76,0.0017164,0.00082126,4.1168,14.951,-0.00050825,0.00061083,0.0056944,1.21,0.99813,1.9629e-05,1
