"p","U:0","U:1","U:2","Ksl","Us:0","Us:1","Us:2","rho","voidfraction","Volume","Cell Type"
80.553,-0.00057232,-0.0027312,2.3084,6681.4,-0.00026871,-7.4552e-05,0.0023032,1.21,0.65351,1.9629e-05,1
