"p","U:0","U:1","U:2","Ksl","Us:0","Us:1","Us:2","rho","voidfraction","Volume","Cell Type"
40.379,-0.0017298,-0.0049534,1.4322,6053.3,0.001004,-0.00072992,-0.024178,1.21,0.63483,1.9629e-05,1
