"p","U:0","U:1","U:2","Ksl","Us:0","Us:1","Us:2","rho","voidfraction","Volume","Cell Type"
77.955,-0.00176,-0.0019118,2.2571,6635,0.00062522,0.00040928,0.0023609,1.21,0.65236,1.9629e-05,1
