"p","U:0","U:1","U:2","Ksl","Us:0","Us:1","Us:2","rho","voidfraction","Volume","Cell Type"
83.946,-0.0080967,0.0066841,2.334,6049,-0.0013879,0.00061678,0.0017859,1.21,0.66835,1.9629e-05,1
