"p","U:0","U:1","U:2","Ksl","Us:0","Us:1","Us:2","rho","voidfraction","Volume","Cell Type"
30.166,-0.0011813,-0.00075552,0.97594,7354.4,-2.7552e-05,-6.7986e-06,0.001033,1.21,0.62967,1.9629e-05,1
