"p","U:0","U:1","U:2","Ksl","Us:0","Us:1","Us:2","rho","voidfraction","Volume","Cell Type"
48.352,-0.014233,0.00083852,1.5472,6093.9,0.00046731,-0.0018814,-0.021453,1.21,0.63622,1.9629e-05,1
