"p","U:0","U:1","U:2","Ksl","Us:0","Us:1","Us:2","rho","voidfraction","Volume","Cell Type"
230.46,0.18718,0.42633,3.7061,712.66,-0.0042999,0.00063101,0.0038473,1.21,0.93304,1.9629e-05,1
