"p","U:0","U:1","U:2","Ksl","Us:0","Us:1","Us:2","rho","voidfraction","Volume","Cell Type"
68.97,-0.0034841,-0.0080367,2.1305,6878.8,-0.0013848,-0.00015934,0.00021958,1.21,0.64046,1.9629e-05,1
