"p","U:0","U:1","U:2","Ksl","Us:0","Us:1","Us:2","rho","voidfraction","Volume","Cell Type"
238.05,-0.001383,0.021856,3.808,176.74,0.0011801,0.0053785,0.021331,1.21,0.98031,1.9629e-05,1
