"p","U:0","U:1","U:2","Ksl","Us:0","Us:1","Us:2","rho","voidfraction","Volume","Cell Type"
69.282,-0.0027951,-0.0050285,2.1312,6876,-0.00013272,-0.00066921,0.0006498,1.21,0.64032,1.9629e-05,1
