"p","U:0","U:1","U:2","Ksl","Us:0","Us:1","Us:2","rho","voidfraction","Volume","Cell Type"
48.573,-0.012534,-0.011697,1.5925,6129.9,-0.0012007,0.00028597,-0.017446,1.21,0.63758,1.9629e-05,1
