"p","U:0","U:1","U:2","Ksl","Us:0","Us:1","Us:2","rho","voidfraction","Volume","Cell Type"
240.55,-0.0030346,-0.038707,3.8217,247.77,0.006069,-0.053413,0.020949,1.21,0.97213,1.9629e-05,1
