"p","U:0","U:1","U:2","Ksl","Us:0","Us:1","Us:2","rho","voidfraction","Volume","Cell Type"
59.399,0.020292,-0.010194,1.859,6352.2,-0.00053257,0.00062124,0.0017534,1.21,0.64094,1.9629e-05,1
