"p","U:0","U:1","U:2","Ksl","Us:0","Us:1","Us:2","rho","voidfraction","Volume","Cell Type"
41.863,0.003784,-0.0033655,1.4358,6120.5,0.00060483,-0.00054673,-0.022689,1.21,0.63361,1.9629e-05,1
