"p","U:0","U:1","U:2","Ksl","Us:0","Us:1","Us:2","rho","voidfraction","Volume","Cell Type"
92.162,0.088941,0.027944,2.2869,3489.3,0.0083504,0.0021128,0.017002,1.21,0.74906,1.9629e-05,1
