"p","U:0","U:1","U:2","Ksl","Us:0","Us:1","Us:2","rho","voidfraction","Volume","Cell Type"
44.205,0.0072462,0.0041472,1.4933,5979.6,0.00040797,2.0703e-05,0.031867,1.21,0.63548,1.9629e-05,1
