"p","U:0","U:1","U:2","Ksl","Us:0","Us:1","Us:2","rho","voidfraction","Volume","Cell Type"
77.447,-0.0012469,-0.0016456,2.2577,6647.4,0.00031414,0.00011981,0.0026439,1.21,0.65245,1.9629e-05,1
