"p","U:0","U:1","U:2","Ksl","Us:0","Us:1","Us:2","rho","voidfraction","Volume","Cell Type"
70.626,-0.0023613,-0.0076123,2.1307,6847.8,0.00024602,-0.00070313,0.0002969,1.21,0.64056,1.9629e-05,1
