"p","U:0","U:1","U:2","Ksl","Us:0","Us:1","Us:2","rho","voidfraction","Volume","Cell Type"
251.53,0.001133,-0.028585,3.7596,378.77,-0.0040589,0.022193,0.029124,1.21,0.95904,1.9629e-05,1
