"p","U:0","U:1","U:2","Ksl","Us:0","Us:1","Us:2","rho","voidfraction","Volume","Cell Type"
24.005,0.0017939,-0.00017983,0.8081,7270.4,-3.1644e-05,1.3769e-06,-0.017834,1.21,0.63181,1.9629e-05,1
