"p","U:0","U:1","U:2","Ksl","Us:0","Us:1","Us:2","rho","voidfraction","Volume","Cell Type"
262.37,-0.032815,0.039909,3.7664,383.31,-0.00069368,-0.022825,0.045358,1.21,0.95779,1.9629e-05,1
