"p","U:0","U:1","U:2","Ksl","Us:0","Us:1","Us:2","rho","voidfraction","Volume","Cell Type"
38.449,0.0051759,0.0070276,1.1857,6122.5,4.4695e-05,0.00014027,0.0016087,1.21,0.6287,1.9629e-05,1
