"p","U:0","U:1","U:2","Ksl","Us:0","Us:1","Us:2","rho","voidfraction","Volume","Cell Type"
230.04,0.15412,0.098122,3.6291,854.31,0.0079244,-0.036209,0.025239,1.21,0.91897,1.9629e-05,1
