"p","U:0","U:1","U:2","Ksl","Us:0","Us:1","Us:2","rho","voidfraction","Volume","Cell Type"
50.469,0.0069575,0.0049738,1.4429,6187.7,-0.00036992,5.274e-05,-0.0010026,1.21,0.63285,1.9629e-05,1
