"p","U:0","U:1","U:2","Ksl","Us:0","Us:1","Us:2","rho","voidfraction","Volume","Cell Type"
251.78,0.0030235,-0.0004882,4.0745,20.198,0.00040717,0.00085186,0.0067295,1.21,0.99745,1.9629e-05,1
