"p","U:0","U:1","U:2","Ksl","Us:0","Us:1","Us:2","rho","voidfraction","Volume","Cell Type"
250.46,0.10003,-0.0091177,3.6919,622.63,-0.066757,0.0028264,0.03796,1.21,0.93596,1.9629e-05,1
