"p","U:0","U:1","U:2","Ksl","Us:0","Us:1","Us:2","rho","voidfraction","Volume","Cell Type"
234.21,0.0028012,0.0033776,3.9071,71.509,-0.0012392,0.0090146,0.016882,1.21,0.99106,1.9629e-05,1
