"p","U:0","U:1","U:2","Ksl","Us:0","Us:1","Us:2","rho","voidfraction","Volume","Cell Type"
58.42,0.014829,-0.0095605,1.9139,6438.4,-0.0013624,0.0011086,0.0014251,1.21,0.6407,1.9629e-05,1
