"p","U:0","U:1","U:2","Ksl","Us:0","Us:1","Us:2","rho","voidfraction","Volume","Cell Type"
25.999,-0.0044264,-0.0036907,0.86854,7196.1,5.6642e-05,-1.8934e-05,0.019184,1.21,0.63141,1.9629e-05,1
