"p","U:0","U:1","U:2","Ksl","Us:0","Us:1","Us:2","rho","voidfraction","Volume","Cell Type"
276.89,0.00054958,0.00032097,4.2885,10.037,0.00010889,0.00011365,0.0046329,1.21,0.99872,1.9629e-05,1
