"p","U:0","U:1","U:2","Ksl","Us:0","Us:1","Us:2","rho","voidfraction","Volume","Cell Type"
70.926,-0.0076423,-0.0084346,2.185,6925.6,-0.0010213,0.00045718,0.00031172,1.21,0.64112,1.9629e-05,1
