"p","U:0","U:1","U:2","Ksl","Us:0","Us:1","Us:2","rho","voidfraction","Volume","Cell Type"
44.019,-0.0039297,-0.0051225,1.4819,6059.5,3.9963e-06,0.00091765,-0.023943,1.21,0.63569,1.9629e-05,1
