"p","U:0","U:1","U:2","Ksl","Us:0","Us:1","Us:2","rho","voidfraction","Volume","Cell Type"
87.925,-0.0048349,0.024423,2.3625,5870.3,-0.0013509,0.0020503,0.0039185,1.21,0.67415,1.9629e-05,1
