"p","U:0","U:1","U:2","Ksl","Us:0","Us:1","Us:2","rho","voidfraction","Volume","Cell Type"
29.747,-0.0032934,-0.0028929,0.71053,8231.7,-7.2966e-05,6.8361e-05,-0.0021236,1.21,0.63246,1.9629e-05,1
