"p","U:0","U:1","U:2","Ksl","Us:0","Us:1","Us:2","rho","voidfraction","Volume","Cell Type"
57.076,-0.0042916,0.0075091,1.7141,6134,-0.00045203,0.0017122,-0.011202,1.21,0.63946,1.9629e-05,1
