"p","U:0","U:1","U:2","Ksl","Us:0","Us:1","Us:2","rho","voidfraction","Volume","Cell Type"
39.767,-0.0072835,-0.012395,1.5379,6423.1,0.0010066,-0.00019766,-0.0022443,1.21,0.63653,1.9629e-05,1
