"p","U:0","U:1","U:2","Ksl","Us:0","Us:1","Us:2","rho","voidfraction","Volume","Cell Type"
222.87,0.16666,0.21156,3.565,785.16,-0.010058,0.0047536,0.0096253,1.21,0.92329,1.9629e-05,1
