"p","U:0","U:1","U:2","Ksl","Us:0","Us:1","Us:2","rho","voidfraction","Volume","Cell Type"
38.909,0.0025506,-0.00050923,1.2401,6052.8,-0.00010933,-5.0895e-05,0.0012192,1.21,0.6291,1.9629e-05,1
