"p","U:0","U:1","U:2","Ksl","Us:0","Us:1","Us:2","rho","voidfraction","Volume","Cell Type"
20.611,-0.0042027,-0.004101,0.56055,8111.1,0.00012446,3.8653e-05,0.013543,1.21,0.63358,1.9629e-05,1
