"p","U:0","U:1","U:2","Ksl","Us:0","Us:1","Us:2","rho","voidfraction","Volume","Cell Type"
36.952,-0.00048576,-0.00036559,1.0411,6413.1,-4.0291e-05,2.0372e-05,0.00048319,1.21,0.62919,1.9629e-05,1
