"p","U:0","U:1","U:2","Ksl","Us:0","Us:1","Us:2","rho","voidfraction","Volume","Cell Type"
128.82,0.16463,0.47842,2.8293,1799.7,0.032213,0.018675,-0.0075297,1.21,0.86098,1.9629e-05,1
