"p","U:0","U:1","U:2","Ksl","Us:0","Us:1","Us:2","rho","voidfraction","Volume","Cell Type"
261.72,0.00053099,-0.0012817,4.16,12.764,-0.0004674,-0.00041186,0.0055033,1.21,0.99837,1.9629e-05,1
