"p","U:0","U:1","U:2","Ksl","Us:0","Us:1","Us:2","rho","voidfraction","Volume","Cell Type"
260.6,0.00072142,-0.0015849,4.1598,12.821,-0.00077319,0.0013928,0.0077302,1.21,0.99834,1.9629e-05,1
