"p","U:0","U:1","U:2","Ksl","Us:0","Us:1","Us:2","rho","voidfraction","Volume","Cell Type"
85.993,-0.018179,-0.014094,2.3608,5630.6,-0.002334,-0.0034208,0.0031721,1.21,0.67889,1.9629e-05,1
