"p","U:0","U:1","U:2","Ksl","Us:0","Us:1","Us:2","rho","voidfraction","Volume","Cell Type"
35.637,-0.00032987,-0.00011707,1.0407,6402.9,3.4385e-05,8.361e-05,0.00059213,1.21,0.62912,1.9629e-05,1
