"p","U:0","U:1","U:2","Ksl","Us:0","Us:1","Us:2","rho","voidfraction","Volume","Cell Type"
46.005,-0.0017157,-0.0080917,1.6515,6256.8,0.00084274,-0.00016003,0.026004,1.21,0.63617,1.9629e-05,1
