"p","U:0","U:1","U:2","Ksl","Us:0","Us:1","Us:2","rho","voidfraction","Volume","Cell Type"
25.359,-0.0041012,-0.0021768,0.86626,7193.8,9.8617e-05,2.5221e-05,0.020819,1.21,0.63151,1.9629e-05,1
