"p","U:0","U:1","U:2","Ksl","Us:0","Us:1","Us:2","rho","voidfraction","Volume","Cell Type"
24.16,-0.0011539,-0.00045114,0.84937,7128.2,-0.00016176,-2.7749e-05,-0.0072445,1.21,0.6314,1.9629e-05,1
