"p","U:0","U:1","U:2","Ksl","Us:0","Us:1","Us:2","rho","voidfraction","Volume","Cell Type"
217.14,-0.025718,0.058562,3.5438,805.78,-0.00048037,-0.071891,0.020147,1.21,0.92096,1.9629e-05,1
