"p","U:0","U:1","U:2","Ksl","Us:0","Us:1","Us:2","rho","voidfraction","Volume","Cell Type"
79.096,0.00076411,0.0005986,2.2589,6664.7,0.00053325,-0.00010657,0.0027333,1.21,0.65217,1.9629e-05,1
