"p","U:0","U:1","U:2","Ksl","Us:0","Us:1","Us:2","rho","voidfraction","Volume","Cell Type"
79.083,-0.001844,-0.0060103,2.2557,6626.5,-0.00067354,-0.00060667,0.001991,1.21,0.65241,1.9629e-05,1
