"p","U:0","U:1","U:2","Ksl","Us:0","Us:1","Us:2","rho","voidfraction","Volume","Cell Type"
54.056,0.00026217,-0.0045459,1.6676,6232.2,0.00075202,-0.00033494,0.021883,1.21,0.63659,1.9629e-05,1
