"p","U:0","U:1","U:2","Ksl","Us:0","Us:1","Us:2","rho","voidfraction","Volume","Cell Type"
30.221,-0.0031402,-0.0037086,0.75092,8121.1,-6.7754e-06,-0.00012604,0.0097328,1.21,0.63228,1.9629e-05,1
