"p","U:0","U:1","U:2","Ksl","Us:0","Us:1","Us:2","rho","voidfraction","Volume","Cell Type"
47.735,-0.015901,0.0056938,1.6496,6313.6,-0.00020547,0.00063335,-0.013053,1.21,0.63773,1.9629e-05,1
