"p","U:0","U:1","U:2","Ksl","Us:0","Us:1","Us:2","rho","voidfraction","Volume","Cell Type"
65.728,0.0010593,-0.013629,2.0095,6630,-0.0010167,0.00014703,-0.00022953,1.21,0.64249,1.9629e-05,1
