"p","U:0","U:1","U:2","Ksl","Us:0","Us:1","Us:2","rho","voidfraction","Volume","Cell Type"
98.294,-0.083989,0.077254,2.3683,3588.4,-0.022676,-0.0031642,0.005557,1.21,0.74012,1.9629e-05,1
