"p","U:0","U:1","U:2","Ksl","Us:0","Us:1","Us:2","rho","voidfraction","Volume","Cell Type"
49.27,-0.0035773,-0.0072348,1.6947,6193,-2.2544e-06,0.00051316,-0.014782,1.21,0.64079,1.9629e-05,1
