"p","U:0","U:1","U:2","Ksl","Us:0","Us:1","Us:2","rho","voidfraction","Volume","Cell Type"
244.05,0.0041664,-0.0011214,4.0314,23.975,0.001071,-0.0018749,0.0082009,1.21,0.99699,1.9629e-05,1
