"p","U:0","U:1","U:2","Ksl","Us:0","Us:1","Us:2","rho","voidfraction","Volume","Cell Type"
212.35,0.35154,0.0037909,3.4765,1538.6,0.077235,-0.026386,0.05956,1.21,0.87005,1.9629e-05,1
