"p","U:0","U:1","U:2","Ksl","Us:0","Us:1","Us:2","rho","voidfraction","Volume","Cell Type"
253.91,0.0019871,-0.0012464,4.117,15.333,-0.00013615,0.00058554,0.0078317,1.21,0.99805,1.9629e-05,1
