"p","U:0","U:1","U:2","Ksl","Us:0","Us:1","Us:2","rho","voidfraction","Volume","Cell Type"
68.413,0.0012862,-0.0093413,2.0627,6655.5,-0.00037356,-0.00035074,-0.00016955,1.21,0.64398,1.9629e-05,1
