"p","U:0","U:1","U:2","Ksl","Us:0","Us:1","Us:2","rho","voidfraction","Volume","Cell Type"
240.27,0.0028699,-0.0045952,3.9166,97.218,-0.0071235,-0.0016036,0.013782,1.21,0.9887,1.9629e-05,1
