"p","U:0","U:1","U:2","Ksl","Us:0","Us:1","Us:2","rho","voidfraction","Volume","Cell Type"
278.9,0.0013942,0.00037577,4.2889,9.3119,0.00027882,-0.00022861,0.0080931,1.21,0.99881,1.9629e-05,1
