"p","U:0","U:1","U:2","Ksl","Us:0","Us:1","Us:2","rho","voidfraction","Volume","Cell Type"
43.149,-0.0014995,-0.0076944,1.6466,6505.8,0.00033099,0.00037957,0.0066264,1.21,0.63797,1.9629e-05,1
