"p","U:0","U:1","U:2","Ksl","Us:0","Us:1","Us:2","rho","voidfraction","Volume","Cell Type"
58.929,-0.0059181,0.0039334,1.6771,6263.8,-0.0011624,0.00023841,-0.00138,1.21,0.63773,1.9629e-05,1
