"p","U:0","U:1","U:2","Ksl","Us:0","Us:1","Us:2","rho","voidfraction","Volume","Cell Type"
239.6,0.30149,0.057515,3.6704,830.15,0.019498,-0.00058847,0.008503,1.21,0.9245,1.9629e-05,1
