"p","U:0","U:1","U:2","Ksl","Us:0","Us:1","Us:2","rho","voidfraction","Volume","Cell Type"
246.5,0.0058749,-0.0002199,4.0311,21.481,-0.0013625,0.00026952,0.0039656,1.21,0.99731,1.9629e-05,1
