"p","U:0","U:1","U:2","Ksl","Us:0","Us:1","Us:2","rho","voidfraction","Volume","Cell Type"
17.353,-0.0045898,-0.0045574,0.54085,7753.4,-7.577e-05,3.2119e-05,0.0068115,1.21,0.63364,1.9629e-05,1
