"p","U:0","U:1","U:2","Ksl","Us:0","Us:1","Us:2","rho","voidfraction","Volume","Cell Type"
270.19,0.001274,0.00027567,4.2457,10.493,-0.00069564,0.0003415,0.0037884,1.21,0.99861,1.9629e-05,1
