"p","U:0","U:1","U:2","Ksl","Us:0","Us:1","Us:2","rho","voidfraction","Volume","Cell Type"
207.07,-0.00091566,-0.079635,3.4793,861.4,0.011475,0.093749,0.014289,1.21,0.91608,1.9629e-05,1
