"p","U:0","U:1","U:2","Ksl","Us:0","Us:1","Us:2","rho","voidfraction","Volume","Cell Type"
63.782,0.0029579,-0.0074088,1.9581,6576.9,0.00045805,-0.0016942,0.00084796,1.21,0.64131,1.9629e-05,1
