"p","U:0","U:1","U:2","Ksl","Us:0","Us:1","Us:2","rho","voidfraction","Volume","Cell Type"
249.05,0.0029157,-0.00063053,4.0739,21.305,0.00071517,0.0012738,0.0045959,1.21,0.99733,1.9629e-05,1
