"p","U:0","U:1","U:2","Ksl","Us:0","Us:1","Us:2","rho","voidfraction","Volume","Cell Type"
46.774,0.0064443,0.005582,1.4044,6116.4,0.00023614,0.00036833,-0.023536,1.21,0.63299,1.9629e-05,1
