"p","U:0","U:1","U:2","Ksl","Us:0","Us:1","Us:2","rho","voidfraction","Volume","Cell Type"
65.784,-0.00075516,-0.0083088,2.008,6639.4,-0.00085867,0.00039095,0.00032033,1.21,0.64241,1.9629e-05,1
