"p","U:0","U:1","U:2","Ksl","Us:0","Us:1","Us:2","rho","voidfraction","Volume","Cell Type"
39.79,0.0051526,0.0059376,1.3435,6010.4,-0.00040108,-8.8457e-05,0.0027696,1.21,0.62953,1.9629e-05,1
