"p","U:0","U:1","U:2","Ksl","Us:0","Us:1","Us:2","rho","voidfraction","Volume","Cell Type"
70.997,-0.002486,-0.006631,2.0069,6636.9,0.00026493,-0.0012163,0.00030797,1.21,0.64297,1.9629e-05,1
