"p","U:0","U:1","U:2","Ksl","Us:0","Us:1","Us:2","rho","voidfraction","Volume","Cell Type"
68.788,-0.00044624,-0.0082487,2.1305,6859.7,-0.0006958,-0.00044577,0.00035441,1.21,0.64056,1.9629e-05,1
