"p","U:0","U:1","U:2","Ksl","Us:0","Us:1","Us:2","rho","voidfraction","Volume","Cell Type"
266.36,0.0013074,-0.0022474,4.2026,12.234,0.00068913,-0.00080311,0.0046707,1.21,0.99842,1.9629e-05,1
