"p","U:0","U:1","U:2","Ksl","Us:0","Us:1","Us:2","rho","voidfraction","Volume","Cell Type"
32.899,-0.00043702,8.9197e-05,1.0406,6399.4,-0.00013857,1.1921e-05,0.0010987,1.21,0.6294,1.9629e-05,1
