"p","U:0","U:1","U:2","Ksl","Us:0","Us:1","Us:2","rho","voidfraction","Volume","Cell Type"
105.29,-0.040795,-0.48718,2.3891,2018,0.0050181,0.013614,0.0081413,1.21,0.82706,1.9629e-05,1
