"p","U:0","U:1","U:2","Ksl","Us:0","Us:1","Us:2","rho","voidfraction","Volume","Cell Type"
35.052,-0.00031888,0.0014484,1.0409,6417,4.0879e-06,7.3986e-05,0.00064908,1.21,0.62908,1.9629e-05,1
