"p","U:0","U:1","U:2","Ksl","Us:0","Us:1","Us:2","rho","voidfraction","Volume","Cell Type"
49.296,0.0028766,0.015028,1.5576,6124.9,0.0020955,2.0375e-05,0.028527,1.21,0.63496,1.9629e-05,1
