"p","U:0","U:1","U:2","Ksl","Us:0","Us:1","Us:2","rho","voidfraction","Volume","Cell Type"
255.87,0.0022801,-0.000305,4.1169,16.215,-0.0013057,0.00010088,0.003522,1.21,0.99794,1.9629e-05,1
