"p","U:0","U:1","U:2","Ksl","Us:0","Us:1","Us:2","rho","voidfraction","Volume","Cell Type"
271.95,0.0011775,-0.000639,4.2457,10.521,-0.00021563,-0.001207,0.006279,1.21,0.99866,1.9629e-05,1
