"p","U:0","U:1","U:2","Ksl","Us:0","Us:1","Us:2","rho","voidfraction","Volume","Cell Type"
24.067,-0.0034654,-0.0025954,0.65098,7999.8,-1.3638e-05,-0.0001471,-0.019469,1.21,0.63267,1.9629e-05,1
