"p","U:0","U:1","U:2","Ksl","Us:0","Us:1","Us:2","rho","voidfraction","Volume","Cell Type"
70.669,-0.0053015,-0.0081718,2.1854,6919.2,-0.00014503,-0.00090228,0.0004688,1.21,0.64081,1.9629e-05,1
