"p","U:0","U:1","U:2","Ksl","Us:0","Us:1","Us:2","rho","voidfraction","Volume","Cell Type"
245.56,0.0039158,-0.0010561,4.0313,25.589,-4.2491e-05,-0.001387,0.010399,1.21,0.99679,1.9629e-05,1
