"p","U:0","U:1","U:2","Ksl","Us:0","Us:1","Us:2","rho","voidfraction","Volume","Cell Type"
49.925,0.0055572,0.0062944,1.4435,6177.7,9.3573e-05,0.00086312,0.011241,1.21,0.63213,1.9629e-05,1
