"p","U:0","U:1","U:2","Ksl","Us:0","Us:1","Us:2","rho","voidfraction","Volume","Cell Type"
213.84,0.28919,0.092816,3.488,1549.7,0.089276,0.0018135,0.053019,1.21,0.87528,1.9629e-05,1
