"p","U:0","U:1","U:2","Ksl","Us:0","Us:1","Us:2","rho","voidfraction","Volume","Cell Type"
251.35,0.0012492,0.00057769,4.0744,18.861,0.00078808,0.00082951,0.0078179,1.21,0.99762,1.9629e-05,1
