"p","U:0","U:1","U:2","Ksl","Us:0","Us:1","Us:2","rho","voidfraction","Volume","Cell Type"
60.212,0.017673,-0.011979,1.918,6442.5,-0.00087836,0.0006828,0.0026318,1.21,0.6398,1.9629e-05,1
