"p","U:0","U:1","U:2","Ksl","Us:0","Us:1","Us:2","rho","voidfraction","Volume","Cell Type"
91.395,0.017889,-0.083303,2.301,3403.3,-0.012793,0.0030389,0.012605,1.21,0.74977,1.9629e-05,1
