"p","U:0","U:1","U:2","Ksl","Us:0","Us:1","Us:2","rho","voidfraction","Volume","Cell Type"
37.572,0.0064886,0.0041314,1.1845,6038.9,-0.00010581,2.8084e-06,0.0014108,1.21,0.62865,1.9629e-05,1
