"p","U:0","U:1","U:2","Ksl","Us:0","Us:1","Us:2","rho","voidfraction","Volume","Cell Type"
52.994,0.0059288,-0.021657,1.7556,6359.8,-0.00090361,-0.00011907,-0.011643,1.21,0.63906,1.9629e-05,1
