"p","U:0","U:1","U:2","Ksl","Us:0","Us:1","Us:2","rho","voidfraction","Volume","Cell Type"
65.858,-0.0028248,-0.0044737,2.0058,6638.4,-0.00043565,-0.00050853,0.00043235,1.21,0.643,1.9629e-05,1
