"p","U:0","U:1","U:2","Ksl","Us:0","Us:1","Us:2","rho","voidfraction","Volume","Cell Type"
131.64,0.043756,0.48097,2.679,1229.6,-0.0029298,-0.0052286,0.027054,1.21,0.88435,1.9629e-05,1
