"p","U:0","U:1","U:2","Ksl","Us:0","Us:1","Us:2","rho","voidfraction","Volume","Cell Type"
266.92,0.00084621,-0.0011962,4.2028,12.425,0.00073907,-0.0001692,0.0079868,1.21,0.99839,1.9629e-05,1
