"p","U:0","U:1","U:2","Ksl","Us:0","Us:1","Us:2","rho","voidfraction","Volume","Cell Type"
16.964,-0.0040663,-0.0035338,0.58985,7384.2,9.8909e-05,7.6261e-06,0.0079566,1.21,0.63319,1.9629e-05,1
