"p","U:0","U:1","U:2","Ksl","Us:0","Us:1","Us:2","rho","voidfraction","Volume","Cell Type"
81.279,4.7314e-05,0.0087133,2.2997,6596.4,-0.00013677,0.00092092,0.0018247,1.21,0.65604,1.9629e-05,1
