"p","U:0","U:1","U:2","Ksl","Us:0","Us:1","Us:2","rho","voidfraction","Volume","Cell Type"
56.796,0.0089411,-0.0096114,1.9102,6460.7,-0.0011554,-0.00046564,0.00079306,1.21,0.64097,1.9629e-05,1
