"p","U:0","U:1","U:2","Ksl","Us:0","Us:1","Us:2","rho","voidfraction","Volume","Cell Type"
57.731,0.011673,-0.0042542,1.8632,6444.4,-0.00083475,0.0011191,0.0017512,1.21,0.63923,1.9629e-05,1
