"p","U:0","U:1","U:2","Ksl","Us:0","Us:1","Us:2","rho","voidfraction","Volume","Cell Type"
42.373,0.0041166,0.0039967,1.1867,6038.7,0.00032705,-7.2056e-05,0.001058,1.21,0.62915,1.9629e-05,1
