"p","U:0","U:1","U:2","Ksl","Us:0","Us:1","Us:2","rho","voidfraction","Volume","Cell Type"
42.543,0.0060049,0.0063701,1.1838,6110.7,-2.6533e-05,4.7772e-05,0.00082167,1.21,0.62862,1.9629e-05,1
