"p","U:0","U:1","U:2","Ksl","Us:0","Us:1","Us:2","rho","voidfraction","Volume","Cell Type"
55.907,0.015448,-0.010371,1.8092,6340.6,-0.00075685,0.00096085,0.0044048,1.21,0.63929,1.9629e-05,1
