"p","U:0","U:1","U:2","Ksl","Us:0","Us:1","Us:2","rho","voidfraction","Volume","Cell Type"
35.835,0.0036463,0.0073675,1.1372,6138.7,-2.5002e-05,0.00031651,0.0017407,1.21,0.62893,1.9629e-05,1
