"p","U:0","U:1","U:2","Ksl","Us:0","Us:1","Us:2","rho","voidfraction","Volume","Cell Type"
261,0.00096778,-0.00057387,4.1598,13.525,0.00059661,-4.2711e-05,-0.00025143,1.21,0.99827,1.9629e-05,1
