"p","U:0","U:1","U:2","Ksl","Us:0","Us:1","Us:2","rho","voidfraction","Volume","Cell Type"
236.38,-0.041681,-0.039686,3.5916,574.16,0.0052068,0.036669,0.038048,1.21,0.93884,1.9629e-05,1
