"p","U:0","U:1","U:2","Ksl","Us:0","Us:1","Us:2","rho","voidfraction","Volume","Cell Type"
69.726,-0.00498,-0.0083839,2.1298,6848.9,-0.0004248,-0.00028708,0.00081502,1.21,0.64064,1.9629e-05,1
