"p","U:0","U:1","U:2","Ksl","Us:0","Us:1","Us:2","rho","voidfraction","Volume","Cell Type"
34.489,0.00096134,0.0011913,1.0907,6256.1,0.00019486,0.00029504,0.0015074,1.21,0.62908,1.9629e-05,1
