"p","U:0","U:1","U:2","Ksl","Us:0","Us:1","Us:2","rho","voidfraction","Volume","Cell Type"
279.57,0.068627,0.095064,3.8985,398.61,0.036636,0.05648,0.054417,1.21,0.95685,1.9629e-05,1
