"p","U:0","U:1","U:2","Ksl","Us:0","Us:1","Us:2","rho","voidfraction","Volume","Cell Type"
30.224,-0.0032724,-0.0028529,0.75165,8126.9,1.5197e-05,3.4666e-05,0.010542,1.21,0.63237,1.9629e-05,1
