"p","U:0","U:1","U:2","Ksl","Us:0","Us:1","Us:2","rho","voidfraction","Volume","Cell Type"
29.944,-0.00033771,-0.00013072,0.97444,7341.6,1.0663e-06,6.5331e-06,9.707e-06,1.21,0.62945,1.9629e-05,1
