"p","U:0","U:1","U:2","Ksl","Us:0","Us:1","Us:2","rho","voidfraction","Volume","Cell Type"
19.727,-0.0037656,-0.0029856,0.74762,6888.8,-0.00018655,-0.00011958,0.016187,1.21,0.63204,1.9629e-05,1
