"p","U:0","U:1","U:2","Ksl","Us:0","Us:1","Us:2","rho","voidfraction","Volume","Cell Type"
95.588,0.062813,0.035251,2.2857,3360.9,0.0017543,0.0037961,0.038132,1.21,0.75395,1.9629e-05,1
