"p","U:0","U:1","U:2","Ksl","Us:0","Us:1","Us:2","rho","voidfraction","Volume","Cell Type"
70.965,-0.0055409,-0.0076081,2.1846,6931.5,-0.0010866,0.0003149,0.00032196,1.21,0.64116,1.9629e-05,1
