"p","U:0","U:1","U:2","Ksl","Us:0","Us:1","Us:2","rho","voidfraction","Volume","Cell Type"
54.468,0.0077483,0.0051416,1.4243,6067.3,-1.9892e-05,0.0017666,0.023003,1.21,0.63226,1.9629e-05,1
