"p","U:0","U:1","U:2","Ksl","Us:0","Us:1","Us:2","rho","voidfraction","Volume","Cell Type"
73.788,-0.0022579,-0.01016,2.2212,6834.1,0.00014518,-0.0017423,0.00077569,1.21,0.64587,1.9629e-05,1
