"p","U:0","U:1","U:2","Ksl","Us:0","Us:1","Us:2","rho","voidfraction","Volume","Cell Type"
42.276,-0.010648,-0.016898,1.592,6475,-0.00011039,0.00027751,0.0068669,1.21,0.63721,1.9629e-05,1
