"p","U:0","U:1","U:2","Ksl","Us:0","Us:1","Us:2","rho","voidfraction","Volume","Cell Type"
234.79,0.033426,0.056218,3.6133,671.59,-0.0080886,-0.087825,0.061684,1.21,0.92992,1.9629e-05,1
