"p","U:0","U:1","U:2","Ksl","Us:0","Us:1","Us:2","rho","voidfraction","Volume","Cell Type"
61.374,0.015052,-0.0081627,1.8613,6372.4,-0.00065707,0.00033552,0.0015483,1.21,0.64009,1.9629e-05,1
