"p","U:0","U:1","U:2","Ksl","Us:0","Us:1","Us:2","rho","voidfraction","Volume","Cell Type"
250.41,0.0036607,-0.00055261,4.0742,20.175,-0.0012317,-0.00094242,0.0064115,1.21,0.99743,1.9629e-05,1
