"p","U:0","U:1","U:2","Ksl","Us:0","Us:1","Us:2","rho","voidfraction","Volume","Cell Type"
68.448,-0.00051903,-0.01143,2.0706,6747.3,-0.00040291,-0.0011262,0.00016752,1.21,0.64167,1.9629e-05,1
