"p","U:0","U:1","U:2","Ksl","Us:0","Us:1","Us:2","rho","voidfraction","Volume","Cell Type"
70.422,-0.0012545,-0.008923,2.1299,6854.1,-0.0007699,-0.00088625,0.00031528,1.21,0.64065,1.9629e-05,1
