"p","U:0","U:1","U:2","Ksl","Us:0","Us:1","Us:2","rho","voidfraction","Volume","Cell Type"
281.76,0.00055469,-0.00052185,4.289,8.9757,-0.00076092,-0.00051186,0.0072135,1.21,0.99885,1.9629e-05,1
