"p","U:0","U:1","U:2","Ksl","Us:0","Us:1","Us:2","rho","voidfraction","Volume","Cell Type"
79.463,8.8314e-05,-0.0028628,2.2563,6702.8,0.00062922,-0.00031057,0.0017668,1.21,0.65183,1.9629e-05,1
