"p","U:0","U:1","U:2","Ksl","Us:0","Us:1","Us:2","rho","voidfraction","Volume","Cell Type"
246.17,-0.0054236,0.016092,3.7811,259.78,-0.0022999,-0.0087057,0.02841,1.21,0.97064,1.9629e-05,1
