"p","U:0","U:1","U:2","Ksl","Us:0","Us:1","Us:2","rho","voidfraction","Volume","Cell Type"
129.91,0.22129,0.34772,2.7844,1643.4,0.0016076,-0.020216,0.0083231,1.21,0.85842,1.9629e-05,1
