"p","U:0","U:1","U:2","Ksl","Us:0","Us:1","Us:2","rho","voidfraction","Volume","Cell Type"
67.891,-0.0009221,-0.007711,2.0692,6742.4,-0.0014154,0.00014659,0.00041586,1.21,0.64206,1.9629e-05,1
