"p","U:0","U:1","U:2","Ksl","Us:0","Us:1","Us:2","rho","voidfraction","Volume","Cell Type"
21.156,-0.0034173,-0.0036747,0.58787,8021.7,-4.9715e-05,-0.00013763,-0.017836,1.21,0.63311,1.9629e-05,1
