"p","U:0","U:1","U:2","Ksl","Us:0","Us:1","Us:2","rho","voidfraction","Volume","Cell Type"
52.446,-0.0041742,-0.0045346,1.7466,6064.7,-0.00030783,0.00065572,0.02377,1.21,0.64295,1.9629e-05,1
