"p","U:0","U:1","U:2","Ksl","Us:0","Us:1","Us:2","rho","voidfraction","Volume","Cell Type"
71.952,-0.0058828,-0.0091357,2.1842,6932.5,-0.00045903,0.00021797,0.00073997,1.21,0.64112,1.9629e-05,1
