"p","U:0","U:1","U:2","Ksl","Us:0","Us:1","Us:2","rho","voidfraction","Volume","Cell Type"
239.04,0.012734,0.17637,3.6933,858.96,0.004977,0.063276,0.034476,1.21,0.91712,1.9629e-05,1
