"p","U:0","U:1","U:2","Ksl","Us:0","Us:1","Us:2","rho","voidfraction","Volume","Cell Type"
169.61,0.0010681,0.068811,3.1031,1248.5,-0.040745,0.10901,0.036309,1.21,0.88613,1.9629e-05,1
