"p","U:0","U:1","U:2","Ksl","Us:0","Us:1","Us:2","rho","voidfraction","Volume","Cell Type"
54.482,-0.0055716,0.0050235,1.5579,6212.3,-6.264e-05,-0.00052148,-0.019058,1.21,0.63684,1.9629e-05,1
