"p","U:0","U:1","U:2","Ksl","Us:0","Us:1","Us:2","rho","voidfraction","Volume","Cell Type"
68.406,-0.0014268,-0.0046199,2.0586,6654.9,-0.00065339,0.00067476,-0.0003737,1.21,0.64449,1.9629e-05,1
