"p","U:0","U:1","U:2","Ksl","Us:0","Us:1","Us:2","rho","voidfraction","Volume","Cell Type"
47.373,0.010449,0.0072852,1.6007,6048.7,0.00077986,4.9215e-05,0.027759,1.21,0.6375,1.9629e-05,1
