"p","U:0","U:1","U:2","Ksl","Us:0","Us:1","Us:2","rho","voidfraction","Volume","Cell Type"
47.132,-0.0018075,0.0015042,1.6938,6314,0.00044636,0.00092806,0.019587,1.21,0.64049,1.9629e-05,1
