"p","U:0","U:1","U:2","Ksl","Us:0","Us:1","Us:2","rho","voidfraction","Volume","Cell Type"
96.344,0.20084,0.27563,2.3883,2994,0.0088937,0.010418,0.011182,1.21,0.77522,1.9629e-05,1
