"p","U:0","U:1","U:2","Ksl","Us:0","Us:1","Us:2","rho","voidfraction","Volume","Cell Type"
23.268,0.0019544,0.00072089,0.80452,7155.9,-7.7105e-05,3.8359e-05,-0.013903,1.21,0.63172,1.9629e-05,1
