"p","U:0","U:1","U:2","Ksl","Us:0","Us:1","Us:2","rho","voidfraction","Volume","Cell Type"
48.558,0.0074064,0.010007,1.4335,6104.8,0.001185,4.3629e-05,0.020324,1.21,0.63245,1.9629e-05,1
