"p","U:0","U:1","U:2","Ksl","Us:0","Us:1","Us:2","rho","voidfraction","Volume","Cell Type"
59.557,0.016549,-0.00744,1.8591,6376.9,-0.000629,0.00073429,0.0022669,1.21,0.6406,1.9629e-05,1
