"p","U:0","U:1","U:2","Ksl","Us:0","Us:1","Us:2","rho","voidfraction","Volume","Cell Type"
53.784,-0.0016401,-0.0077845,1.7041,6115.3,0.00059336,0.00028118,-0.01784,1.21,0.64037,1.9629e-05,1
