"p","U:0","U:1","U:2","Ksl","Us:0","Us:1","Us:2","rho","voidfraction","Volume","Cell Type"
237.32,0.0041433,0.00073504,3.9467,46.149,-0.00021007,-3.7071e-05,0.01653,1.21,0.99409,1.9629e-05,1
