"p","U:0","U:1","U:2","Ksl","Us:0","Us:1","Us:2","rho","voidfraction","Volume","Cell Type"
65.504,-0.0045296,-0.0042086,2.0075,6627.3,7.3022e-05,-0.0010422,0.00017408,1.21,0.643,1.9629e-05,1
