"p","U:0","U:1","U:2","Ksl","Us:0","Us:1","Us:2","rho","voidfraction","Volume","Cell Type"
65.828,0.0034411,-0.0096274,2.0095,6606.1,-0.00045683,0.00049867,0.0010589,1.21,0.64236,1.9629e-05,1
