"p","U:0","U:1","U:2","Ksl","Us:0","Us:1","Us:2","rho","voidfraction","Volume","Cell Type"
76.802,-0.0017519,-0.00026137,2.2004,6507.8,0.00027328,6.0988e-05,0.0011361,1.21,0.65349,1.9629e-05,1
