"p","U:0","U:1","U:2","Ksl","Us:0","Us:1","Us:2","rho","voidfraction","Volume","Cell Type"
79.495,-0.0070266,-0.006447,2.2651,6620,-0.00014231,-0.000304,0.0031501,1.21,0.65104,1.9629e-05,1
