"p","U:0","U:1","U:2","Ksl","Us:0","Us:1","Us:2","rho","voidfraction","Volume","Cell Type"
62.19,0.0049293,-0.010337,1.9583,6540.3,-0.0012663,-2.317e-05,0.00040582,1.21,0.64211,1.9629e-05,1
