"p","U:0","U:1","U:2","Ksl","Us:0","Us:1","Us:2","rho","voidfraction","Volume","Cell Type"
124.79,0.021021,0.42339,2.6171,1343.7,0.046684,-0.037413,0.027309,1.21,0.87195,1.9629e-05,1
