"p","U:0","U:1","U:2","Ksl","Us:0","Us:1","Us:2","rho","voidfraction","Volume","Cell Type"
251.43,-0.00061815,0.039258,3.7099,704.46,0.073698,0.019076,0.060023,1.21,0.92779,1.9629e-05,1
