"p","U:0","U:1","U:2","Ksl","Us:0","Us:1","Us:2","rho","voidfraction","Volume","Cell Type"
32.759,-0.0016097,-0.00025394,1.0411,6410.6,-0.00016224,6.4412e-05,0.00049413,1.21,0.6293,1.9629e-05,1
