"p","U:0","U:1","U:2","Ksl","Us:0","Us:1","Us:2","rho","voidfraction","Volume","Cell Type"
267.76,0.00040812,-8.9673e-05,4.2028,12.341,-0.0017414,-0.00018117,0.0028122,1.21,0.99844,1.9629e-05,1
