"p","U:0","U:1","U:2","Ksl","Us:0","Us:1","Us:2","rho","voidfraction","Volume","Cell Type"
234.93,0.0027067,-0.0008834,3.9466,42.072,-0.0028242,0.001457,0.018044,1.21,0.99462,1.9629e-05,1
