"p","U:0","U:1","U:2","Ksl","Us:0","Us:1","Us:2","rho","voidfraction","Volume","Cell Type"
250.37,0.0001885,-0.0022249,4.0742,17.532,-0.0004815,-0.00048516,0.00295,1.21,0.99778,1.9629e-05,1
