"p","U:0","U:1","U:2","Ksl","Us:0","Us:1","Us:2","rho","voidfraction","Volume","Cell Type"
29.944,-0.00031293,-0.00015542,0.97438,7341.2,5.0148e-06,1.1405e-05,2.8308e-05,1.21,0.62952,1.9629e-05,1
