"p","U:0","U:1","U:2","Ksl","Us:0","Us:1","Us:2","rho","voidfraction","Volume","Cell Type"
61.566,0.017971,-0.010807,1.9065,6372.3,0.00023418,0.00032739,0.0010785,1.21,0.6428,1.9629e-05,1
