"p","U:0","U:1","U:2","Ksl","Us:0","Us:1","Us:2","rho","voidfraction","Volume","Cell Type"
233.88,-0.0043491,0.17266,3.5907,562.51,0.00047863,-0.033354,0.050254,1.21,0.93858,1.9629e-05,1
