"p","U:0","U:1","U:2","Ksl","Us:0","Us:1","Us:2","rho","voidfraction","Volume","Cell Type"
234.48,0.0022264,0.0009559,3.947,41.257,-0.0023284,0.0023219,0.017013,1.21,0.9947,1.9629e-05,1
