"p","U:0","U:1","U:2","Ksl","Us:0","Us:1","Us:2","rho","voidfraction","Volume","Cell Type"
254.41,0.00091796,0.00040711,4.1166,15.401,-0.002694,-4.424e-05,0.0017095,1.21,0.99805,1.9629e-05,1
