"p","U:0","U:1","U:2","Ksl","Us:0","Us:1","Us:2","rho","voidfraction","Volume","Cell Type"
239.78,0.0032416,0.0021153,3.9898,30.81,0.00362,0.00043706,0.012732,1.21,0.99604,1.9629e-05,1
