"p","U:0","U:1","U:2","Ksl","Us:0","Us:1","Us:2","rho","voidfraction","Volume","Cell Type"
232.79,0.0053634,0.0090751,3.6224,968.29,-0.025071,-0.0047788,0.017469,1.21,0.91268,1.9629e-05,1
