"p","U:0","U:1","U:2","Ksl","Us:0","Us:1","Us:2","rho","voidfraction","Volume","Cell Type"
55.791,0.011096,-0.010333,1.8068,6374.1,-0.00065761,0.0010757,0.0024877,1.21,0.63898,1.9629e-05,1
