"p","U:0","U:1","U:2","Ksl","Us:0","Us:1","Us:2","rho","voidfraction","Volume","Cell Type"
34.243,-0.00022774,0.00057694,1.0898,6278.6,2.5114e-05,2.7595e-05,0.0010499,1.21,0.62906,1.9629e-05,1
