"p","U:0","U:1","U:2","Ksl","Us:0","Us:1","Us:2","rho","voidfraction","Volume","Cell Type"
270.54,0.00029479,0.00016894,4.2457,10.322,0.00020968,-0.00084182,-0.0015012,1.21,0.99868,1.9629e-05,1
