"p","U:0","U:1","U:2","Ksl","Us:0","Us:1","Us:2","rho","voidfraction","Volume","Cell Type"
28.486,-0.00039055,-0.0020582,0.92187,7440,0.00012678,-6.0132e-05,-0.00086952,1.21,0.62991,1.9629e-05,1
