"p","U:0","U:1","U:2","Ksl","Us:0","Us:1","Us:2","rho","voidfraction","Volume","Cell Type"
37.656,-0.0014255,-0.00063494,1.0895,6305.4,0.00035139,0.00015379,0.0014584,1.21,0.62896,1.9629e-05,1
