"p","U:0","U:1","U:2","Ksl","Us:0","Us:1","Us:2","rho","voidfraction","Volume","Cell Type"
53.259,0.018883,-0.0057216,1.8576,6376.6,-0.00076561,0.0010099,0.0011159,1.21,0.64103,1.9629e-05,1
