"p","U:0","U:1","U:2","Ksl","Us:0","Us:1","Us:2","rho","voidfraction","Volume","Cell Type"
23.833,-0.0021481,-0.0010235,0.84664,7059.7,-8.9341e-05,7.3444e-05,-0.00053808,1.21,0.63151,1.9629e-05,1
