"p","U:0","U:1","U:2","Ksl","Us:0","Us:1","Us:2","rho","voidfraction","Volume","Cell Type"
35.397,-0.0091746,-0.011928,1.4281,6344.4,0.00015749,-0.00011268,-0.0055375,1.21,0.63526,1.9629e-05,1
