"p","U:0","U:1","U:2","Ksl","Us:0","Us:1","Us:2","rho","voidfraction","Volume","Cell Type"
22.64,-0.0051328,-0.0034436,0.80849,7075.3,-0.00013956,-1.2703e-05,0.021792,1.21,0.63175,1.9629e-05,1
