"p","U:0","U:1","U:2","Ksl","Us:0","Us:1","Us:2","rho","voidfraction","Volume","Cell Type"
38.382,0.0057543,0.0048488,1.4304,6039.9,-0.0003235,0.00049671,0.030159,1.21,0.63338,1.9629e-05,1
