"p","U:0","U:1","U:2","Ksl","Us:0","Us:1","Us:2","rho","voidfraction","Volume","Cell Type"
29.944,-0.00051775,-0.00042726,0.97446,7343.7,1.7533e-06,2.1438e-06,4.7662e-05,1.21,0.62943,1.9629e-05,1
