"p","U:0","U:1","U:2","Ksl","Us:0","Us:1","Us:2","rho","voidfraction","Volume","Cell Type"
245.2,-0.0017668,-0.022177,3.8896,168.37,0.00064873,0.0038173,0.033795,1.21,0.98121,1.9629e-05,1
