"p","U:0","U:1","U:2","Ksl","Us:0","Us:1","Us:2","rho","voidfraction","Volume","Cell Type"
246.55,-0.0014134,-0.016858,3.8921,175.75,0.001152,0.0082394,0.033587,1.21,0.98032,1.9629e-05,1
