"p","U:0","U:1","U:2","Ksl","Us:0","Us:1","Us:2","rho","voidfraction","Volume","Cell Type"
76.81,0.0070531,-0.0027149,2.1909,6256.1,-0.00055277,-0.00016991,-5.6243e-05,1.21,0.65926,1.9629e-05,1
