"p","U:0","U:1","U:2","Ksl","Us:0","Us:1","Us:2","rho","voidfraction","Volume","Cell Type"
232.32,-0.018669,-0.14066,3.648,809.26,0.0027475,0.063177,0.0020303,1.21,0.92418,1.9629e-05,1
