"p","U:0","U:1","U:2","Ksl","Us:0","Us:1","Us:2","rho","voidfraction","Volume","Cell Type"
110.48,0.097321,0.63895,2.503,3159.9,0.026408,0.062582,-0.00050079,1.21,0.78102,1.9629e-05,1
