"p","U:0","U:1","U:2","Ksl","Us:0","Us:1","Us:2","rho","voidfraction","Volume","Cell Type"
73.869,-0.0062525,0.0052747,2.2063,6689.9,-0.00034064,-0.00035192,0.00090241,1.21,0.64987,1.9629e-05,1
