"p","U:0","U:1","U:2","Ksl","Us:0","Us:1","Us:2","rho","voidfraction","Volume","Cell Type"
270.49,-0.00021702,-0.00040221,4.2457,10.195,0.00063312,0.00033716,0.00023922,1.21,0.99871,1.9629e-05,1
