"p","U:0","U:1","U:2","Ksl","Us:0","Us:1","Us:2","rho","voidfraction","Volume","Cell Type"
67.226,-6.2747e-05,-0.009044,2.0725,6788,-0.0011772,-0.00043904,0.00031654,1.21,0.64092,1.9629e-05,1
