"p","U:0","U:1","U:2","Ksl","Us:0","Us:1","Us:2","rho","voidfraction","Volume","Cell Type"
79.463,-0.0015422,-0.0073653,2.3105,6679.7,-0.00061509,-0.0010307,0.002941,1.21,0.65305,1.9629e-05,1
