"p","U:0","U:1","U:2","Ksl","Us:0","Us:1","Us:2","rho","voidfraction","Volume","Cell Type"
277.86,0.0015834,-0.00029012,4.2889,8.8855,-0.0014159,-0.0019264,0.0009825,1.21,0.99886,1.9629e-05,1
