"p","U:0","U:1","U:2","Ksl","Us:0","Us:1","Us:2","rho","voidfraction","Volume","Cell Type"
25.29,-0.00014372,-0.00076271,0.85748,7333.2,-0.0001408,4.3351e-06,-0.016118,1.21,0.63155,1.9629e-05,1
