"p","U:0","U:1","U:2","Ksl","Us:0","Us:1","Us:2","rho","voidfraction","Volume","Cell Type"
126.47,0.010994,0.90526,2.6292,3603.4,-0.00011935,0.17473,-0.0033641,1.21,0.77536,1.9629e-05,1
