"p","U:0","U:1","U:2","Ksl","Us:0","Us:1","Us:2","rho","voidfraction","Volume","Cell Type"
233.9,0.0033387,0.0029013,3.9068,70.515,-0.00016617,0.00086704,0.02931,1.21,0.99119,1.9629e-05,1
