"p","U:0","U:1","U:2","Ksl","Us:0","Us:1","Us:2","rho","voidfraction","Volume","Cell Type"
39.102,-0.0031536,-0.019632,1.4765,6254.6,0.00012309,-0.00060849,-0.014533,1.21,0.6376,1.9629e-05,1
