"p","U:0","U:1","U:2","Ksl","Us:0","Us:1","Us:2","rho","voidfraction","Volume","Cell Type"
269.69,0.0017305,-0.00082294,4.203,12.367,-0.0017564,0.00062299,0.0046319,1.21,0.99843,1.9629e-05,1
