"p","U:0","U:1","U:2","Ksl","Us:0","Us:1","Us:2","rho","voidfraction","Volume","Cell Type"
45.882,0.011392,0.007451,1.5453,6120.5,5.427e-05,0.00065951,0.024099,1.21,0.63452,1.9629e-05,1
