"p","U:0","U:1","U:2","Ksl","Us:0","Us:1","Us:2","rho","voidfraction","Volume","Cell Type"
63.573,0.018717,-0.0081495,1.8602,6405.4,-0.00095576,0.00076177,0.001299,1.21,0.64024,1.9629e-05,1
