"p","U:0","U:1","U:2","Ksl","Us:0","Us:1","Us:2","rho","voidfraction","Volume","Cell Type"
34.152,0.00047233,-0.00064462,1.0902,6268.7,-5.3902e-05,0.00013079,0.0011331,1.21,0.6291,1.9629e-05,1
