"p","U:0","U:1","U:2","Ksl","Us:0","Us:1","Us:2","rho","voidfraction","Volume","Cell Type"
234.96,0.00021858,0.0052339,3.9077,75.797,-0.0030932,0.0076437,0.020538,1.21,0.99059,1.9629e-05,1
