"p","U:0","U:1","U:2","Ksl","Us:0","Us:1","Us:2","rho","voidfraction","Volume","Cell Type"
156.69,0.012255,-0.3777,3.0541,1352.4,-0.00047225,0.024465,0.012477,1.21,0.87454,1.9629e-05,1
