"p","U:0","U:1","U:2","Ksl","Us:0","Us:1","Us:2","rho","voidfraction","Volume","Cell Type"
245.98,0.0053148,-0.0011,4.0315,23.787,0.00084891,-0.0023522,0.011183,1.21,0.997,1.9629e-05,1
