"p","U:0","U:1","U:2","Ksl","Us:0","Us:1","Us:2","rho","voidfraction","Volume","Cell Type"
23.555,-0.0029618,-0.0014416,0.85088,7020.9,3.3701e-05,-4.3219e-05,0.010771,1.21,0.63138,1.9629e-05,1
