"p","U:0","U:1","U:2","Ksl","Us:0","Us:1","Us:2","rho","voidfraction","Volume","Cell Type"
49.652,0.0067026,-0.023837,1.7504,6383,-0.00059015,-0.00035937,0.016092,1.21,0.6401,1.9629e-05,1
