"p","U:0","U:1","U:2","Ksl","Us:0","Us:1","Us:2","rho","voidfraction","Volume","Cell Type"
83.907,0.0036321,-0.0056922,2.308,5952.7,0.00089223,0.0017851,0.0011728,1.21,0.67195,1.9629e-05,1
