"p","U:0","U:1","U:2","Ksl","Us:0","Us:1","Us:2","rho","voidfraction","Volume","Cell Type"
221.07,0.020776,0.0040244,3.488,801.23,-0.085751,-0.070489,0.064469,1.21,0.91661,1.9629e-05,1
