"p","U:0","U:1","U:2","Ksl","Us:0","Us:1","Us:2","rho","voidfraction","Volume","Cell Type"
38.802,0.0046285,0.0010003,1.2392,6033.9,0.00020092,0.00011266,0.0013021,1.21,0.62915,1.9629e-05,1
