"p","U:0","U:1","U:2","Ksl","Us:0","Us:1","Us:2","rho","voidfraction","Volume","Cell Type"
38.793,0.0012771,0.0014769,1.0897,6285.7,5.3349e-05,-6.319e-05,0.0013122,1.21,0.62905,1.9629e-05,1
