"p","U:0","U:1","U:2","Ksl","Us:0","Us:1","Us:2","rho","voidfraction","Volume","Cell Type"
40.345,-0.0033667,-0.012392,1.5395,6383.7,0.00045383,-4.7663e-05,0.012847,1.21,0.63599,1.9629e-05,1
