"p","U:0","U:1","U:2","Ksl","Us:0","Us:1","Us:2","rho","voidfraction","Volume","Cell Type"
29.966,-0.00029864,-0.00020318,0.97446,7342.2,8.4662e-06,4.8463e-06,6.1472e-05,1.21,0.62945,1.9629e-05,1
