"p","U:0","U:1","U:2","Ksl","Us:0","Us:1","Us:2","rho","voidfraction","Volume","Cell Type"
59.268,0.016337,-0.011605,1.9133,6430.7,-0.00080439,0.0013027,0.0013509,1.21,0.64098,1.9629e-05,1
