"p","U:0","U:1","U:2","Ksl","Us:0","Us:1","Us:2","rho","voidfraction","Volume","Cell Type"
87.599,-0.030047,-0.020683,2.3773,5701.8,0.0021062,-0.00046141,0.0033665,1.21,0.67588,1.9629e-05,1
