"p","U:0","U:1","U:2","Ksl","Us:0","Us:1","Us:2","rho","voidfraction","Volume","Cell Type"
34.079,0.0015182,0.0028542,1.3354,6167.5,-3.9882e-05,0.00044714,0.0025228,1.21,0.63003,1.9629e-05,1
