"p","U:0","U:1","U:2","Ksl","Us:0","Us:1","Us:2","rho","voidfraction","Volume","Cell Type"
55.411,0.017764,-0.0078396,1.8055,6315.4,-0.00093304,0.00046984,0.0015473,1.21,0.64055,1.9629e-05,1
