"p","U:0","U:1","U:2","Ksl","Us:0","Us:1","Us:2","rho","voidfraction","Volume","Cell Type"
51.425,-0.0020161,-0.0031732,1.5021,6118.7,6.3295e-06,0.0002005,-0.022077,1.21,0.63434,1.9629e-05,1
