"p","U:0","U:1","U:2","Ksl","Us:0","Us:1","Us:2","rho","voidfraction","Volume","Cell Type"
21.484,-0.00024181,0.00028327,0.74881,7149.5,-9.6743e-05,3.6056e-05,-0.015648,1.21,0.63214,1.9629e-05,1
