"p","U:0","U:1","U:2","Ksl","Us:0","Us:1","Us:2","rho","voidfraction","Volume","Cell Type"
42.914,-0.01433,-0.023834,1.5318,6333,0.00033007,-0.00015436,-0.0084352,1.21,0.63785,1.9629e-05,1
