"p","U:0","U:1","U:2","Ksl","Us:0","Us:1","Us:2","rho","voidfraction","Volume","Cell Type"
276.09,0.0012931,-0.00081307,4.2887,9.5616,-4.9505e-05,0.0001265,0.0034228,1.21,0.9988,1.9629e-05,1
