"p","U:0","U:1","U:2","Ksl","Us:0","Us:1","Us:2","rho","voidfraction","Volume","Cell Type"
39.42,0.00061513,0.00020699,1.4881,6216.5,0.0011059,0.00076722,0.026879,1.21,0.63406,1.9629e-05,1
