"p","U:0","U:1","U:2","Ksl","Us:0","Us:1","Us:2","rho","voidfraction","Volume","Cell Type"
63.791,0.0063513,-0.0085473,1.9549,6546.3,0.00057331,-0.0010856,-9.7651e-05,1.21,0.64201,1.9629e-05,1
