"p","U:0","U:1","U:2","Ksl","Us:0","Us:1","Us:2","rho","voidfraction","Volume","Cell Type"
42.848,0.0055805,-0.0032269,1.5938,6358.3,-0.0003075,0.0005618,0.024022,1.21,0.63643,1.9629e-05,1
