"p","U:0","U:1","U:2","Ksl","Us:0","Us:1","Us:2","rho","voidfraction","Volume","Cell Type"
63.278,0.0052262,-0.0077813,1.9599,6585.3,-0.00085324,0.00078479,0.0011288,1.21,0.64081,1.9629e-05,1
