"p","U:0","U:1","U:2","Ksl","Us:0","Us:1","Us:2","rho","voidfraction","Volume","Cell Type"
39.205,0.0040094,0.0038974,1.1356,6116.9,3.2094e-05,5.6933e-05,0.0010495,1.21,0.62897,1.9629e-05,1
