"p","U:0","U:1","U:2","Ksl","Us:0","Us:1","Us:2","rho","voidfraction","Volume","Cell Type"
58.913,0.0056178,-0.010212,1.9068,6520,-0.00085515,0.00072035,0.00035911,1.21,0.64016,1.9629e-05,1
