"p","U:0","U:1","U:2","Ksl","Us:0","Us:1","Us:2","rho","voidfraction","Volume","Cell Type"
155.04,-0.057243,0.057017,3.0536,1253.3,0.0098124,-0.083769,0.03833,1.21,0.88045,1.9629e-05,1
