"p","U:0","U:1","U:2","Ksl","Us:0","Us:1","Us:2","rho","voidfraction","Volume","Cell Type"
280.43,0.0014634,-0.00047773,4.2892,8.3675,0.00084452,-0.00060413,0.002608,1.21,0.99892,1.9629e-05,1
