"p","U:0","U:1","U:2","Ksl","Us:0","Us:1","Us:2","rho","voidfraction","Volume","Cell Type"
26.959,-0.0029316,-0.0036932,0.61631,8454.1,7.0296e-05,-2.9955e-05,-0.0046403,1.21,0.63328,1.9629e-05,1
