"p","U:0","U:1","U:2","Ksl","Us:0","Us:1","Us:2","rho","voidfraction","Volume","Cell Type"
239.35,0.002633,0.0018126,3.9105,87.767,0.0030468,-0.0040023,0.022766,1.21,0.98917,1.9629e-05,1
