"p","U:0","U:1","U:2","Ksl","Us:0","Us:1","Us:2","rho","voidfraction","Volume","Cell Type"
147.34,-0.0085859,0.71483,2.7529,3270.8,0.024963,0.13336,0.036216,1.21,0.78022,1.9629e-05,1
