"p","U:0","U:1","U:2","Ksl","Us:0","Us:1","Us:2","rho","voidfraction","Volume","Cell Type"
131.89,0.024469,0.41423,2.5732,1775.1,0.016388,0.016593,0.0054287,1.21,0.84797,1.9629e-05,1
