"p","U:0","U:1","U:2","Ksl","Us:0","Us:1","Us:2","rho","voidfraction","Volume","Cell Type"
236.01,0.00019815,0.0078294,3.9091,78.865,0.0032661,0.005866,0.022514,1.21,0.99019,1.9629e-05,1
