"p","U:0","U:1","U:2","Ksl","Us:0","Us:1","Us:2","rho","voidfraction","Volume","Cell Type"
67.673,0.0048437,-0.0094291,2.0057,6608.1,0.00018975,-0.00026076,0.00092822,1.21,0.64313,1.9629e-05,1
