"p","U:0","U:1","U:2","Ksl","Us:0","Us:1","Us:2","rho","voidfraction","Volume","Cell Type"
220.15,-0.24056,0.0046957,3.5474,1034.2,-0.037917,0.061726,0.017665,1.21,0.90674,1.9629e-05,1
