"p","U:0","U:1","U:2","Ksl","Us:0","Us:1","Us:2","rho","voidfraction","Volume","Cell Type"
19.364,-0.0015624,-0.0011832,0.6885,7190.4,-0.00010678,-6.4778e-05,-0.014702,1.21,0.63227,1.9629e-05,1
