"p","U:0","U:1","U:2","Ksl","Us:0","Us:1","Us:2","rho","voidfraction","Volume","Cell Type"
27.788,-0.0029062,-0.0034228,0.69323,8199.9,-6.1022e-06,5.4625e-05,0.013027,1.21,0.63266,1.9629e-05,1
