"p","U:0","U:1","U:2","Ksl","Us:0","Us:1","Us:2","rho","voidfraction","Volume","Cell Type"
63.467,0.0032833,-0.0051276,1.9591,6595.9,-0.0013377,0.0011087,0.00046887,1.21,0.64089,1.9629e-05,1
