"p","U:0","U:1","U:2","Ksl","Us:0","Us:1","Us:2","rho","voidfraction","Volume","Cell Type"
65.341,-0.00068025,-0.0085234,2.0102,6620.4,0.00024067,-0.00090254,0.0016947,1.21,0.64201,1.9629e-05,1
