"p","U:0","U:1","U:2","Ksl","Us:0","Us:1","Us:2","rho","voidfraction","Volume","Cell Type"
25.343,-0.0035092,-0.0036704,0.62975,8283,-2.4181e-05,-0.000118,0.012494,1.21,0.63313,1.9629e-05,1
