"p","U:0","U:1","U:2","Ksl","Us:0","Us:1","Us:2","rho","voidfraction","Volume","Cell Type"
43.344,-0.0039066,-0.00029488,1.648,6464.8,0.00013979,-0.00013886,-0.0032856,1.21,0.63795,1.9629e-05,1
