"p","U:0","U:1","U:2","Ksl","Us:0","Us:1","Us:2","rho","voidfraction","Volume","Cell Type"
57.904,0.015294,-0.008837,1.8624,6423.5,-0.00077588,0.00040658,0.0011601,1.21,0.63947,1.9629e-05,1
