"p","U:0","U:1","U:2","Ksl","Us:0","Us:1","Us:2","rho","voidfraction","Volume","Cell Type"
18.216,-0.0014491,-0.0022993,0.69156,6962.7,5.6487e-05,-3.552e-05,0.0063095,1.21,0.63222,1.9629e-05,1
