"p","U:0","U:1","U:2","Ksl","Us:0","Us:1","Us:2","rho","voidfraction","Volume","Cell Type"
38.991,-0.0088788,-0.017528,1.4852,6322.5,0.00098117,-0.00081574,-0.016881,1.21,0.63539,1.9629e-05,1
