"p","U:0","U:1","U:2","Ksl","Us:0","Us:1","Us:2","rho","voidfraction","Volume","Cell Type"
37.091,0.0058194,0.0044739,1.1838,6070.6,0.00036793,-0.00010823,0.0016675,1.21,0.62851,1.9629e-05,1
