"p","U:0","U:1","U:2","Ksl","Us:0","Us:1","Us:2","rho","voidfraction","Volume","Cell Type"
274.07,0.0011194,0.00021159,4.2458,10.374,-0.0015236,-0.00045066,0.0045916,1.21,0.99868,1.9629e-05,1
