"p","U:0","U:1","U:2","Ksl","Us:0","Us:1","Us:2","rho","voidfraction","Volume","Cell Type"
70.069,-0.0029262,-0.005784,2.1305,6875.6,-0.00068712,0.00011856,0.00037801,1.21,0.64044,1.9629e-05,1
