"p","U:0","U:1","U:2","Ksl","Us:0","Us:1","Us:2","rho","voidfraction","Volume","Cell Type"
249.36,0.0035436,0.00040574,4.0743,21.145,0.0014513,-0.00037144,0.004745,1.21,0.99732,1.9629e-05,1
