"p","U:0","U:1","U:2","Ksl","Us:0","Us:1","Us:2","rho","voidfraction","Volume","Cell Type"
242.56,0.0014145,0.022652,3.8807,127.23,0.00025898,0.014532,0.01295,1.21,0.98538,1.9629e-05,1
