"p","U:0","U:1","U:2","Ksl","Us:0","Us:1","Us:2","rho","voidfraction","Volume","Cell Type"
84.082,-0.0099596,0.0037213,2.3341,6324.2,-0.00044915,0.00061949,0.0023923,1.21,0.66405,1.9629e-05,1
