"p","U:0","U:1","U:2","Ksl","Us:0","Us:1","Us:2","rho","voidfraction","Volume","Cell Type"
50.355,0.0046102,0.0074542,1.5121,6138.2,0.00079212,0.00030407,0.024578,1.21,0.63317,1.9629e-05,1
