"p","U:0","U:1","U:2","Ksl","Us:0","Us:1","Us:2","rho","voidfraction","Volume","Cell Type"
268.86,0.00076242,-9.2938e-05,4.203,11.95,-0.00038417,0.00020856,0.0037384,1.21,0.99849,1.9629e-05,1
