"p","U:0","U:1","U:2","Ksl","Us:0","Us:1","Us:2","rho","voidfraction","Volume","Cell Type"
69.868,-0.00081436,-0.0074264,2.1304,6883.4,-0.00019781,-0.0013461,-1.4656e-05,1.21,0.64042,1.9629e-05,1
