"p","U:0","U:1","U:2","Ksl","Us:0","Us:1","Us:2","rho","voidfraction","Volume","Cell Type"
94.512,0.14516,0.012395,2.3552,2962.7,0.00037177,0.0017173,-0.020765,1.21,0.77442,1.9629e-05,1
