"p","U:0","U:1","U:2","Ksl","Us:0","Us:1","Us:2","rho","voidfraction","Volume","Cell Type"
273.88,0.0017249,2.7825e-05,4.2457,10.004,-0.00042766,0.00011244,0.0040465,1.21,0.99873,1.9629e-05,1
