"p","U:0","U:1","U:2","Ksl","Us:0","Us:1","Us:2","rho","voidfraction","Volume","Cell Type"
278.11,0.00038235,-0.00068124,4.2889,9.7751,-0.00072804,0.00097348,0.0047068,1.21,0.99873,1.9629e-05,1
