"p","U:0","U:1","U:2","Ksl","Us:0","Us:1","Us:2","rho","voidfraction","Volume","Cell Type"
261.57,0.012192,-0.023657,3.8645,269.93,0.014076,0.023169,0.044518,1.21,0.96933,1.9629e-05,1
