"p","U:0","U:1","U:2","Ksl","Us:0","Us:1","Us:2","rho","voidfraction","Volume","Cell Type"
37.012,0.00023661,0.00046991,1.0412,6415.7,0.00013787,9.6938e-05,0.00066748,1.21,0.62898,1.9629e-05,1
