"p","U:0","U:1","U:2","Ksl","Us:0","Us:1","Us:2","rho","voidfraction","Volume","Cell Type"
49.89,0.0059279,0.0029201,1.4431,6174.7,0.0008431,0.00048591,0.009012,1.21,0.6326,1.9629e-05,1
