"p","U:0","U:1","U:2","Ksl","Us:0","Us:1","Us:2","rho","voidfraction","Volume","Cell Type"
32.916,-0.00011616,0.00033917,1.0408,6416,1.1699e-05,0.00010453,0.00060392,1.21,0.62916,1.9629e-05,1
