"p","U:0","U:1","U:2","Ksl","Us:0","Us:1","Us:2","rho","voidfraction","Volume","Cell Type"
153.27,0.084634,0.49141,2.9813,1296.5,-0.009342,0.038791,0.014801,1.21,0.88084,1.9629e-05,1
