"p","U:0","U:1","U:2","Ksl","Us:0","Us:1","Us:2","rho","voidfraction","Volume","Cell Type"
56.918,-0.0059658,0.0057651,1.5821,6289.9,0.00038528,-0.00045629,-0.0077888,1.21,0.63591,1.9629e-05,1
