"p","U:0","U:1","U:2","Ksl","Us:0","Us:1","Us:2","rho","voidfraction","Volume","Cell Type"
262.6,0.00081663,-0.00050088,4.16,15.203,-0.0015494,0.00084911,0.0060847,1.21,0.99813,1.9629e-05,1
