"p","U:0","U:1","U:2","Ksl","Us:0","Us:1","Us:2","rho","voidfraction","Volume","Cell Type"
60.384,0.0191,-0.012057,1.9088,6386.6,-0.00097684,0.00040634,0.0011423,1.21,0.64241,1.9629e-05,1
