"p","U:0","U:1","U:2","Ksl","Us:0","Us:1","Us:2","rho","voidfraction","Volume","Cell Type"
46.483,-0.0053889,-0.0065905,1.3419,6038.4,-1.2936e-05,0.00015789,0.0029281,1.21,0.6297,1.9629e-05,1
