"p","U:0","U:1","U:2","Ksl","Us:0","Us:1","Us:2","rho","voidfraction","Volume","Cell Type"
56.331,0.016082,-0.010903,1.806,6326.9,-0.00070966,2.4833e-05,0.0013768,1.21,0.64015,1.9629e-05,1
