"p","U:0","U:1","U:2","Ksl","Us:0","Us:1","Us:2","rho","voidfraction","Volume","Cell Type"
165.77,0.050483,-0.24358,3.1047,1020.9,0.014393,0.0020897,-0.0023267,1.21,0.90353,1.9629e-05,1
