"p","U:0","U:1","U:2","Ksl","Us:0","Us:1","Us:2","rho","voidfraction","Volume","Cell Type"
79.659,0.00031076,-0.0012992,2.3064,6688,-0.00023389,-0.00015886,0.0018688,1.21,0.65376,1.9629e-05,1
