"p","U:0","U:1","U:2","Ksl","Us:0","Us:1","Us:2","rho","voidfraction","Volume","Cell Type"
49.995,-0.013556,-0.003438,1.6499,6199.4,-0.00049028,0.00014653,-0.017456,1.21,0.63669,1.9629e-05,1
