"p","U:0","U:1","U:2","Ksl","Us:0","Us:1","Us:2","rho","voidfraction","Volume","Cell Type"
44.081,-0.001767,-0.0033152,1.588,6260.6,0.00050301,0.0018613,0.017813,1.21,0.63836,1.9629e-05,1
