"p","U:0","U:1","U:2","Ksl","Us:0","Us:1","Us:2","rho","voidfraction","Volume","Cell Type"
203.97,-0.038432,0.35452,2.9958,1103.8,0.0054289,-0.065637,0.057672,1.21,0.89245,1.9629e-05,1
