"p","U:0","U:1","U:2","Ksl","Us:0","Us:1","Us:2","rho","voidfraction","Volume","Cell Type"
87.625,-0.062422,-0.032561,2.3486,5065.6,-0.011251,0.00050519,0.013201,1.21,0.69605,1.9629e-05,1
