"p","U:0","U:1","U:2","Ksl","Us:0","Us:1","Us:2","rho","voidfraction","Volume","Cell Type"
254.68,-7.9803e-06,-0.0017371,4.1169,17.523,0.00010054,-0.00011392,0.0036575,1.21,0.99776,1.9629e-05,1
