"p","U:0","U:1","U:2","Ksl","Us:0","Us:1","Us:2","rho","voidfraction","Volume","Cell Type"
37.148,-0.00072858,9.8581e-05,1.042,6412.2,9.4915e-06,6.9044e-05,0.00088561,1.21,0.62912,1.9629e-05,1
