"p","U:0","U:1","U:2","Ksl","Us:0","Us:1","Us:2","rho","voidfraction","Volume","Cell Type"
36.379,-0.0033026,-0.0080797,1.3828,6250.5,0.00062822,0.00015731,-0.014974,1.21,0.63164,1.9629e-05,1
