"p","U:0","U:1","U:2","Ksl","Us:0","Us:1","Us:2","rho","voidfraction","Volume","Cell Type"
111.65,-0.045897,0.6874,2.4624,3191.9,0.0047305,0.038568,0.010112,1.21,0.77925,1.9629e-05,1
