"p","U:0","U:1","U:2","Ksl","Us:0","Us:1","Us:2","rho","voidfraction","Volume","Cell Type"
71.325,-0.0031049,-0.01143,2.1852,6922.9,-0.0013875,0.00065285,0.00051181,1.21,0.64099,1.9629e-05,1
