"p","U:0","U:1","U:2","Ksl","Us:0","Us:1","Us:2","rho","voidfraction","Volume","Cell Type"
62.927,0.016861,-0.010566,1.8901,6429.3,-0.00080177,0.0005315,0.0019686,1.21,0.6396,1.9629e-05,1
