"p","U:0","U:1","U:2","Ksl","Us:0","Us:1","Us:2","rho","voidfraction","Volume","Cell Type"
236.42,0.0047836,0.0020919,3.9464,33.965,0.0011311,-0.0013138,0.016671,1.21,0.99567,1.9629e-05,1
