"p","U:0","U:1","U:2","Ksl","Us:0","Us:1","Us:2","rho","voidfraction","Volume","Cell Type"
241.54,0.0036744,-0.00096458,3.9891,26.826,0.00065016,-0.0001618,0.012563,1.21,0.99656,1.9629e-05,1
