"p","U:0","U:1","U:2","Ksl","Us:0","Us:1","Us:2","rho","voidfraction","Volume","Cell Type"
52.878,0.014983,-0.010879,1.8603,6428.8,-0.00061276,0.0014013,0.0016064,1.21,0.64005,1.9629e-05,1
