"p","U:0","U:1","U:2","Ksl","Us:0","Us:1","Us:2","rho","voidfraction","Volume","Cell Type"
232.33,0.0043072,0.0011556,3.903,55.918,0.00056881,0.0021433,0.035139,1.21,0.99282,1.9629e-05,1
