"p","U:0","U:1","U:2","Ksl","Us:0","Us:1","Us:2","rho","voidfraction","Volume","Cell Type"
279.93,0.0013287,-0.00082325,4.2892,8.3155,-0.00032491,-0.00061778,0.0040979,1.21,0.9989,1.9629e-05,1
