"p","U:0","U:1","U:2","Ksl","Us:0","Us:1","Us:2","rho","voidfraction","Volume","Cell Type"
281.22,0.030917,0.067938,3.883,490.78,0.019358,0.097081,0.066247,1.21,0.94675,1.9629e-05,1
