"p","U:0","U:1","U:2","Ksl","Us:0","Us:1","Us:2","rho","voidfraction","Volume","Cell Type"
23.445,-0.0033835,-0.0044205,0.68438,7790.6,3.5707e-05,8.4384e-05,0.021714,1.21,0.63267,1.9629e-05,1
