"p","U:0","U:1","U:2","Ksl","Us:0","Us:1","Us:2","rho","voidfraction","Volume","Cell Type"
43.304,0.0072491,0.0057343,1.404,6008.3,0.0019018,-0.00044794,0.026348,1.21,0.63233,1.9629e-05,1
