"p","U:0","U:1","U:2","Ksl","Us:0","Us:1","Us:2","rho","voidfraction","Volume","Cell Type"
257.05,0.0024611,-0.00051126,4.1169,16.001,-0.00055473,-0.00022215,0.0054297,1.21,0.99795,1.9629e-05,1
