"p","U:0","U:1","U:2","Ksl","Us:0","Us:1","Us:2","rho","voidfraction","Volume","Cell Type"
258.73,0.0052293,0.0098077,3.896,210.72,0.00029398,-0.011784,0.042187,1.21,0.97609,1.9629e-05,1
