"p","U:0","U:1","U:2","Ksl","Us:0","Us:1","Us:2","rho","voidfraction","Volume","Cell Type"
23.7,-0.0028029,-0.0010056,0.84743,7054.2,-0.00011839,-3.668e-05,0.00070918,1.21,0.63122,1.9629e-05,1
