"p","U:0","U:1","U:2","Ksl","Us:0","Us:1","Us:2","rho","voidfraction","Volume","Cell Type"
272.84,0.0013742,-0.00050081,4.2457,10.193,-0.00013858,0.00024435,0.0017322,1.21,0.99869,1.9629e-05,1
