"p","U:0","U:1","U:2","Ksl","Us:0","Us:1","Us:2","rho","voidfraction","Volume","Cell Type"
72.01,-0.00050411,-0.009277,2.1845,6923.3,-0.00050967,-0.0011674,0.00048041,1.21,0.64106,1.9629e-05,1
