"p","U:0","U:1","U:2","Ksl","Us:0","Us:1","Us:2","rho","voidfraction","Volume","Cell Type"
268.68,0.0010874,-0.00023461,4.2454,10.707,-1.0011e-05,0.00052942,-0.00036994,1.21,0.99867,1.9629e-05,1
