"p","U:0","U:1","U:2","Ksl","Us:0","Us:1","Us:2","rho","voidfraction","Volume","Cell Type"
255.15,0.017492,0.047776,3.6981,474.13,-0.0063523,0.020037,0.022613,1.21,0.95047,1.9629e-05,1
