"p","U:0","U:1","U:2","Ksl","Us:0","Us:1","Us:2","rho","voidfraction","Volume","Cell Type"
250.85,0.063838,-0.017106,3.7235,608.12,0.019397,0.011912,0.023024,1.21,0.93908,1.9629e-05,1
