"p","U:0","U:1","U:2","Ksl","Us:0","Us:1","Us:2","rho","voidfraction","Volume","Cell Type"
40.266,0.00471,-0.0088413,1.488,6178.5,0.00088342,-0.0001891,0.021515,1.21,0.63417,1.9629e-05,1
