"p","U:0","U:1","U:2","Ksl","Us:0","Us:1","Us:2","rho","voidfraction","Volume","Cell Type"
63.371,0.0068713,-0.0072852,1.9597,6566.6,-0.0009479,0.00020536,0.0013259,1.21,0.6409,1.9629e-05,1
