"p","U:0","U:1","U:2","Ksl","Us:0","Us:1","Us:2","rho","voidfraction","Volume","Cell Type"
254.07,0.0021295,-0.00049461,4.1169,16.554,-0.0004037,0.001373,0.0040897,1.21,0.99786,1.9629e-05,1
