"p","U:0","U:1","U:2","Ksl","Us:0","Us:1","Us:2","rho","voidfraction","Volume","Cell Type"
38.449,-0.0003221,-0.0013238,1.0897,6331.4,-2.5894e-05,-8.8199e-05,0.00094788,1.21,0.62894,1.9629e-05,1
