"p","U:0","U:1","U:2","Ksl","Us:0","Us:1","Us:2","rho","voidfraction","Volume","Cell Type"
238.64,0.00016652,0.0012274,3.8776,119.27,-0.0040293,0.017512,0.029287,1.21,0.98602,1.9629e-05,1
