"p","U:0","U:1","U:2","Ksl","Us:0","Us:1","Us:2","rho","voidfraction","Volume","Cell Type"
269.43,0.0012628,-0.00027897,4.2029,12.342,-0.00029735,-0.0004615,0.0075421,1.21,0.99844,1.9629e-05,1
