"p","U:0","U:1","U:2","Ksl","Us:0","Us:1","Us:2","rho","voidfraction","Volume","Cell Type"
238.66,0.0035687,-0.00015811,3.9893,30.579,-0.0011162,0.0034194,0.010154,1.21,0.99606,1.9629e-05,1
