"p","U:0","U:1","U:2","Ksl","Us:0","Us:1","Us:2","rho","voidfraction","Volume","Cell Type"
273.01,0.0015974,0.00016286,4.2459,11.19,0.00049069,-0.00026164,0.0014105,1.21,0.99858,1.9629e-05,1
