"p","U:0","U:1","U:2","Ksl","Us:0","Us:1","Us:2","rho","voidfraction","Volume","Cell Type"
37.18,0.0040303,0.0050205,1.1855,6040.4,0.00021048,-0.00019521,0.0016432,1.21,0.62873,1.9629e-05,1
