"p","U:0","U:1","U:2","Ksl","Us:0","Us:1","Us:2","rho","voidfraction","Volume","Cell Type"
266.91,0.0016352,0.00074734,4.2027,11.313,-0.00027847,0.0002255,0.0022353,1.21,0.99855,1.9629e-05,1
