"p","U:0","U:1","U:2","Ksl","Us:0","Us:1","Us:2","rho","voidfraction","Volume","Cell Type"
246.85,0.096151,-0.055624,3.0695,1631.9,0.017589,0.13734,0.075162,1.21,0.85935,1.9629e-05,1
