"p","U:0","U:1","U:2","Ksl","Us:0","Us:1","Us:2","rho","voidfraction","Volume","Cell Type"
73.781,-0.0053157,-0.011697,2.2258,6882,-0.00060468,-0.0009056,0.0010195,1.21,0.64492,1.9629e-05,1
