"p","U:0","U:1","U:2","Ksl","Us:0","Us:1","Us:2","rho","voidfraction","Volume","Cell Type"
25.237,-0.0031607,-0.0028726,0.63012,8275.2,3.8091e-05,2.0784e-06,0.013009,1.21,0.63318,1.9629e-05,1
