"p","U:0","U:1","U:2","Ksl","Us:0","Us:1","Us:2","rho","voidfraction","Volume","Cell Type"
240.8,-0.0042518,0.0025242,3.6417,575.26,0.0082052,-0.062171,0.06477,1.21,0.9373,1.9629e-05,1
