"p","U:0","U:1","U:2","Ksl","Us:0","Us:1","Us:2","rho","voidfraction","Volume","Cell Type"
55.165,0.015653,-0.010357,1.8068,6301.2,-0.001137,0.00062354,0.002406,1.21,0.64036,1.9629e-05,1
