"p","U:0","U:1","U:2","Ksl","Us:0","Us:1","Us:2","rho","voidfraction","Volume","Cell Type"
94.159,0.095065,-0.062667,2.2885,2446.1,0.011161,-0.0045208,-0.0050026,1.21,0.80067,1.9629e-05,1
