"p","U:0","U:1","U:2","Ksl","Us:0","Us:1","Us:2","rho","voidfraction","Volume","Cell Type"
65.532,0.0020535,-0.0091777,2.0083,6613.2,0.00016579,-0.00072257,0.00091776,1.21,0.6426,1.9629e-05,1
