"p","U:0","U:1","U:2","Ksl","Us:0","Us:1","Us:2","rho","voidfraction","Volume","Cell Type"
244.87,-0.0014185,0.0017993,3.8841,153.46,0.00053782,-0.017614,0.027729,1.21,0.9824,1.9629e-05,1
