"p","U:0","U:1","U:2","Ksl","Us:0","Us:1","Us:2","rho","voidfraction","Volume","Cell Type"
236.37,-0.011514,0.032889,3.6251,727.6,0.028199,0.060933,0.057995,1.21,0.92401,1.9629e-05,1
