"p","U:0","U:1","U:2","Ksl","Us:0","Us:1","Us:2","rho","voidfraction","Volume","Cell Type"
20.719,-0.0040663,-0.0044897,0.52324,8251.6,3.8593e-05,6.071e-05,0.0011609,1.21,0.63373,1.9629e-05,1
