"p","U:0","U:1","U:2","Ksl","Us:0","Us:1","Us:2","rho","voidfraction","Volume","Cell Type"
240.02,0.006239,-0.0028665,3.9152,92.552,-0.0012849,-0.0030461,0.004754,1.21,0.98893,1.9629e-05,1
