"p","U:0","U:1","U:2","Ksl","Us:0","Us:1","Us:2","rho","voidfraction","Volume","Cell Type"
54.31,-0.0019305,0.017729,1.6181,6189.7,0.00014931,0.00018049,0.023978,1.21,0.63715,1.9629e-05,1
