"p","U:0","U:1","U:2","Ksl","Us:0","Us:1","Us:2","rho","voidfraction","Volume","Cell Type"
237.48,0.0046573,0.0021493,3.9465,45.586,-0.0013301,-0.00059851,0.025577,1.21,0.99411,1.9629e-05,1
