"p","U:0","U:1","U:2","Ksl","Us:0","Us:1","Us:2","rho","voidfraction","Volume","Cell Type"
62.566,0.0068381,-0.0083695,1.9615,6539.9,0.00069224,-0.00072579,0.0011779,1.21,0.64099,1.9629e-05,1
