"p","U:0","U:1","U:2","Ksl","Us:0","Us:1","Us:2","rho","voidfraction","Volume","Cell Type"
67.861,-0.0027328,-0.0055577,2.0677,6732.2,-0.00041096,0.00020381,1.0699e-05,1.21,0.64238,1.9629e-05,1
