"p","U:0","U:1","U:2","Ksl","Us:0","Us:1","Us:2","rho","voidfraction","Volume","Cell Type"
55.118,-0.00028831,0.0067141,1.5768,6243.4,0.0014629,-0.00089567,0.020053,1.21,0.63509,1.9629e-05,1
