"p","U:0","U:1","U:2","Ksl","Us:0","Us:1","Us:2","rho","voidfraction","Volume","Cell Type"
164.25,0.0069658,0.40961,3.1012,903.73,-0.015201,-0.016398,0.012808,1.21,0.91054,1.9629e-05,1
