"p","U:0","U:1","U:2","Ksl","Us:0","Us:1","Us:2","rho","voidfraction","Volume","Cell Type"
209.71,-0.030603,0.083369,3.4812,771.86,0.031576,0.023919,0.026792,1.21,0.92298,1.9629e-05,1
