"p","U:0","U:1","U:2","Ksl","Us:0","Us:1","Us:2","rho","voidfraction","Volume","Cell Type"
38.154,-0.0085536,-0.015986,1.4854,6412,0.0013893,-0.00067127,0.00061374,1.21,0.63491,1.9629e-05,1
