"p","U:0","U:1","U:2","Ksl","Us:0","Us:1","Us:2","rho","voidfraction","Volume","Cell Type"
245.64,0.0033313,0.00030612,4.0313,22.933,0.00039186,0.0019974,0.0088089,1.21,0.99707,1.9629e-05,1
