"p","U:0","U:1","U:2","Ksl","Us:0","Us:1","Us:2","rho","voidfraction","Volume","Cell Type"
38.147,0.0067945,0.0048465,1.1851,6050,-0.00017699,2.4821e-05,0.0012922,1.21,0.62864,1.9629e-05,1
