"p","U:0","U:1","U:2","Ksl","Us:0","Us:1","Us:2","rho","voidfraction","Volume","Cell Type"
255.37,0.0021824,-5.6918e-06,4.1169,15.077,0.00033199,0.00116,0.0059742,1.21,0.99807,1.9629e-05,1
