"p","U:0","U:1","U:2","Ksl","Us:0","Us:1","Us:2","rho","voidfraction","Volume","Cell Type"
76.652,-0.0058498,0.0036241,2.2946,6506,-0.00052039,0.0013368,0.0016965,1.21,0.65808,1.9629e-05,1
