"p","U:0","U:1","U:2","Ksl","Us:0","Us:1","Us:2","rho","voidfraction","Volume","Cell Type"
253.07,0.020354,0.061709,3.7137,559.87,0.00045719,0.0020105,0.0056078,1.21,0.94318,1.9629e-05,1
