"p","U:0","U:1","U:2","Ksl","Us:0","Us:1","Us:2","rho","voidfraction","Volume","Cell Type"
38.782,0.0041672,0.00037095,1.2423,6023,-2.4819e-05,-0.00014182,0.0010711,1.21,0.62929,1.9629e-05,1
