"p","U:0","U:1","U:2","Ksl","Us:0","Us:1","Us:2","rho","voidfraction","Volume","Cell Type"
238.76,0.0031665,-0.0011673,3.9895,28.741,-0.0025216,0.0020053,0.018281,1.21,0.99631,1.9629e-05,1
