"p","U:0","U:1","U:2","Ksl","Us:0","Us:1","Us:2","rho","voidfraction","Volume","Cell Type"
53.983,-0.0045957,-0.001272,1.6123,6201.3,2.5305e-05,-0.00071988,-0.017706,1.21,0.63658,1.9629e-05,1
