"p","U:0","U:1","U:2","Ksl","Us:0","Us:1","Us:2","rho","voidfraction","Volume","Cell Type"
274.46,0.11337,0.35263,3.9464,745.23,-0.0071829,0.0036612,0.046237,1.21,0.93163,1.9629e-05,1
