"p","U:0","U:1","U:2","Ksl","Us:0","Us:1","Us:2","rho","voidfraction","Volume","Cell Type"
72.241,-0.0063877,-0.009727,2.1844,6931.6,-0.001136,0.00063737,0.00043602,1.21,0.64114,1.9629e-05,1
