"p","U:0","U:1","U:2","Ksl","Us:0","Us:1","Us:2","rho","voidfraction","Volume","Cell Type"
117.5,0.044529,0.58761,2.4931,2829.6,0.0059724,0.10323,0.0040988,1.21,0.79309,1.9629e-05,1
