"p","U:0","U:1","U:2","Ksl","Us:0","Us:1","Us:2","rho","voidfraction","Volume","Cell Type"
38.962,0.001505,0.00078217,1.2386,6034.5,0.00018086,-0.00021667,0.0015638,1.21,0.62908,1.9629e-05,1
