"p","U:0","U:1","U:2","Ksl","Us:0","Us:1","Us:2","rho","voidfraction","Volume","Cell Type"
60.274,0.00816,-0.010771,1.9047,6482.8,0.00010695,-0.00060344,0.00060676,1.21,0.64098,1.9629e-05,1
