"p","U:0","U:1","U:2","Ksl","Us:0","Us:1","Us:2","rho","voidfraction","Volume","Cell Type"
244.95,0.0061493,-0.00097143,4.0317,23.537,-0.0020203,-0.0011334,0.010884,1.21,0.99698,1.9629e-05,1
