"p","U:0","U:1","U:2","Ksl","Us:0","Us:1","Us:2","rho","voidfraction","Volume","Cell Type"
39.238,0.0028018,0.00095009,1.2421,6033.8,-3.5172e-05,0.00021064,0.00095034,1.21,0.62938,1.9629e-05,1
