"p","U:0","U:1","U:2","Ksl","Us:0","Us:1","Us:2","rho","voidfraction","Volume","Cell Type"
233.68,0.11395,0.047399,3.2519,1292.7,0.0031771,0.14143,0.070175,1.21,0.88484,1.9629e-05,1
