"p","U:0","U:1","U:2","Ksl","Us:0","Us:1","Us:2","rho","voidfraction","Volume","Cell Type"
38.984,0.0055447,-0.0034915,1.5153,6232.7,0.0008446,0.00069123,0.024712,1.21,0.63412,1.9629e-05,1
