"p","U:0","U:1","U:2","Ksl","Us:0","Us:1","Us:2","rho","voidfraction","Volume","Cell Type"
41.239,0.00050468,-0.012851,1.5348,6344.9,-0.00023637,0.00032102,0.021451,1.21,0.63592,1.9629e-05,1
