"p","U:0","U:1","U:2","Ksl","Us:0","Us:1","Us:2","rho","voidfraction","Volume","Cell Type"
243.16,0.00049951,0.017897,3.8833,128.58,-0.0029065,0.0060938,0.013709,1.21,0.98529,1.9629e-05,1
