"p","U:0","U:1","U:2","Ksl","Us:0","Us:1","Us:2","rho","voidfraction","Volume","Cell Type"
50.499,0.00088675,0.00058078,1.4599,6141.3,0.00023938,-0.00024433,-0.021383,1.21,0.63467,1.9629e-05,1
