"p","U:0","U:1","U:2","Ksl","Us:0","Us:1","Us:2","rho","voidfraction","Volume","Cell Type"
81.225,-0.004784,-0.0075918,2.2563,6623.8,-0.0004132,-0.00084944,0.002152,1.21,0.65271,1.9629e-05,1
