"p","U:0","U:1","U:2","Ksl","Us:0","Us:1","Us:2","rho","voidfraction","Volume","Cell Type"
159.27,0.01289,0.51977,3.0434,1484.4,0.0013446,0.019001,-0.0075723,1.21,0.87433,1.9629e-05,1
