"p","U:0","U:1","U:2","Ksl","Us:0","Us:1","Us:2","rho","voidfraction","Volume","Cell Type"
69.28,-0.0037863,-0.0075308,2.1306,6875.8,-0.00089823,0.00055948,0.00015048,1.21,0.64044,1.9629e-05,1
