"p","U:0","U:1","U:2","Ksl","Us:0","Us:1","Us:2","rho","voidfraction","Volume","Cell Type"
242.19,-0.030242,-0.034727,3.6207,497.22,0.0080804,0.038181,0.048708,1.21,0.94536,1.9629e-05,1
