"p","U:0","U:1","U:2","Ksl","Us:0","Us:1","Us:2","rho","voidfraction","Volume","Cell Type"
247.18,-0.0050013,-0.0091663,3.7809,264.93,0.005412,-0.029566,0.041219,1.21,0.97027,1.9629e-05,1
