"p","U:0","U:1","U:2","Ksl","Us:0","Us:1","Us:2","rho","voidfraction","Volume","Cell Type"
95.562,-0.040194,-0.030754,2.2981,2658.2,-0.024718,-0.017749,0.0018381,1.21,0.78765,1.9629e-05,1
