"p","U:0","U:1","U:2","Ksl","Us:0","Us:1","Us:2","rho","voidfraction","Volume","Cell Type"
80.643,-0.0044421,0.0040416,2.2926,6495.2,-0.00093802,0.0008955,0.0019153,1.21,0.65865,1.9629e-05,1
