"p","U:0","U:1","U:2","Ksl","Us:0","Us:1","Us:2","rho","voidfraction","Volume","Cell Type"
150.41,0.01495,0.33304,2.6333,1812.1,-0.0096304,-0.0002058,0.002607,1.21,0.84428,1.9629e-05,1
