"p","U:0","U:1","U:2","Ksl","Us:0","Us:1","Us:2","rho","voidfraction","Volume","Cell Type"
54.851,0.0028565,0.0024999,1.7598,6195.6,9.676e-05,0.0013084,0.019384,1.21,0.63922,1.9629e-05,1
