"p","U:0","U:1","U:2","Ksl","Us:0","Us:1","Us:2","rho","voidfraction","Volume","Cell Type"
19.649,-0.0023311,-0.0017338,0.74422,6864.4,-0.00012875,-1.4093e-05,0.0095127,1.21,0.63205,1.9629e-05,1
