"p","U:0","U:1","U:2","Ksl","Us:0","Us:1","Us:2","rho","voidfraction","Volume","Cell Type"
33.578,-0.012625,-0.0069261,1.3818,6328.8,0.00048018,0.0003375,-0.0007125,1.21,0.63211,1.9629e-05,1
