"p","U:0","U:1","U:2","Ksl","Us:0","Us:1","Us:2","rho","voidfraction","Volume","Cell Type"
44.288,0.0030805,0.002785,1.2415,6017.1,0.00015148,-9.6793e-05,0.0013995,1.21,0.62921,1.9629e-05,1
