"p","U:0","U:1","U:2","Ksl","Us:0","Us:1","Us:2","rho","voidfraction","Volume","Cell Type"
33.189,0.0013515,0.00096719,1.0328,7356.9,-9.8151e-05,-6.7275e-05,0.0021338,1.21,0.62926,1.9629e-05,1
