"p","U:0","U:1","U:2","Ksl","Us:0","Us:1","Us:2","rho","voidfraction","Volume","Cell Type"
255.76,0.002342,3.9076e-05,4.1169,15.507,-0.00071666,0.00016216,0.0089393,1.21,0.99805,1.9629e-05,1
