"p","U:0","U:1","U:2","Ksl","Us:0","Us:1","Us:2","rho","voidfraction","Volume","Cell Type"
192.01,0.081596,0.044729,3.3555,845.9,-0.098265,0.017251,0.051445,1.21,0.91324,1.9629e-05,1
