"p","U:0","U:1","U:2","Ksl","Us:0","Us:1","Us:2","rho","voidfraction","Volume","Cell Type"
29.949,-0.00034797,-0.00065096,0.97431,7342.2,-2.4622e-06,2.3216e-06,2.0438e-05,1.21,0.62946,1.9629e-05,1
