"p","U:0","U:1","U:2","Ksl","Us:0","Us:1","Us:2","rho","voidfraction","Volume","Cell Type"
232.22,0.0026988,-0.00034508,3.9028,62.073,-0.0017325,0.00060244,0.02489,1.21,0.99218,1.9629e-05,1
