"p","U:0","U:1","U:2","Ksl","Us:0","Us:1","Us:2","rho","voidfraction","Volume","Cell Type"
38.512,-0.00065562,0.00080653,1.088,6291.7,0.00031605,0.00058004,0.0014527,1.21,0.62896,1.9629e-05,1
