"p","U:0","U:1","U:2","Ksl","Us:0","Us:1","Us:2","rho","voidfraction","Volume","Cell Type"
99.205,-0.020229,-0.022835,2.3568,3481.1,0.0083597,-0.011122,0.037287,1.21,0.74589,1.9629e-05,1
