"p","U:0","U:1","U:2","Ksl","Us:0","Us:1","Us:2","rho","voidfraction","Volume","Cell Type"
233.22,0.0040127,-0.0010462,3.9036,60.437,-0.0014301,-0.0030201,0.033447,1.21,0.99232,1.9629e-05,1
