"p","U:0","U:1","U:2","Ksl","Us:0","Us:1","Us:2","rho","voidfraction","Volume","Cell Type"
48.311,-0.012595,-0.0070995,1.549,6170,0.00011692,-0.0011953,-0.020675,1.21,0.63544,1.9629e-05,1
