"p","U:0","U:1","U:2","Ksl","Us:0","Us:1","Us:2","rho","voidfraction","Volume","Cell Type"
38.573,0.0032886,0.0013842,1.2392,6020.3,0.00019242,-0.00038813,0.0017575,1.21,0.62905,1.9629e-05,1
