"p","U:0","U:1","U:2","Ksl","Us:0","Us:1","Us:2","rho","voidfraction","Volume","Cell Type"
72.122,-0.0058756,-0.0077602,2.1842,6931.2,-0.00015093,-0.0012922,0.00051475,1.21,0.64114,1.9629e-05,1
