"p","U:0","U:1","U:2","Ksl","Us:0","Us:1","Us:2","rho","voidfraction","Volume","Cell Type"
196.89,-0.04244,0.081669,3.3805,1015.9,0.050418,0.073339,0.036643,1.21,0.90175,1.9629e-05,1
