"p","U:0","U:1","U:2","Ksl","Us:0","Us:1","Us:2","rho","voidfraction","Volume","Cell Type"
235.59,0.0044056,0.00085314,3.9462,34.779,-7.9606e-05,-0.0015804,0.019237,1.21,0.99556,1.9629e-05,1
