"p","U:0","U:1","U:2","Ksl","Us:0","Us:1","Us:2","rho","voidfraction","Volume","Cell Type"
56.751,-0.0035146,-0.0018226,1.7055,6136.2,-3.2506e-05,-0.00046553,-0.014896,1.21,0.6394,1.9629e-05,1
