"p","U:0","U:1","U:2","Ksl","Us:0","Us:1","Us:2","rho","voidfraction","Volume","Cell Type"
52.919,0.0049542,-0.00029962,1.4794,6193.9,5.7972e-05,0.00079997,-0.010814,1.21,0.63369,1.9629e-05,1
