"p","U:0","U:1","U:2","Ksl","Us:0","Us:1","Us:2","rho","voidfraction","Volume","Cell Type"
213.24,0.089626,-0.084437,3.4835,741.89,-0.021774,-0.041203,0.0095315,1.21,0.92324,1.9629e-05,1
