"p","U:0","U:1","U:2","Ksl","Us:0","Us:1","Us:2","rho","voidfraction","Volume","Cell Type"
65.892,0.00087863,-0.01287,2.0091,6614.2,-0.0011137,0.00044725,0.00011944,1.21,0.64267,1.9629e-05,1
