"p","U:0","U:1","U:2","Ksl","Us:0","Us:1","Us:2","rho","voidfraction","Volume","Cell Type"
50.403,-0.0018441,-0.015272,1.7556,6574.7,-0.00085693,0.00085539,-0.0028749,1.21,0.64005,1.9629e-05,1
