"p","U:0","U:1","U:2","Ksl","Us:0","Us:1","Us:2","rho","voidfraction","Volume","Cell Type"
26.731,-0.0032308,-0.0036455,0.61423,8414.9,-8.3958e-05,7.1206e-05,-0.0051489,1.21,0.63306,1.9629e-05,1
