"p","U:0","U:1","U:2","Ksl","Us:0","Us:1","Us:2","rho","voidfraction","Volume","Cell Type"
238.99,0.0031948,-0.00026702,3.9891,28.338,0.0011208,0.00054147,0.010236,1.21,0.9964,1.9629e-05,1
