"p","U:0","U:1","U:2","Ksl","Us:0","Us:1","Us:2","rho","voidfraction","Volume","Cell Type"
279.48,0.00050323,0.00066163,4.2886,10.242,0.00014839,-0.00042498,0.0035608,1.21,0.99869,1.9629e-05,1
