"p","U:0","U:1","U:2","Ksl","Us:0","Us:1","Us:2","rho","voidfraction","Volume","Cell Type"
224.37,0.0040549,-0.12668,3.5577,756.74,0.046452,0.0064474,0.044512,1.21,0.9264,1.9629e-05,1
