"p","U:0","U:1","U:2","Ksl","Us:0","Us:1","Us:2","rho","voidfraction","Volume","Cell Type"
113.82,0.31662,0.5029,2.3895,2266.5,0.0075972,-0.0076901,0.034718,1.21,0.80796,1.9629e-05,1
