"p","U:0","U:1","U:2","Ksl","Us:0","Us:1","Us:2","rho","voidfraction","Volume","Cell Type"
38.832,0.0015281,0.0025235,1.2399,6027.6,-4.4838e-05,1.099e-05,0.0014282,1.21,0.62916,1.9629e-05,1
