"p","U:0","U:1","U:2","Ksl","Us:0","Us:1","Us:2","rho","voidfraction","Volume","Cell Type"
68.167,-0.0025079,-0.0020396,2.0598,6664.5,-0.0010806,-1.0959e-05,0.00058088,1.21,0.6444,1.9629e-05,1
