"p","U:0","U:1","U:2","Ksl","Us:0","Us:1","Us:2","rho","voidfraction","Volume","Cell Type"
92.586,0.013175,0.020504,2.2505,2616.2,0.018597,-0.0051102,0.015972,1.21,0.78767,1.9629e-05,1
