"p","U:0","U:1","U:2","Ksl","Us:0","Us:1","Us:2","rho","voidfraction","Volume","Cell Type"
32.702,-0.00048373,0.00090824,1.041,6432,7.0556e-05,0.00012903,0.00083459,1.21,0.62893,1.9629e-05,1
