"p","U:0","U:1","U:2","Ksl","Us:0","Us:1","Us:2","rho","voidfraction","Volume","Cell Type"
45.704,0.0095941,0.0082618,1.4123,6074.4,0.0010437,0.0014723,0.024264,1.21,0.63141,1.9629e-05,1
