"p","U:0","U:1","U:2","Ksl","Us:0","Us:1","Us:2","rho","voidfraction","Volume","Cell Type"
236.53,0.0043412,0.00073734,3.9466,36.425,-0.0030591,-0.0042435,0.01252,1.21,0.99528,1.9629e-05,1
