"p","U:0","U:1","U:2","Ksl","Us:0","Us:1","Us:2","rho","voidfraction","Volume","Cell Type"
35.258,-0.00046602,-0.01651,1.4267,6369.5,-0.00014718,0.0011619,0.0060236,1.21,0.63534,1.9629e-05,1
