"p","U:0","U:1","U:2","Ksl","Us:0","Us:1","Us:2","rho","voidfraction","Volume","Cell Type"
239.05,0.002453,-0.000647,3.9888,28.862,-0.0021325,-0.0022535,0.0083761,1.21,0.99632,1.9629e-05,1
