"p","U:0","U:1","U:2","Ksl","Us:0","Us:1","Us:2","rho","voidfraction","Volume","Cell Type"
121.57,0.024728,-0.41514,2.5962,1846.8,0.029254,0.056839,0.00062807,1.21,0.84029,1.9629e-05,1
