"p","U:0","U:1","U:2","Ksl","Us:0","Us:1","Us:2","rho","voidfraction","Volume","Cell Type"
38.826,0.0061828,0.0076894,1.2916,6025.3,-0.00010889,-4.7394e-05,0.00084404,1.21,0.6296,1.9629e-05,1
