"p","U:0","U:1","U:2","Ksl","Us:0","Us:1","Us:2","rho","voidfraction","Volume","Cell Type"
246.38,0.0092732,-0.063774,3.7966,328.76,-0.0070902,-0.029447,-0.0051836,1.21,0.96553,1.9629e-05,1
