"p","U:0","U:1","U:2","Ksl","Us:0","Us:1","Us:2","rho","voidfraction","Volume","Cell Type"
38.581,0.0070685,0.0060405,1.2916,6022.3,-2.5582e-05,4.1937e-05,-0.00030392,1.21,0.62951,1.9629e-05,1
