"p","U:0","U:1","U:2","Ksl","Us:0","Us:1","Us:2","rho","voidfraction","Volume","Cell Type"
85.953,0.0057306,-0.0041424,2.1889,6448.9,0.00025294,-0.0010907,0.0011065,1.21,0.65596,1.9629e-05,1
