"p","U:0","U:1","U:2","Ksl","Us:0","Us:1","Us:2","rho","voidfraction","Volume","Cell Type"
43.926,0.0034718,0.0051482,1.3939,6031.4,0.001015,0.0011087,0.02523,1.21,0.63072,1.9629e-05,1
