"p","U:0","U:1","U:2","Ksl","Us:0","Us:1","Us:2","rho","voidfraction","Volume","Cell Type"
42.505,0.0024835,0.0052364,1.1869,6065.6,-3.0161e-05,-7.6984e-05,0.0014121,1.21,0.62896,1.9629e-05,1
