"p","U:0","U:1","U:2","Ksl","Us:0","Us:1","Us:2","rho","voidfraction","Volume","Cell Type"
65.024,-2.444e-05,-0.0097202,2.011,6587.2,0.00092537,-0.0013589,0.00088372,1.21,0.6427,1.9629e-05,1
