"p","U:0","U:1","U:2","Ksl","Us:0","Us:1","Us:2","rho","voidfraction","Volume","Cell Type"
82.076,-0.0050682,-0.0025589,2.3079,6672,0.00024217,0.00027935,0.0024193,1.21,0.65428,1.9629e-05,1
