"p","U:0","U:1","U:2","Ksl","Us:0","Us:1","Us:2","rho","voidfraction","Volume","Cell Type"
243.85,0.0048348,-0.00015392,4.0312,21.829,0.00015036,-0.00094508,0.008664,1.21,0.99726,1.9629e-05,1
