"p","U:0","U:1","U:2","Ksl","Us:0","Us:1","Us:2","rho","voidfraction","Volume","Cell Type"
68.936,-0.0013786,-0.0069525,2.0637,6673.9,0.0005147,-0.0004767,0.00018229,1.21,0.6435,1.9629e-05,1
