"p","U:0","U:1","U:2","Ksl","Us:0","Us:1","Us:2","rho","voidfraction","Volume","Cell Type"
251.07,0.0027218,-0.0003488,4.0742,19.6,-0.00052567,0.0026201,0.0032579,1.21,0.99754,1.9629e-05,1
