"p","U:0","U:1","U:2","Ksl","Us:0","Us:1","Us:2","rho","voidfraction","Volume","Cell Type"
74.756,-0.0029256,0.0014212,2.2133,6729.8,0.00050969,-0.0014926,0.00098642,1.21,0.64869,1.9629e-05,1
