"p","U:0","U:1","U:2","Ksl","Us:0","Us:1","Us:2","rho","voidfraction","Volume","Cell Type"
77.745,-0.0029618,-0.0031787,2.2586,6631.4,-6.0403e-05,0.0002336,0.0023024,1.21,0.65246,1.9629e-05,1
