"p","U:0","U:1","U:2","Ksl","Us:0","Us:1","Us:2","rho","voidfraction","Volume","Cell Type"
139.56,0.12539,0.44877,2.9391,2047.9,-0.015224,0.0058848,0.0036605,1.21,0.84768,1.9629e-05,1
