"p","U:0","U:1","U:2","Ksl","Us:0","Us:1","Us:2","rho","voidfraction","Volume","Cell Type"
263.53,0.014513,-0.072319,3.7213,386.57,0.0033941,0.016899,0.049917,1.21,0.9564,1.9629e-05,1
