"p","U:0","U:1","U:2","Ksl","Us:0","Us:1","Us:2","rho","voidfraction","Volume","Cell Type"
56.303,0.0040318,0.0021042,1.575,6293,-0.00099846,0.00098081,0.00011881,1.21,0.63527,1.9629e-05,1
