"p","U:0","U:1","U:2","Ksl","Us:0","Us:1","Us:2","rho","voidfraction","Volume","Cell Type"
40.969,0.0024378,0.0022206,1.5391,6295.7,0.00043456,0.00084181,0.026457,1.21,0.63513,1.9629e-05,1
