"p","U:0","U:1","U:2","Ksl","Us:0","Us:1","Us:2","rho","voidfraction","Volume","Cell Type"
36.205,0.0040558,0.0048659,1.1376,6135.4,0.00020036,0.00013578,0.0016807,1.21,0.62896,1.9629e-05,1
