"p","U:0","U:1","U:2","Ksl","Us:0","Us:1","Us:2","rho","voidfraction","Volume","Cell Type"
50.972,-0.0040016,-0.029906,1.7466,6397.2,-0.00098732,-0.00051166,0.014148,1.21,0.64238,1.9629e-05,1
