"p","U:0","U:1","U:2","Ksl","Us:0","Us:1","Us:2","rho","voidfraction","Volume","Cell Type"
55.05,0.011874,-0.0074059,1.8079,6404.5,-0.00014705,0.00039577,0.0034165,1.21,0.63933,1.9629e-05,1
