"p","U:0","U:1","U:2","Ksl","Us:0","Us:1","Us:2","rho","voidfraction","Volume","Cell Type"
77.555,-0.0026331,0.001788,2.256,6640,-0.00040298,0.00072846,0.0029156,1.21,0.65277,1.9629e-05,1
