"p","U:0","U:1","U:2","Ksl","Us:0","Us:1","Us:2","rho","voidfraction","Volume","Cell Type"
266.65,0.0011544,-0.002244,4.2029,12.339,-0.00024595,-0.00016354,0.0003995,1.21,0.99842,1.9629e-05,1
