"p","U:0","U:1","U:2","Ksl","Us:0","Us:1","Us:2","rho","voidfraction","Volume","Cell Type"
82.972,0.0009138,-0.00037038,2.3073,6687.2,0.00066055,0.00048708,0.0027209,1.21,0.65389,1.9629e-05,1
