"p","U:0","U:1","U:2","Ksl","Us:0","Us:1","Us:2","rho","voidfraction","Volume","Cell Type"
19.473,-0.0028674,-0.0020869,0.74576,6865.8,-0.00014092,-5.7171e-05,0.012911,1.21,0.63197,1.9629e-05,1
