"p","U:0","U:1","U:2","Ksl","Us:0","Us:1","Us:2","rho","voidfraction","Volume","Cell Type"
38.956,-0.0043913,-0.01885,1.4784,6342,-0.00045952,-0.00014416,-0.0060674,1.21,0.63735,1.9629e-05,1
