"p","U:0","U:1","U:2","Ksl","Us:0","Us:1","Us:2","rho","voidfraction","Volume","Cell Type"
39.023,0.0029213,0.00029206,1.2398,6035.1,0.00011775,-0.00010855,0.001083,1.21,0.62912,1.9629e-05,1
