"p","U:0","U:1","U:2","Ksl","Us:0","Us:1","Us:2","rho","voidfraction","Volume","Cell Type"
253.38,0.0016611,-0.00016215,4.1169,16.335,-0.00023605,-0.00098761,0.0024114,1.21,0.99792,1.9629e-05,1
