"p","U:0","U:1","U:2","Ksl","Us:0","Us:1","Us:2","rho","voidfraction","Volume","Cell Type"
39.156,-0.0013491,0.0037803,1.2925,6011.7,-0.0001322,-6.9812e-05,0.0022961,1.21,0.62942,1.9629e-05,1
