"p","U:0","U:1","U:2","Ksl","Us:0","Us:1","Us:2","rho","voidfraction","Volume","Cell Type"
253.54,0.0019206,-0.00051242,4.1166,15.549,0.0011706,-0.000386,0.0060582,1.21,0.99803,1.9629e-05,1
