"p","U:0","U:1","U:2","Ksl","Us:0","Us:1","Us:2","rho","voidfraction","Volume","Cell Type"
50.912,0.0017117,-0.012716,1.7481,6402.8,0.00024445,0.00035879,0.0019458,1.21,0.64194,1.9629e-05,1
