"p","U:0","U:1","U:2","Ksl","Us:0","Us:1","Us:2","rho","voidfraction","Volume","Cell Type"
69.862,-0.0010591,-0.0067696,2.1298,6878.9,-0.00038656,-0.0012343,-0.00025589,1.21,0.64055,1.9629e-05,1
