"p","U:0","U:1","U:2","Ksl","Us:0","Us:1","Us:2","rho","voidfraction","Volume","Cell Type"
256.8,0.0056046,0.058529,3.7542,537.24,0.01993,0.094476,0.055257,1.21,0.94366,1.9629e-05,1
