"p","U:0","U:1","U:2","Ksl","Us:0","Us:1","Us:2","rho","voidfraction","Volume","Cell Type"
86.08,-0.021827,-0.016298,2.3461,5943.3,-0.00077461,0.00072237,0.0033756,1.21,0.67124,1.9629e-05,1
