"p","U:0","U:1","U:2","Ksl","Us:0","Us:1","Us:2","rho","voidfraction","Volume","Cell Type"
262.37,0.00073152,-0.00038363,4.1597,14.509,-0.000628,-0.00094037,0.0039068,1.21,0.99821,1.9629e-05,1
