"p","U:0","U:1","U:2","Ksl","Us:0","Us:1","Us:2","rho","voidfraction","Volume","Cell Type"
50.59,0.0050244,0.0043138,1.4408,6200.4,0.00052169,0.00093561,0.0096242,1.21,0.63126,1.9629e-05,1
