"p","U:0","U:1","U:2","Ksl","Us:0","Us:1","Us:2","rho","voidfraction","Volume","Cell Type"
67.368,-0.0013232,-0.0076185,2.0709,6765.8,0.00026711,-0.0010331,-7.0269e-05,1.21,0.64139,1.9629e-05,1
