"p","U:0","U:1","U:2","Ksl","Us:0","Us:1","Us:2","rho","voidfraction","Volume","Cell Type"
37.343,0.0017422,0.0045255,1.1877,6045.2,0.000184,0.00011726,0.0010739,1.21,0.62919,1.9629e-05,1
