"p","U:0","U:1","U:2","Ksl","Us:0","Us:1","Us:2","rho","voidfraction","Volume","Cell Type"
59.235,0.017466,-0.010058,1.9111,6425.5,-0.00090896,0.00085938,0.0015627,1.21,0.64165,1.9629e-05,1
