"p","U:0","U:1","U:2","Ksl","Us:0","Us:1","Us:2","rho","voidfraction","Volume","Cell Type"
204.83,0.038806,-0.14214,3.3231,821.31,-0.060944,0.0031888,0.040687,1.21,0.91977,1.9629e-05,1
