"p","U:0","U:1","U:2","Ksl","Us:0","Us:1","Us:2","rho","voidfraction","Volume","Cell Type"
52.567,-0.0064121,-0.0012916,1.5574,6163.7,0.0013728,-0.0010954,-0.020674,1.21,0.63633,1.9629e-05,1
