"p","U:0","U:1","U:2","Ksl","Us:0","Us:1","Us:2","rho","voidfraction","Volume","Cell Type"
171.73,0.025733,0.81299,3.1077,2555.3,0.00048527,0.16915,0.020985,1.21,0.82393,1.9629e-05,1
