"p","U:0","U:1","U:2","Ksl","Us:0","Us:1","Us:2","rho","voidfraction","Volume","Cell Type"
281.11,0.0007478,0.00055226,4.2889,9.1681,0.00048237,0.00030673,0.0018251,1.21,0.99881,1.9629e-05,1
