"p","U:0","U:1","U:2","Ksl","Us:0","Us:1","Us:2","rho","voidfraction","Volume","Cell Type"
23.723,-0.0042715,-0.0050951,0.77666,7262.2,-1.0527e-05,-0.0001685,0.025495,1.21,0.6321,1.9629e-05,1
