"p","U:0","U:1","U:2","Ksl","Us:0","Us:1","Us:2","rho","voidfraction","Volume","Cell Type"
226.98,-0.00016985,-0.00672,3.8044,171.87,-0.0018251,0.014805,0.030414,1.21,0.98038,1.9629e-05,1
