"p","U:0","U:1","U:2","Ksl","Us:0","Us:1","Us:2","rho","voidfraction","Volume","Cell Type"
78.492,-0.002514,-0.0044923,2.2589,6634.7,-0.00068467,-0.00040311,0.0026339,1.21,0.65218,1.9629e-05,1
