"p","U:0","U:1","U:2","Ksl","Us:0","Us:1","Us:2","rho","voidfraction","Volume","Cell Type"
254.63,0.0027929,-0.026898,3.7337,436.12,-0.019206,0.020764,0.046282,1.21,0.95242,1.9629e-05,1
