"p","U:0","U:1","U:2","Ksl","Us:0","Us:1","Us:2","rho","voidfraction","Volume","Cell Type"
68.18,0.001477,-0.0076546,2.0637,6676.1,-0.00043917,-0.00073587,-2.0391e-05,1.21,0.64374,1.9629e-05,1
