"p","U:0","U:1","U:2","Ksl","Us:0","Us:1","Us:2","rho","voidfraction","Volume","Cell Type"
39.373,0.0098703,0.011687,1.3889,5962.8,0.0015713,0.00083536,0.027441,1.21,0.63208,1.9629e-05,1
