"p","U:0","U:1","U:2","Ksl","Us:0","Us:1","Us:2","rho","voidfraction","Volume","Cell Type"
51.151,0.0064201,0.0047625,1.4422,6229.9,0.00058547,8.6092e-05,-0.0044514,1.21,0.63176,1.9629e-05,1
