"p","U:0","U:1","U:2","Ksl","Us:0","Us:1","Us:2","rho","voidfraction","Volume","Cell Type"
255.8,0.002298,-0.001058,4.1169,16.224,-0.0011435,-0.00019717,0.0051751,1.21,0.99798,1.9629e-05,1
