"p","U:0","U:1","U:2","Ksl","Us:0","Us:1","Us:2","rho","voidfraction","Volume","Cell Type"
173.75,0.073985,-0.14826,3.1992,976.83,0.026219,0.058801,0.022279,1.21,0.90295,1.9629e-05,1
