"p","U:0","U:1","U:2","Ksl","Us:0","Us:1","Us:2","rho","voidfraction","Volume","Cell Type"
274.75,0.0011532,0.00054832,4.2459,11.042,-0.0005176,6.0133e-05,0.0034821,1.21,0.99857,1.9629e-05,1
