"p","U:0","U:1","U:2","Ksl","Us:0","Us:1","Us:2","rho","voidfraction","Volume","Cell Type"
252.53,-0.028086,0.043625,3.6982,469.41,-0.0015489,0.013344,0.032628,1.21,0.95032,1.9629e-05,1
