"p","U:0","U:1","U:2","Ksl","Us:0","Us:1","Us:2","rho","voidfraction","Volume","Cell Type"
35.045,0.0011226,0.00088605,1.0916,6270.2,0.00014751,0.00027577,0.0011913,1.21,0.62901,1.9629e-05,1
