"p","U:0","U:1","U:2","Ksl","Us:0","Us:1","Us:2","rho","voidfraction","Volume","Cell Type"
59.657,-0.0029248,0.004731,1.7217,6271.5,-0.00052306,0.000454,0.012653,1.21,0.6382,1.9629e-05,1
