"p","U:0","U:1","U:2","Ksl","Us:0","Us:1","Us:2","rho","voidfraction","Volume","Cell Type"
164.78,0.0036148,-0.81596,3.1354,2259.4,0.0082743,-0.099191,0.028902,1.21,0.83911,1.9629e-05,1
