"p","U:0","U:1","U:2","Ksl","Us:0","Us:1","Us:2","rho","voidfraction","Volume","Cell Type"
236.81,0.0046703,0.00090161,3.9466,43.776,0.00051741,0.0022484,0.026222,1.21,0.99437,1.9629e-05,1
