"p","U:0","U:1","U:2","Ksl","Us:0","Us:1","Us:2","rho","voidfraction","Volume","Cell Type"
250.37,0.0017191,-0.00041466,4.0739,18.381,-0.0010378,0.00081004,0.0067661,1.21,0.99768,1.9629e-05,1
