"p","U:0","U:1","U:2","Ksl","Us:0","Us:1","Us:2","rho","voidfraction","Volume","Cell Type"
85.363,0.00056482,-0.018894,2.3247,5870.2,-0.00076087,0.0019635,0.003458,1.21,0.67168,1.9629e-05,1
