"p","U:0","U:1","U:2","Ksl","Us:0","Us:1","Us:2","rho","voidfraction","Volume","Cell Type"
44.581,0.0037765,0.01001,1.4483,6002.6,0.00076702,0.00093419,0.032224,1.21,0.63386,1.9629e-05,1
