"p","U:0","U:1","U:2","Ksl","Us:0","Us:1","Us:2","rho","voidfraction","Volume","Cell Type"
82.321,-0.005216,0.0081531,2.318,6473.1,-0.0010733,8.4182e-05,0.0020659,1.21,0.65925,1.9629e-05,1
