"p","U:0","U:1","U:2","Ksl","Us:0","Us:1","Us:2","rho","voidfraction","Volume","Cell Type"
259.75,0.00041515,-0.00097121,4.1599,14.009,-0.00035714,-0.00012129,0.0039401,1.21,0.99825,1.9629e-05,1
