"p","U:0","U:1","U:2","Ksl","Us:0","Us:1","Us:2","rho","voidfraction","Volume","Cell Type"
72.049,-0.0068514,-0.0088161,2.1835,6942,0.00047488,-0.0011653,0.00087184,1.21,0.64114,1.9629e-05,1
