"p","U:0","U:1","U:2","Ksl","Us:0","Us:1","Us:2","rho","voidfraction","Volume","Cell Type"
238.74,0.0021695,-0.0023301,3.9887,27.104,0.0010591,0.0051154,0.013653,1.21,0.99656,1.9629e-05,1
