"p","U:0","U:1","U:2","Ksl","Us:0","Us:1","Us:2","rho","voidfraction","Volume","Cell Type"
42.474,0.001152,-0.0037373,1.5869,6340.4,-0.00048932,9.5106e-05,0.020813,1.21,0.6374,1.9629e-05,1
