"p","U:0","U:1","U:2","Ksl","Us:0","Us:1","Us:2","rho","voidfraction","Volume","Cell Type"
245.11,0.0052929,-0.0005457,4.0314,21.727,-0.0002885,0.00023224,0.010127,1.21,0.99725,1.9629e-05,1
