"p","U:0","U:1","U:2","Ksl","Us:0","Us:1","Us:2","rho","voidfraction","Volume","Cell Type"
258.79,0.0013764,3.9829e-05,4.1597,13.521,-0.00070236,0.00047966,0.0051611,1.21,0.99825,1.9629e-05,1
