"p","U:0","U:1","U:2","Ksl","Us:0","Us:1","Us:2","rho","voidfraction","Volume","Cell Type"
239.71,0.53338,0.068248,3.7704,1384.4,0.11969,-0.0013076,0.027779,1.21,0.89657,1.9629e-05,1
