"p","U:0","U:1","U:2","Ksl","Us:0","Us:1","Us:2","rho","voidfraction","Volume","Cell Type"
235.54,-0.0038108,-0.0067663,3.7736,225.17,-0.0054846,0.019803,0.028005,1.21,0.97457,1.9629e-05,1
