"p","U:0","U:1","U:2","Ksl","Us:0","Us:1","Us:2","rho","voidfraction","Volume","Cell Type"
35.797,0.0037781,0.0042523,1.1363,6146.4,8.875e-05,-1.5872e-05,0.0015791,1.21,0.62889,1.9629e-05,1
