"p","U:0","U:1","U:2","Ksl","Us:0","Us:1","Us:2","rho","voidfraction","Volume","Cell Type"
65.324,-0.00036173,-0.0076611,2.0118,6649.2,-0.00025888,0.00018707,0.0010108,1.21,0.64185,1.9629e-05,1
