"p","U:0","U:1","U:2","Ksl","Us:0","Us:1","Us:2","rho","voidfraction","Volume","Cell Type"
246.88,0.0054334,-0.00014054,4.0315,25.549,0.00031581,0.0023083,0.0081233,1.21,0.99678,1.9629e-05,1
