"p","U:0","U:1","U:2","Ksl","Us:0","Us:1","Us:2","rho","voidfraction","Volume","Cell Type"
239.67,0.004661,0.0018435,3.9897,31.936,0.0011456,-0.00025816,0.020133,1.21,0.99591,1.9629e-05,1
