"p","U:0","U:1","U:2","Ksl","Us:0","Us:1","Us:2","rho","voidfraction","Volume","Cell Type"
254.09,-0.0085492,-0.017515,3.7637,383.65,-0.0047879,0.042261,0.05659,1.21,0.95575,1.9629e-05,1
