"p","U:0","U:1","U:2","Ksl","Us:0","Us:1","Us:2","rho","voidfraction","Volume","Cell Type"
198.8,0.0080863,0.089758,3.3997,1056.5,0.042614,0.032327,0.064389,1.21,0.9006,1.9629e-05,1
