"p","U:0","U:1","U:2","Ksl","Us:0","Us:1","Us:2","rho","voidfraction","Volume","Cell Type"
236.71,0.00086123,0.0072348,3.9091,80.679,0.0025888,0.0063121,0.01499,1.21,0.99007,1.9629e-05,1
