"p","U:0","U:1","U:2","Ksl","Us:0","Us:1","Us:2","rho","voidfraction","Volume","Cell Type"
33.696,0.00073449,0.00018856,1.0303,7019.8,-0.00049834,-0.00043183,0.0010707,1.21,0.62935,1.9629e-05,1
