"p","U:0","U:1","U:2","Ksl","Us:0","Us:1","Us:2","rho","voidfraction","Volume","Cell Type"
280.16,0.00099651,-0.00077345,4.289,8.7135,-5.6164e-05,0.00051614,0.0050826,1.21,0.99887,1.9629e-05,1
