"p","U:0","U:1","U:2","Ksl","Us:0","Us:1","Us:2","rho","voidfraction","Volume","Cell Type"
76.989,0.0034582,-0.0023466,2.1962,6433.9,7.5919e-05,-0.00056792,0.00043074,1.21,0.65562,1.9629e-05,1
