"p","U:0","U:1","U:2","Ksl","Us:0","Us:1","Us:2","rho","voidfraction","Volume","Cell Type"
74.352,-0.0015936,-0.004176,2.2154,6782.6,0.00065305,-0.0021694,0.0011817,1.21,0.64732,1.9629e-05,1
