"p","U:0","U:1","U:2","Ksl","Us:0","Us:1","Us:2","rho","voidfraction","Volume","Cell Type"
59.897,0.007951,-0.0077847,1.9052,6468.5,-0.00012384,-0.00059298,0.00063438,1.21,0.64142,1.9629e-05,1
