"p","U:0","U:1","U:2","Ksl","Us:0","Us:1","Us:2","rho","voidfraction","Volume","Cell Type"
240.55,0.0029749,-0.0017698,3.9889,27.729,5.5647e-05,7.1084e-05,0.011955,1.21,0.99648,1.9629e-05,1
