"p","U:0","U:1","U:2","Ksl","Us:0","Us:1","Us:2","rho","voidfraction","Volume","Cell Type"
249.83,-0.0027793,0.0073221,3.8927,200.65,0.0015931,0.023017,0.043511,1.21,0.97705,1.9629e-05,1
