"p","U:0","U:1","U:2","Ksl","Us:0","Us:1","Us:2","rho","voidfraction","Volume","Cell Type"
259.91,0.001234,-0.00089698,4.1598,14.329,-5.4088e-05,0.00062167,0.00054185,1.21,0.99818,1.9629e-05,1
