"p","U:0","U:1","U:2","Ksl","Us:0","Us:1","Us:2","rho","voidfraction","Volume","Cell Type"
74.253,-0.00386,-0.0083524,2.2395,6967.3,-0.00022494,-0.00050533,0.00090836,1.21,0.6416,1.9629e-05,1
