"p","U:0","U:1","U:2","Ksl","Us:0","Us:1","Us:2","rho","voidfraction","Volume","Cell Type"
250.33,0.00069983,0.015475,3.8985,211.7,0.0018025,0.03727,0.038251,1.21,0.97619,1.9629e-05,1
