"p","U:0","U:1","U:2","Ksl","Us:0","Us:1","Us:2","rho","voidfraction","Volume","Cell Type"
254.49,-0.00061163,-0.014169,3.7906,316.59,0.0090672,-0.031905,0.037735,1.21,0.9654,1.9629e-05,1
