"p","U:0","U:1","U:2","Ksl","Us:0","Us:1","Us:2","rho","voidfraction","Volume","Cell Type"
78.331,0.0019772,0.0012124,2.1913,6384,0.0010534,-0.0010502,0.00015423,1.21,0.65682,1.9629e-05,1
