"p","U:0","U:1","U:2","Ksl","Us:0","Us:1","Us:2","rho","voidfraction","Volume","Cell Type"
29.728,-0.0039654,-0.0027843,0.93198,7326.2,0.00020106,-7.1872e-05,0.018977,1.21,0.63125,1.9629e-05,1
