"p","U:0","U:1","U:2","Ksl","Us:0","Us:1","Us:2","rho","voidfraction","Volume","Cell Type"
86.847,-0.01884,-0.0067456,2.3373,5305.4,-0.001736,0.00022293,0.0084093,1.21,0.68911,1.9629e-05,1
