"p","U:0","U:1","U:2","Ksl","Us:0","Us:1","Us:2","rho","voidfraction","Volume","Cell Type"
58.048,0.012445,-0.0086972,1.8638,6426.7,-0.00056862,0.00016536,0.0014776,1.21,0.63902,1.9629e-05,1
