"p","U:0","U:1","U:2","Ksl","Us:0","Us:1","Us:2","rho","voidfraction","Volume","Cell Type"
84.083,-0.0049696,-0.012354,2.3277,5922.2,-0.00027478,0.0011438,0.002154,1.21,0.67022,1.9629e-05,1
