"p","U:0","U:1","U:2","Ksl","Us:0","Us:1","Us:2","rho","voidfraction","Volume","Cell Type"
84.491,-0.018405,-0.015117,2.3273,5925.1,-0.0013596,0.002032,0.0024532,1.21,0.6722,1.9629e-05,1
