"p","U:0","U:1","U:2","Ksl","Us:0","Us:1","Us:2","rho","voidfraction","Volume","Cell Type"
34.534,-0.00069292,-0.007412,1.4293,6390,-0.0001682,0.00067658,0.0010522,1.21,0.63486,1.9629e-05,1
