"p","U:0","U:1","U:2","Ksl","Us:0","Us:1","Us:2","rho","voidfraction","Volume","Cell Type"
232.58,-0.18268,-0.096559,3.6097,542.44,0.0068948,0.041911,0.045894,1.21,0.94049,1.9629e-05,1
