"p","U:0","U:1","U:2","Ksl","Us:0","Us:1","Us:2","rho","voidfraction","Volume","Cell Type"
36.399,0.0036592,0.0058586,1.1368,6136.7,-4.3534e-05,0.00016921,0.001724,1.21,0.62899,1.9629e-05,1
