"p","U:0","U:1","U:2","Ksl","Us:0","Us:1","Us:2","rho","voidfraction","Volume","Cell Type"
63.083,0.0022277,-0.0035899,1.9543,6559.6,-0.00035272,-0.00066478,0.00030331,1.21,0.64192,1.9629e-05,1
