"p","U:0","U:1","U:2","Ksl","Us:0","Us:1","Us:2","rho","voidfraction","Volume","Cell Type"
38.464,0.0046829,0.0029813,1.2383,5998.6,0.00034797,-5.7534e-05,0.0017834,1.21,0.62897,1.9629e-05,1
