"p","U:0","U:1","U:2","Ksl","Us:0","Us:1","Us:2","rho","voidfraction","Volume","Cell Type"
101.41,0.10778,0.016261,2.349,3384.1,-0.0021156,0.0063508,0.044936,1.21,0.75037,1.9629e-05,1
