"p","U:0","U:1","U:2","Ksl","Us:0","Us:1","Us:2","rho","voidfraction","Volume","Cell Type"
29.897,-0.00066169,-0.00053187,0.97428,7340.6,-1.2025e-06,6.9868e-07,3.0138e-05,1.21,0.62949,1.9629e-05,1
