"p","U:0","U:1","U:2","Ksl","Us:0","Us:1","Us:2","rho","voidfraction","Volume","Cell Type"
262.49,-0.0060907,-0.048326,3.8821,252.86,0.0089551,0.011262,0.038622,1.21,0.9712,1.9629e-05,1
