"p","U:0","U:1","U:2","Ksl","Us:0","Us:1","Us:2","rho","voidfraction","Volume","Cell Type"
105.25,0.003947,-0.39976,2.4126,1789.7,-0.0029817,0.096042,0.019605,1.21,0.83938,1.9629e-05,1
