"p","U:0","U:1","U:2","Ksl","Us:0","Us:1","Us:2","rho","voidfraction","Volume","Cell Type"
84.234,-0.003198,0.0022554,2.3093,5935.7,0.0010646,-0.0031063,0.0021915,1.21,0.67275,1.9629e-05,1
