"p","U:0","U:1","U:2","Ksl","Us:0","Us:1","Us:2","rho","voidfraction","Volume","Cell Type"
74.674,-0.0045262,-0.0086481,2.2395,6972.2,0.00022087,-0.0011507,0.00050196,1.21,0.64161,1.9629e-05,1
