"p","U:0","U:1","U:2","Ksl","Us:0","Us:1","Us:2","rho","voidfraction","Volume","Cell Type"
250.74,-0.0041032,-0.0055337,3.7856,287.78,0.0036171,-0.023326,0.030162,1.21,0.96751,1.9629e-05,1
