"p","U:0","U:1","U:2","Ksl","Us:0","Us:1","Us:2","rho","voidfraction","Volume","Cell Type"
76.389,-0.0013791,-0.00076105,2.1912,6479.9,0.00043421,-0.00019146,0.00042868,1.21,0.65477,1.9629e-05,1
