"p","U:0","U:1","U:2","Ksl","Us:0","Us:1","Us:2","rho","voidfraction","Volume","Cell Type"
36.404,0.0057306,0.0063459,1.1379,6151.8,-3.8898e-05,0.00013446,0.0014509,1.21,0.62892,1.9629e-05,1
