"p","U:0","U:1","U:2","Ksl","Us:0","Us:1","Us:2","rho","voidfraction","Volume","Cell Type"
236.3,0.0018733,0.0019106,3.9469,37.859,-0.0039144,-0.00051568,0.021055,1.21,0.99508,1.9629e-05,1
