"p","U:0","U:1","U:2","Ksl","Us:0","Us:1","Us:2","rho","voidfraction","Volume","Cell Type"
243.32,0.0066148,-0.0011621,4.0312,23.747,-2.7228e-05,-0.00037117,0.0029156,1.21,0.99703,1.9629e-05,1
