"p","U:0","U:1","U:2","Ksl","Us:0","Us:1","Us:2","rho","voidfraction","Volume","Cell Type"
89.564,-0.11195,-0.0010778,2.2588,3113.6,-0.0043584,0.010871,0.016091,1.21,0.76776,1.9629e-05,1
