"p","U:0","U:1","U:2","Ksl","Us:0","Us:1","Us:2","rho","voidfraction","Volume","Cell Type"
238.01,0.001446,0.026678,3.8821,130.15,0.0010324,0.018206,0.0050074,1.21,0.98514,1.9629e-05,1
