"p","U:0","U:1","U:2","Ksl","Us:0","Us:1","Us:2","rho","voidfraction","Volume","Cell Type"
219.21,-0.0023673,-0.0063208,3.4744,649.92,-0.044893,-0.055352,0.045225,1.21,0.93111,1.9629e-05,1
