"p","U:0","U:1","U:2","Ksl","Us:0","Us:1","Us:2","rho","voidfraction","Volume","Cell Type"
38.29,0.0021398,0.0012129,1.2427,6031.4,0.00011676,8.0297e-05,0.00062684,1.21,0.6294,1.9629e-05,1
