"p","U:0","U:1","U:2","Ksl","Us:0","Us:1","Us:2","rho","voidfraction","Volume","Cell Type"
246.23,0.040407,0.14796,3.7012,695.56,0.00060718,0.0119,0.011915,1.21,0.93285,1.9629e-05,1
