"p","U:0","U:1","U:2","Ksl","Us:0","Us:1","Us:2","rho","voidfraction","Volume","Cell Type"
61.144,-0.0046925,-0.0067283,1.7243,6276,-0.0002529,0.00037763,0.0043326,1.21,0.63937,1.9629e-05,1
