"p","U:0","U:1","U:2","Ksl","Us:0","Us:1","Us:2","rho","voidfraction","Volume","Cell Type"
256.42,0.0013822,-0.001324,4.1169,14.962,-0.00067879,0.00017755,0.002849,1.21,0.99808,1.9629e-05,1
