"p","U:0","U:1","U:2","Ksl","Us:0","Us:1","Us:2","rho","voidfraction","Volume","Cell Type"
66.074,-0.00069334,-0.0094804,2.0087,6620.1,0.00055398,-0.0010049,0.00060069,1.21,0.6425,1.9629e-05,1
