"p","U:0","U:1","U:2","Ksl","Us:0","Us:1","Us:2","rho","voidfraction","Volume","Cell Type"
49.227,0.0050916,0.0077512,1.5103,6049,0.00072687,-9.8851e-05,0.031677,1.21,0.63538,1.9629e-05,1
