"p","U:0","U:1","U:2","Ksl","Us:0","Us:1","Us:2","rho","voidfraction","Volume","Cell Type"
20.075,-0.0043232,-0.0045036,0.4908,8380.4,-4.1794e-05,2.0221e-05,0.00015634,1.21,0.63372,1.9629e-05,1
