"p","U:0","U:1","U:2","Ksl","Us:0","Us:1","Us:2","rho","voidfraction","Volume","Cell Type"
277.23,0.00073997,0.00085142,4.2888,9.7547,0.00071724,0.00042054,0.0011914,1.21,0.99873,1.9629e-05,1
