"p","U:0","U:1","U:2","Ksl","Us:0","Us:1","Us:2","rho","voidfraction","Volume","Cell Type"
242.99,-0.0010536,0.017579,3.8835,133.42,0.0010602,7.102e-05,0.018883,1.21,0.98493,1.9629e-05,1
