"p","U:0","U:1","U:2","Ksl","Us:0","Us:1","Us:2","rho","voidfraction","Volume","Cell Type"
256.41,-0.076729,0.030924,3.7058,518.44,-0.016062,0.013489,0.016985,1.21,0.94768,1.9629e-05,1
