"p","U:0","U:1","U:2","Ksl","Us:0","Us:1","Us:2","rho","voidfraction","Volume","Cell Type"
55.267,0.017025,-0.0088453,1.8071,6350.4,-0.00085804,0.00014207,0.0012356,1.21,0.63952,1.9629e-05,1
