"p","U:0","U:1","U:2","Ksl","Us:0","Us:1","Us:2","rho","voidfraction","Volume","Cell Type"
19.292,-0.0035993,-0.0027532,0.70495,7093.4,2.9879e-05,-1.9849e-05,0.020967,1.21,0.63235,1.9629e-05,1
