"p","U:0","U:1","U:2","Ksl","Us:0","Us:1","Us:2","rho","voidfraction","Volume","Cell Type"
40.335,0.0014691,0.0013361,1.3425,6016,-0.00021834,-0.00012978,0.0036877,1.21,0.6297,1.9629e-05,1
