"p","U:0","U:1","U:2","Ksl","Us:0","Us:1","Us:2","rho","voidfraction","Volume","Cell Type"
83.288,-0.013874,0.02041,2.2419,3559.4,0.00091048,-0.00045754,0.0016474,1.21,0.75076,1.9629e-05,1
