"p","U:0","U:1","U:2","Ksl","Us:0","Us:1","Us:2","rho","voidfraction","Volume","Cell Type"
241.67,-0.0025154,-0.060599,3.8232,248.8,-0.0048935,-0.048259,0.0027561,1.21,0.97299,1.9629e-05,1
