"p","U:0","U:1","U:2","Ksl","Us:0","Us:1","Us:2","rho","voidfraction","Volume","Cell Type"
46.114,-0.013847,-0.012346,1.5334,6284.5,-0.00046563,0.00028571,-0.014839,1.21,0.63686,1.9629e-05,1
