"p","U:0","U:1","U:2","Ksl","Us:0","Us:1","Us:2","rho","voidfraction","Volume","Cell Type"
53.798,0.016295,0.018012,1.7528,6242.6,-0.00034782,0.00055984,-0.014243,1.21,0.64152,1.9629e-05,1
