"p","U:0","U:1","U:2","Ksl","Us:0","Us:1","Us:2","rho","voidfraction","Volume","Cell Type"
258.85,-0.026873,-0.055051,3.7984,536.32,-0.0086397,-0.063189,0.038984,1.21,0.94361,1.9629e-05,1
