"p","U:0","U:1","U:2","Ksl","Us:0","Us:1","Us:2","rho","voidfraction","Volume","Cell Type"
47.842,-0.006076,-0.0015005,1.6499,6232.6,0.00027828,1.6827e-05,-0.013944,1.21,0.63719,1.9629e-05,1
