"p","U:0","U:1","U:2","Ksl","Us:0","Us:1","Us:2","rho","voidfraction","Volume","Cell Type"
23.368,-0.0035576,-0.0037429,0.73371,7485.4,1.5452e-05,-1.5627e-05,0.025384,1.21,0.63228,1.9629e-05,1
