"p","U:0","U:1","U:2","Ksl","Us:0","Us:1","Us:2","rho","voidfraction","Volume","Cell Type"
39.739,-0.0013899,0.0048884,1.2919,6030.3,5.0666e-05,2.9841e-05,-0.00071174,1.21,0.62953,1.9629e-05,1
