"p","U:0","U:1","U:2","Ksl","Us:0","Us:1","Us:2","rho","voidfraction","Volume","Cell Type"
42.37,-0.0016812,-6.5632e-05,1.3448,6102.1,0.00067805,0.0020419,-0.020542,1.21,0.63045,1.9629e-05,1
