"p","U:0","U:1","U:2","Ksl","Us:0","Us:1","Us:2","rho","voidfraction","Volume","Cell Type"
276.32,0.00076306,3.415e-05,4.2889,9.1714,-0.00012046,-0.00027141,0.0014524,1.21,0.99882,1.9629e-05,1
