"p","U:0","U:1","U:2","Ksl","Us:0","Us:1","Us:2","rho","voidfraction","Volume","Cell Type"
257.21,0.0014884,-0.0011367,4.1169,18.043,9.8734e-05,-0.0010158,0.011923,1.21,0.99775,1.9629e-05,1
