"p","U:0","U:1","U:2","Ksl","Us:0","Us:1","Us:2","rho","voidfraction","Volume","Cell Type"
80.491,-0.0072424,-0.0045822,2.3081,6688.8,0.00046235,0.00050096,0.0017639,1.21,0.65344,1.9629e-05,1
