"p","U:0","U:1","U:2","Ksl","Us:0","Us:1","Us:2","rho","voidfraction","Volume","Cell Type"
74.093,-0.0074336,-0.0058871,2.2394,6970.3,-0.00034457,-0.00010187,0.00062606,1.21,0.64162,1.9629e-05,1
