"p","U:0","U:1","U:2","Ksl","Us:0","Us:1","Us:2","rho","voidfraction","Volume","Cell Type"
29.927,-0.00017591,-0.00022465,0.97433,7342.9,1.0273e-05,4.6638e-06,-2.0082e-05,1.21,0.62952,1.9629e-05,1
