"p","U:0","U:1","U:2","Ksl","Us:0","Us:1","Us:2","rho","voidfraction","Volume","Cell Type"
265.38,2.7102e-05,-0.0015418,4.2028,11.45,8.1254e-05,-0.00046808,0.0022236,1.21,0.99853,1.9629e-05,1
