"p","U:0","U:1","U:2","Ksl","Us:0","Us:1","Us:2","rho","voidfraction","Volume","Cell Type"
40.009,0.0060004,0.0083981,1.4389,6007,0.0018594,8.4611e-05,0.029102,1.21,0.63256,1.9629e-05,1
