"p","U:0","U:1","U:2","Ksl","Us:0","Us:1","Us:2","rho","voidfraction","Volume","Cell Type"
51.868,0.0076254,-0.0020772,1.6545,6185.8,-0.00092166,0.00083987,0.019944,1.21,0.63674,1.9629e-05,1
