"p","U:0","U:1","U:2","Ksl","Us:0","Us:1","Us:2","rho","voidfraction","Volume","Cell Type"
40.679,-0.00011953,0.0011772,1.2955,6101.9,7.9745e-07,0.00015411,-0.0011564,1.21,0.62946,1.9629e-05,1
