"p","U:0","U:1","U:2","Ksl","Us:0","Us:1","Us:2","rho","voidfraction","Volume","Cell Type"
56.13,0.021195,-0.012589,1.8051,6155.6,-0.00048793,-0.00090762,-0.0081684,1.21,0.64337,1.9629e-05,1
