"p","U:0","U:1","U:2","Ksl","Us:0","Us:1","Us:2","rho","voidfraction","Volume","Cell Type"
66.037,0.018221,-0.0085611,1.8584,6382.2,-0.00079703,0.00089871,0.0015162,1.21,0.64107,1.9629e-05,1
