"p","U:0","U:1","U:2","Ksl","Us:0","Us:1","Us:2","rho","voidfraction","Volume","Cell Type"
67.359,-0.0023153,-0.0067683,2.0711,6776.5,0.00012544,-0.00053995,4.442e-05,1.21,0.64126,1.9629e-05,1
