"p","U:0","U:1","U:2","Ksl","Us:0","Us:1","Us:2","rho","voidfraction","Volume","Cell Type"
54.376,0.0094403,-0.024193,1.8027,6358.9,-7.4666e-05,0.00083768,0.0052229,1.21,0.6424,1.9629e-05,1
