"p","U:0","U:1","U:2","Ksl","Us:0","Us:1","Us:2","rho","voidfraction","Volume","Cell Type"
18.763,-0.0011697,-0.00088565,0.69016,7061.8,-5.9311e-05,-7.2219e-05,-0.0062304,1.21,0.63222,1.9629e-05,1
