"p","U:0","U:1","U:2","Ksl","Us:0","Us:1","Us:2","rho","voidfraction","Volume","Cell Type"
37.77,-0.009799,-0.0039822,1.3853,6302.6,6.4712e-05,0.0012951,0.0048775,1.21,0.63109,1.9629e-05,1
