"p","U:0","U:1","U:2","Ksl","Us:0","Us:1","Us:2","rho","voidfraction","Volume","Cell Type"
38.049,0.0061157,0.0055165,1.2924,6005.3,-0.00013784,-6.1401e-05,0.0018235,1.21,0.62963,1.9629e-05,1
