"p","U:0","U:1","U:2","Ksl","Us:0","Us:1","Us:2","rho","voidfraction","Volume","Cell Type"
83.627,-0.012614,-0.021325,2.331,5866.3,-0.0023593,-0.0012538,0.001003,1.21,0.67225,1.9629e-05,1
