"p","U:0","U:1","U:2","Ksl","Us:0","Us:1","Us:2","rho","voidfraction","Volume","Cell Type"
270.07,0.00010638,-0.12718,3.5149,1076.3,-0.046837,-0.033854,0.054803,1.21,0.90215,1.9629e-05,1
