"p","U:0","U:1","U:2","Ksl","Us:0","Us:1","Us:2","rho","voidfraction","Volume","Cell Type"
93.076,-0.044813,-0.11205,2.2858,3555.9,0.0037595,-0.0086512,0.031102,1.21,0.74257,1.9629e-05,1
