"p","U:0","U:1","U:2","Ksl","Us:0","Us:1","Us:2","rho","voidfraction","Volume","Cell Type"
239.17,-0.0014674,0.024379,3.8803,133.83,-0.0064289,0.03012,0.01232,1.21,0.98418,1.9629e-05,1
