"p","U:0","U:1","U:2","Ksl","Us:0","Us:1","Us:2","rho","voidfraction","Volume","Cell Type"
32.284,-0.00021087,0.00094642,1.0406,6421.7,0.00019772,2.998e-05,0.00057973,1.21,0.62909,1.9629e-05,1
