"p","U:0","U:1","U:2","Ksl","Us:0","Us:1","Us:2","rho","voidfraction","Volume","Cell Type"
269.81,0.0016568,-7.5078e-05,4.2027,11.603,-0.0010099,-0.00019105,0.0073088,1.21,0.99852,1.9629e-05,1
