"p","U:0","U:1","U:2","Ksl","Us:0","Us:1","Us:2","rho","voidfraction","Volume","Cell Type"
125.05,0.058657,0.44786,2.8822,1634.5,-0.018618,0.0075611,-0.0011047,1.21,0.8607,1.9629e-05,1
