"p","U:0","U:1","U:2","Ksl","Us:0","Us:1","Us:2","rho","voidfraction","Volume","Cell Type"
86.573,0.003624,-0.010131,2.3607,5704,0.0025938,0.00073701,0.0024415,1.21,0.67834,1.9629e-05,1
