"p","U:0","U:1","U:2","Ksl","Us:0","Us:1","Us:2","rho","voidfraction","Volume","Cell Type"
37.339,0.0050319,0.0073398,1.1836,6077.2,0.00020208,-2.5018e-05,0.0011904,1.21,0.62876,1.9629e-05,1
