"p","U:0","U:1","U:2","Ksl","Us:0","Us:1","Us:2","rho","voidfraction","Volume","Cell Type"
71.825,-0.0057824,-0.0065613,2.184,6936.5,0.00042717,-0.00051449,0.00061254,1.21,0.64109,1.9629e-05,1
