"p","U:0","U:1","U:2","Ksl","Us:0","Us:1","Us:2","rho","voidfraction","Volume","Cell Type"
40.454,-0.0095664,-0.022171,1.5392,6439.5,0.0013497,-0.00013095,0.0073627,1.21,0.63643,1.9629e-05,1
