"p","U:0","U:1","U:2","Ksl","Us:0","Us:1","Us:2","rho","voidfraction","Volume","Cell Type"
262.65,0.0003019,-0.00063527,4.1599,14.237,0.00044015,-0.00058169,0.0053802,1.21,0.9982,1.9629e-05,1
