"p","U:0","U:1","U:2","Ksl","Us:0","Us:1","Us:2","rho","voidfraction","Volume","Cell Type"
257.47,0.015625,-0.053865,3.725,406.36,-0.0070173,-0.0059479,0.040351,1.21,0.95474,1.9629e-05,1
