"p","U:0","U:1","U:2","Ksl","Us:0","Us:1","Us:2","rho","voidfraction","Volume","Cell Type"
278.1,-5.9408e-05,0.0014082,4.2888,10.23,-0.00013679,-0.0002674,-0.0012157,1.21,0.99871,1.9629e-05,1
