"p","U:0","U:1","U:2","Ksl","Us:0","Us:1","Us:2","rho","voidfraction","Volume","Cell Type"
52.279,-0.00056943,0.0038579,1.6529,6149.8,-0.00042564,0.0011731,-0.014108,1.21,0.63767,1.9629e-05,1
