"p","U:0","U:1","U:2","Ksl","Us:0","Us:1","Us:2","rho","voidfraction","Volume","Cell Type"
57.976,0.017046,-0.0063794,1.8612,6402.2,-0.00090639,0.00046831,0.0021337,1.21,0.63987,1.9629e-05,1
