"p","U:0","U:1","U:2","Ksl","Us:0","Us:1","Us:2","rho","voidfraction","Volume","Cell Type"
46.263,0.006987,0.0088132,1.414,6029.1,-8.9229e-05,0.0017335,0.025661,1.21,0.63259,1.9629e-05,1
