"p","U:0","U:1","U:2","Ksl","Us:0","Us:1","Us:2","rho","voidfraction","Volume","Cell Type"
233.47,0.0051497,0.0013289,3.9026,58.933,0.00054395,-0.0013275,0.021945,1.21,0.99243,1.9629e-05,1
