"p","U:0","U:1","U:2","Ksl","Us:0","Us:1","Us:2","rho","voidfraction","Volume","Cell Type"
67.184,-0.0028622,-0.0070107,2.072,6782.1,-0.001066,-5.3762e-05,0.00022494,1.21,0.64112,1.9629e-05,1
