"p","U:0","U:1","U:2","Ksl","Us:0","Us:1","Us:2","rho","voidfraction","Volume","Cell Type"
264.95,-0.00020941,-0.0012435,4.2028,12.152,-0.0016508,-0.00052166,0.0052467,1.21,0.99844,1.9629e-05,1
