"p","U:0","U:1","U:2","Ksl","Us:0","Us:1","Us:2","rho","voidfraction","Volume","Cell Type"
38.122,0.0023526,0.001538,1.2412,6015.8,1.5192e-05,6.8841e-05,0.0012786,1.21,0.62917,1.9629e-05,1
