"p","U:0","U:1","U:2","Ksl","Us:0","Us:1","Us:2","rho","voidfraction","Volume","Cell Type"
243.74,-0.0011967,0.015826,3.8842,137.51,-0.001257,0.0010413,0.025595,1.21,0.98454,1.9629e-05,1
