"p","U:0","U:1","U:2","Ksl","Us:0","Us:1","Us:2","rho","voidfraction","Volume","Cell Type"
62.022,0.016993,-0.0035821,1.8586,6365.7,-0.00016368,0.00051731,0.00107,1.21,0.64065,1.9629e-05,1
