"p","U:0","U:1","U:2","Ksl","Us:0","Us:1","Us:2","rho","voidfraction","Volume","Cell Type"
100.41,0.048575,0.072743,2.3319,3764.7,-0.016453,0.0036891,0.052435,1.21,0.73213,1.9629e-05,1
