"p","U:0","U:1","U:2","Ksl","Us:0","Us:1","Us:2","rho","voidfraction","Volume","Cell Type"
32.564,-0.0005219,0.00054796,1.0404,6375.6,0.00027831,-8.2116e-06,0.0012027,1.21,0.62944,1.9629e-05,1
