"p","U:0","U:1","U:2","Ksl","Us:0","Us:1","Us:2","rho","voidfraction","Volume","Cell Type"
38.636,0.0029996,0.00015304,1.2411,6037.3,0.00015544,-0.00011969,0.00093565,1.21,0.62904,1.9629e-05,1
