"p","U:0","U:1","U:2","Ksl","Us:0","Us:1","Us:2","rho","voidfraction","Volume","Cell Type"
60.53,0.017216,-0.0095244,1.9114,6427.9,-0.00065499,0.00031754,0.00091957,1.21,0.64159,1.9629e-05,1
