"p","U:0","U:1","U:2","Ksl","Us:0","Us:1","Us:2","rho","voidfraction","Volume","Cell Type"
100.41,0.099736,0.31703,2.3917,2784.8,0.040838,0.052144,-0.0099582,1.21,0.78943,1.9629e-05,1
