"p","U:0","U:1","U:2","Ksl","Us:0","Us:1","Us:2","rho","voidfraction","Volume","Cell Type"
28.217,-0.0017577,-0.00082709,0.92027,7406.9,-2.3465e-06,7.5204e-06,0.00011394,1.21,0.62974,1.9629e-05,1
