"p","U:0","U:1","U:2","Ksl","Us:0","Us:1","Us:2","rho","voidfraction","Volume","Cell Type"
70.877,-0.0062691,-0.010935,2.1844,6929.2,-0.0015444,0.00043845,0.00046488,1.21,0.6412,1.9629e-05,1
