"p","U:0","U:1","U:2","Ksl","Us:0","Us:1","Us:2","rho","voidfraction","Volume","Cell Type"
55.782,-0.0014235,0.003318,1.5394,6239.8,0.00075872,3.8275e-05,0.0014183,1.21,0.63394,1.9629e-05,1
