"p","U:0","U:1","U:2","Ksl","Us:0","Us:1","Us:2","rho","voidfraction","Volume","Cell Type"
81.079,0.0013579,-0.0022782,2.3056,6696.7,7.9342e-05,2.8804e-05,0.0022684,1.21,0.65353,1.9629e-05,1
