"p","U:0","U:1","U:2","Ksl","Us:0","Us:1","Us:2","rho","voidfraction","Volume","Cell Type"
213.35,-0.013409,0.044838,3.5339,820.64,0.048121,-0.040069,0.045844,1.21,0.91928,1.9629e-05,1
