"p","U:0","U:1","U:2","Ksl","Us:0","Us:1","Us:2","rho","voidfraction","Volume","Cell Type"
70.909,0.01736,-0.0048893,1.8592,6372.3,-0.00081307,0.00093814,0.0017445,1.21,0.64079,1.9629e-05,1
