"p","U:0","U:1","U:2","Ksl","Us:0","Us:1","Us:2","rho","voidfraction","Volume","Cell Type"
28.269,-0.001585,-0.0015223,0.91861,7428.5,-0.00016644,1.3502e-05,-0.0068617,1.21,0.63025,1.9629e-05,1
