"p","U:0","U:1","U:2","Ksl","Us:0","Us:1","Us:2","rho","voidfraction","Volume","Cell Type"
133.69,-0.086033,0.53238,2.5103,2373.1,0.0031584,0.036077,-0.021406,1.21,0.82634,1.9629e-05,1
