"p","U:0","U:1","U:2","Ksl","Us:0","Us:1","Us:2","rho","voidfraction","Volume","Cell Type"
30.643,-0.0018103,-0.0016526,0.93888,7524.9,7.6151e-05,-8.8788e-05,0.0082615,1.21,0.63095,1.9629e-05,1
