"p","U:0","U:1","U:2","Ksl","Us:0","Us:1","Us:2","rho","voidfraction","Volume","Cell Type"
244.62,0.0012108,-0.0091967,3.8849,158.99,0.0017701,-0.02827,0.02871,1.21,0.98181,1.9629e-05,1
