"p","U:0","U:1","U:2","Ksl","Us:0","Us:1","Us:2","rho","voidfraction","Volume","Cell Type"
31.174,-0.00033897,-0.00013863,1.0033,7322.6,-3.2867e-05,5.8033e-06,0.0012357,1.21,0.62942,1.9629e-05,1
