"p","U:0","U:1","U:2","Ksl","Us:0","Us:1","Us:2","rho","voidfraction","Volume","Cell Type"
38.217,0.0044224,0.00032559,1.2417,5991.5,6.0768e-05,-0.00012834,0.0011954,1.21,0.62926,1.9629e-05,1
