"p","U:0","U:1","U:2","Ksl","Us:0","Us:1","Us:2","rho","voidfraction","Volume","Cell Type"
77.422,-0.0024661,-0.0011154,2.1923,6404.6,-0.00067746,-0.00096317,0.00062603,1.21,0.65691,1.9629e-05,1
