"p","U:0","U:1","U:2","Ksl","Us:0","Us:1","Us:2","rho","voidfraction","Volume","Cell Type"
26.778,-0.0015455,-0.001093,0.86432,7473.4,-0.00012941,-2.7133e-05,-0.017354,1.21,0.63153,1.9629e-05,1
