"p","U:0","U:1","U:2","Ksl","Us:0","Us:1","Us:2","rho","voidfraction","Volume","Cell Type"
55.958,0.0091878,0.0006443,1.7565,6157.9,-0.00034429,-0.00026865,0.019044,1.21,0.64028,1.9629e-05,1
