"p","U:0","U:1","U:2","Ksl","Us:0","Us:1","Us:2","rho","voidfraction","Volume","Cell Type"
24.304,-7.9049e-05,0.00015379,0.84834,7007.5,-0.00018301,5.3701e-06,-0.0017063,1.21,0.63152,1.9629e-05,1
