"p","U:0","U:1","U:2","Ksl","Us:0","Us:1","Us:2","rho","voidfraction","Volume","Cell Type"
232.19,0.0013299,0.0001136,3.9027,58.608,-0.00045888,0.0023034,0.0072248,1.21,0.99256,1.9629e-05,1
