"p","U:0","U:1","U:2","Ksl","Us:0","Us:1","Us:2","rho","voidfraction","Volume","Cell Type"
29.803,-0.00037075,-0.00041073,0.97418,7339.1,9.307e-06,4.1939e-06,-0.00011618,1.21,0.6296,1.9629e-05,1
