"p","U:0","U:1","U:2","Ksl","Us:0","Us:1","Us:2","rho","voidfraction","Volume","Cell Type"
44.626,-0.0099723,-0.0070801,1.6477,6480.5,0.00041506,0.00021372,0.0066605,1.21,0.63788,1.9629e-05,1
