"p","U:0","U:1","U:2","Ksl","Us:0","Us:1","Us:2","rho","voidfraction","Volume","Cell Type"
259.63,0.00056049,-0.00073972,4.1597,13.814,-0.0011248,-8.965e-05,0.0043198,1.21,0.99823,1.9629e-05,1
