"p","U:0","U:1","U:2","Ksl","Us:0","Us:1","Us:2","rho","voidfraction","Volume","Cell Type"
42.718,0.0039672,0.0038025,1.187,6033,0.00015485,-0.00022772,0.0012519,1.21,0.62917,1.9629e-05,1
