"p","U:0","U:1","U:2","Ksl","Us:0","Us:1","Us:2","rho","voidfraction","Volume","Cell Type"
90.648,0.067593,-0.0087617,2.3083,3385.9,0.0099381,0.0014845,0.020948,1.21,0.75442,1.9629e-05,1
