"p","U:0","U:1","U:2","Ksl","Us:0","Us:1","Us:2","rho","voidfraction","Volume","Cell Type"
234.58,0.0020954,0.0049137,3.9067,75.614,-0.0058072,0.0058215,0.01625,1.21,0.99058,1.9629e-05,1
