"p","U:0","U:1","U:2","Ksl","Us:0","Us:1","Us:2","rho","voidfraction","Volume","Cell Type"
29.862,-0.00050698,-0.00016434,0.97411,7339.7,-4.1979e-06,6.1742e-06,-3.9948e-05,1.21,0.62962,1.9629e-05,1
