"p","U:0","U:1","U:2","Ksl","Us:0","Us:1","Us:2","rho","voidfraction","Volume","Cell Type"
240.82,-0.0020289,-0.0073897,3.8123,215.78,0.0028323,-0.028059,0.040207,1.21,0.97567,1.9629e-05,1
