"p","U:0","U:1","U:2","Ksl","Us:0","Us:1","Us:2","rho","voidfraction","Volume","Cell Type"
47.292,-0.009743,-0.01149,1.6956,6467.4,-0.00019646,-0.00017845,0.0042854,1.21,0.64121,1.9629e-05,1
