"p","U:0","U:1","U:2","Ksl","Us:0","Us:1","Us:2","rho","voidfraction","Volume","Cell Type"
100.58,-0.011066,0.065973,2.3382,3374.9,0.0074064,-0.0050003,0.032636,1.21,0.74807,1.9629e-05,1
