"p","U:0","U:1","U:2","Ksl","Us:0","Us:1","Us:2","rho","voidfraction","Volume","Cell Type"
249.86,-0.022795,0.013032,3.7288,579.26,0.0013344,-0.0032205,0.063204,1.21,0.93759,1.9629e-05,1
