"p","U:0","U:1","U:2","Ksl","Us:0","Us:1","Us:2","rho","voidfraction","Volume","Cell Type"
98.642,-0.043722,-0.051329,2.2899,2135.6,0.025037,-0.0021624,0.013824,1.21,0.81073,1.9629e-05,1
