"p","U:0","U:1","U:2","Ksl","Us:0","Us:1","Us:2","rho","voidfraction","Volume","Cell Type"
71.739,-0.0073689,-0.0053532,2.1848,6930.7,-0.00076709,0.00035059,0.00067899,1.21,0.64116,1.9629e-05,1
