"p","U:0","U:1","U:2","Ksl","Us:0","Us:1","Us:2","rho","voidfraction","Volume","Cell Type"
102.14,0.16388,-0.42411,2.5268,1912.3,-0.0060481,0.00055206,-0.003087,1.21,0.84116,1.9629e-05,1
