"p","U:0","U:1","U:2","Ksl","Us:0","Us:1","Us:2","rho","voidfraction","Volume","Cell Type"
268.88,0.0011759,-0.0012796,4.2029,12.374,-0.00022161,-0.0002735,0.0080659,1.21,0.99843,1.9629e-05,1
