"p","U:0","U:1","U:2","Ksl","Us:0","Us:1","Us:2","rho","voidfraction","Volume","Cell Type"
117.89,0.064769,0.52375,2.7496,2144.1,0.0078237,0.029764,-0.023133,1.21,0.84297,1.9629e-05,1
