"p","U:0","U:1","U:2","Ksl","Us:0","Us:1","Us:2","rho","voidfraction","Volume","Cell Type"
53.067,-0.0098386,-0.011855,1.7016,6177.2,-5.3277e-05,0.00034078,0.027235,1.21,0.63874,1.9629e-05,1
