"p","U:0","U:1","U:2","Ksl","Us:0","Us:1","Us:2","rho","voidfraction","Volume","Cell Type"
246.87,0.0041336,0.0008818,4.0315,23.449,0.0010794,-0.00067679,0.014567,1.21,0.99703,1.9629e-05,1
