"p","U:0","U:1","U:2","Ksl","Us:0","Us:1","Us:2","rho","voidfraction","Volume","Cell Type"
36.377,-0.00028489,0.00090985,1.0412,6416.4,0.00010126,7.5027e-05,0.00089966,1.21,0.62903,1.9629e-05,1
