"p","U:0","U:1","U:2","Ksl","Us:0","Us:1","Us:2","rho","voidfraction","Volume","Cell Type"
250.43,0.0034259,-0.00035524,4.0744,20.979,-3.3352e-06,-0.0010028,0.0063086,1.21,0.99735,1.9629e-05,1
