"p","U:0","U:1","U:2","Ksl","Us:0","Us:1","Us:2","rho","voidfraction","Volume","Cell Type"
21.654,-0.0037165,-0.0029553,0.80051,6942,-0.00017705,-9.8985e-05,0.018069,1.21,0.63164,1.9629e-05,1
