"p","U:0","U:1","U:2","Ksl","Us:0","Us:1","Us:2","rho","voidfraction","Volume","Cell Type"
244.63,0.0042652,-8.9821e-05,4.0317,24.685,-0.0020501,0.0015953,0.013144,1.21,0.99683,1.9629e-05,1
