"p","U:0","U:1","U:2","Ksl","Us:0","Us:1","Us:2","rho","voidfraction","Volume","Cell Type"
81.104,-0.0089697,4.8889e-05,2.3136,6716.7,-9.9049e-05,-0.00014881,0.003224,1.21,0.65164,1.9629e-05,1
