"p","U:0","U:1","U:2","Ksl","Us:0","Us:1","Us:2","rho","voidfraction","Volume","Cell Type"
35.89,0.0040556,0.0050876,1.1374,6140.3,0.00013324,0.00029678,0.0015076,1.21,0.62894,1.9629e-05,1
