"p","U:0","U:1","U:2","Ksl","Us:0","Us:1","Us:2","rho","voidfraction","Volume","Cell Type"
63.609,0.016092,-0.0084729,1.8202,6214.2,0.00045566,0.00080441,0.011189,1.21,0.64219,1.9629e-05,1
