"p","U:0","U:1","U:2","Ksl","Us:0","Us:1","Us:2","rho","voidfraction","Volume","Cell Type"
70.756,-0.0057157,-0.0085218,2.1852,6922.2,0.00022151,-0.00042614,0.00089611,1.21,0.64085,1.9629e-05,1
