"p","U:0","U:1","U:2","Ksl","Us:0","Us:1","Us:2","rho","voidfraction","Volume","Cell Type"
247.32,0.0040834,-0.0021188,4.0315,24.778,0.00090535,-0.0014728,0.013285,1.21,0.99688,1.9629e-05,1
