"p","U:0","U:1","U:2","Ksl","Us:0","Us:1","Us:2","rho","voidfraction","Volume","Cell Type"
237.24,-0.077836,-0.012108,3.66,679.38,0.0088076,0.071572,0.0085505,1.21,0.93216,1.9629e-05,1
