"p","U:0","U:1","U:2","Ksl","Us:0","Us:1","Us:2","rho","voidfraction","Volume","Cell Type"
44.742,0.0057549,-0.0052223,1.6477,6316,-0.00020195,0.00051352,0.02249,1.21,0.63636,1.9629e-05,1
