"p","U:0","U:1","U:2","Ksl","Us:0","Us:1","Us:2","rho","voidfraction","Volume","Cell Type"
226.36,0.052602,-0.17322,3.5716,720.56,0.023671,0.0039327,0.027867,1.21,0.92921,1.9629e-05,1
