"p","U:0","U:1","U:2","Ksl","Us:0","Us:1","Us:2","rho","voidfraction","Volume","Cell Type"
274.52,0.0003386,-0.00045783,4.2885,9.9068,-0.00018419,-0.00022663,-0.0013133,1.21,0.99875,1.9629e-05,1
