"p","U:0","U:1","U:2","Ksl","Us:0","Us:1","Us:2","rho","voidfraction","Volume","Cell Type"
239.32,0.0018166,3.7941e-05,3.9892,30.452,-0.002758,0.0018693,0.016651,1.21,0.99609,1.9629e-05,1
