"p","U:0","U:1","U:2","Ksl","Us:0","Us:1","Us:2","rho","voidfraction","Volume","Cell Type"
32.368,0.0011451,-0.0016696,1.0407,6384.9,0.00060132,-3.1947e-05,0.0011251,1.21,0.62927,1.9629e-05,1
