"p","U:0","U:1","U:2","Ksl","Us:0","Us:1","Us:2","rho","voidfraction","Volume","Cell Type"
78.045,-0.00062622,-0.0087631,2.257,6641.6,-0.0007175,-2.0995e-05,0.0019114,1.21,0.65236,1.9629e-05,1
