"p","U:0","U:1","U:2","Ksl","Us:0","Us:1","Us:2","rho","voidfraction","Volume","Cell Type"
262.95,0.001066,-0.0018242,4.16,13.139,-3.7393e-06,0.0021341,0.0025882,1.21,0.99836,1.9629e-05,1
