"p","U:0","U:1","U:2","Ksl","Us:0","Us:1","Us:2","rho","voidfraction","Volume","Cell Type"
245.37,0.0044722,-0.00098065,4.0316,23.951,-0.0014346,-0.0021386,0.011919,1.21,0.99694,1.9629e-05,1
