"p","U:0","U:1","U:2","Ksl","Us:0","Us:1","Us:2","rho","voidfraction","Volume","Cell Type"
231.47,0.0018936,0.0013867,3.9029,54.011,0.0015245,0.0008362,0.020439,1.21,0.99307,1.9629e-05,1
