"p","U:0","U:1","U:2","Ksl","Us:0","Us:1","Us:2","rho","voidfraction","Volume","Cell Type"
40.792,-0.014365,-0.013931,1.5321,6336.6,0.00024534,3.4931e-05,-0.0097517,1.21,0.6374,1.9629e-05,1
