"p","U:0","U:1","U:2","Ksl","Us:0","Us:1","Us:2","rho","voidfraction","Volume","Cell Type"
39.377,-0.0035086,-0.0092474,1.4312,6118.6,0.00072357,-0.0008192,-0.022538,1.21,0.63464,1.9629e-05,1
