"p","U:0","U:1","U:2","Ksl","Us:0","Us:1","Us:2","rho","voidfraction","Volume","Cell Type"
77.209,-0.0038906,-0.0036966,2.2542,6666.9,0.00020679,9.882e-05,0.0025732,1.21,0.65246,1.9629e-05,1
