"p","U:0","U:1","U:2","Ksl","Us:0","Us:1","Us:2","rho","voidfraction","Volume","Cell Type"
60.376,0.021928,-0.013783,1.9081,6394.5,0.00011326,0.0001091,0.0015455,1.21,0.64251,1.9629e-05,1
