"p","U:0","U:1","U:2","Ksl","Us:0","Us:1","Us:2","rho","voidfraction","Volume","Cell Type"
40.395,0.00073177,-0.00067362,1.3429,6023,-0.00021422,-0.00016325,0.0026671,1.21,0.62973,1.9629e-05,1
