"p","U:0","U:1","U:2","Ksl","Us:0","Us:1","Us:2","rho","voidfraction","Volume","Cell Type"
29.658,-0.00080001,-0.0023242,0.88174,7671.1,-2.2599e-05,2.6472e-05,-0.010967,1.21,0.63147,1.9629e-05,1
