"p","U:0","U:1","U:2","Ksl","Us:0","Us:1","Us:2","rho","voidfraction","Volume","Cell Type"
62.978,0.008738,-0.0070155,1.9592,6556.2,0.00065053,-0.00071605,0.00087787,1.21,0.64129,1.9629e-05,1
