"p","U:0","U:1","U:2","Ksl","Us:0","Us:1","Us:2","rho","voidfraction","Volume","Cell Type"
2.9548,-0.0011474,-0.0013856,0.071038,8415.1,1.2131e-09,1.2584e-09,6.3036e-10,1.21,0.63374,1.9629e-05,1
