"p","U:0","U:1","U:2","Ksl","Us:0","Us:1","Us:2","rho","voidfraction","Volume","Cell Type"
92.294,-0.036289,0.090688,2.2365,2642.1,0.011832,0.0042185,0.019713,1.21,0.78898,1.9629e-05,1
