"p","U:0","U:1","U:2","Ksl","Us:0","Us:1","Us:2","rho","voidfraction","Volume","Cell Type"
58.578,0.016059,-0.0021318,1.7642,6242,-0.0008024,0.00087837,-0.010588,1.21,0.63849,1.9629e-05,1
