"p","U:0","U:1","U:2","Ksl","Us:0","Us:1","Us:2","rho","voidfraction","Volume","Cell Type"
83.976,0.0066572,0.0044667,2.2938,6043.2,0.00036023,0.0010082,0.0025382,1.21,0.67225,1.9629e-05,1
