"p","U:0","U:1","U:2","Ksl","Us:0","Us:1","Us:2","rho","voidfraction","Volume","Cell Type"
239.77,-0.0040696,-0.015511,3.7925,217.71,-0.0079494,0.01071,0.026526,1.21,0.97608,1.9629e-05,1
