"p","U:0","U:1","U:2","Ksl","Us:0","Us:1","Us:2","rho","voidfraction","Volume","Cell Type"
245.8,0.0054617,-0.0012175,4.0317,23.889,0.00022726,-0.00025213,0.0072515,1.21,0.99698,1.9629e-05,1
