"p","U:0","U:1","U:2","Ksl","Us:0","Us:1","Us:2","rho","voidfraction","Volume","Cell Type"
19.264,-0.0011342,-0.00096188,0.68957,7190.4,-0.00010841,6.1079e-05,-0.013238,1.21,0.63217,1.9629e-05,1
