"p","U:0","U:1","U:2","Ksl","Us:0","Us:1","Us:2","rho","voidfraction","Volume","Cell Type"
255.09,0.0028319,-0.00051063,4.1169,15.65,0.0006861,-0.00055762,0.0097652,1.21,0.99802,1.9629e-05,1
