"p","U:0","U:1","U:2","Ksl","Us:0","Us:1","Us:2","rho","voidfraction","Volume","Cell Type"
78.247,-0.0012639,-0.0024446,2.2565,6632.6,-0.00017505,-9.005e-05,0.0026334,1.21,0.65227,1.9629e-05,1
