"p","U:0","U:1","U:2","Ksl","Us:0","Us:1","Us:2","rho","voidfraction","Volume","Cell Type"
101.25,0.072377,0.42546,2.4061,1882.6,-0.0050945,-0.068229,0.014919,1.21,0.83528,1.9629e-05,1
