"p","U:0","U:1","U:2","Ksl","Us:0","Us:1","Us:2","rho","voidfraction","Volume","Cell Type"
248.75,0.0010385,-0.0009365,4.074,17.791,0.0034356,0.0014079,0.0055185,1.21,0.99774,1.9629e-05,1
