"p","U:0","U:1","U:2","Ksl","Us:0","Us:1","Us:2","rho","voidfraction","Volume","Cell Type"
100.09,0.083447,-0.038809,2.345,2720.2,0.0042327,0.0020877,0.011732,1.21,0.78547,1.9629e-05,1
