"p","U:0","U:1","U:2","Ksl","Us:0","Us:1","Us:2","rho","voidfraction","Volume","Cell Type"
84.899,-0.017188,-0.00027134,2.2255,3168.8,-0.0070799,0.0089286,0.0080025,1.21,0.76794,1.9629e-05,1
