"p","U:0","U:1","U:2","Ksl","Us:0","Us:1","Us:2","rho","voidfraction","Volume","Cell Type"
36.097,0.0034138,0.0051816,1.1363,6138.9,8.8261e-05,0.00027263,0.0013539,1.21,0.62901,1.9629e-05,1
