"p","U:0","U:1","U:2","Ksl","Us:0","Us:1","Us:2","rho","voidfraction","Volume","Cell Type"
39.368,0.0014318,0.00019663,1.0883,6297,-9.7332e-05,0.000338,0.0015944,1.21,0.62886,1.9629e-05,1
