"p","U:0","U:1","U:2","Ksl","Us:0","Us:1","Us:2","rho","voidfraction","Volume","Cell Type"
69.781,-0.0027446,-0.0091749,2.1304,6863.8,-0.0010961,0.00044768,0.00024263,1.21,0.64061,1.9629e-05,1
