"p","U:0","U:1","U:2","Ksl","Us:0","Us:1","Us:2","rho","voidfraction","Volume","Cell Type"
81.182,-0.0028418,0.009376,2.2956,6519.1,-8.2079e-05,0.00043031,0.0018502,1.21,0.65782,1.9629e-05,1
