"p","U:0","U:1","U:2","Ksl","Us:0","Us:1","Us:2","rho","voidfraction","Volume","Cell Type"
245.79,-0.007775,-0.057811,3.7882,300.42,-0.018184,-0.0043173,-0.0088394,1.21,0.96856,1.9629e-05,1
