"p","U:0","U:1","U:2","Ksl","Us:0","Us:1","Us:2","rho","voidfraction","Volume","Cell Type"
81.63,-0.0013586,-0.0071295,2.2553,6732,0.00026254,-0.0005379,0.0023048,1.21,0.65162,1.9629e-05,1
