"p","U:0","U:1","U:2","Ksl","Us:0","Us:1","Us:2","rho","voidfraction","Volume","Cell Type"
249.04,0.0029908,-0.0011014,4.0742,20.901,0.00028429,-0.0012201,0.010933,1.21,0.99735,1.9629e-05,1
