"p","U:0","U:1","U:2","Ksl","Us:0","Us:1","Us:2","rho","voidfraction","Volume","Cell Type"
34.435,0.0012963,0.0015921,1.0903,6276.4,0.00031643,0.00048258,0.0016747,1.21,0.62897,1.9629e-05,1
