"p","U:0","U:1","U:2","Ksl","Us:0","Us:1","Us:2","rho","voidfraction","Volume","Cell Type"
37.666,-0.0094963,-0.015013,1.4828,6409.7,0.0001386,0.00047075,-0.0035363,1.21,0.63577,1.9629e-05,1
