"p","U:0","U:1","U:2","Ksl","Us:0","Us:1","Us:2","rho","voidfraction","Volume","Cell Type"
243.99,0.0043983,-0.00015889,4.0317,25.548,0.0017766,-0.0010304,0.0057836,1.21,0.99678,1.9629e-05,1
