"p","U:0","U:1","U:2","Ksl","Us:0","Us:1","Us:2","rho","voidfraction","Volume","Cell Type"
57.106,0.014306,-0.0087313,1.8047,6327.1,-0.00092393,0.00031313,0.0013826,1.21,0.6406,1.9629e-05,1
