"p","U:0","U:1","U:2","Ksl","Us:0","Us:1","Us:2","rho","voidfraction","Volume","Cell Type"
235.93,0.00043965,0.13132,3.6601,716.32,-0.047875,-0.11529,0.055539,1.21,0.92734,1.9629e-05,1
