"p","U:0","U:1","U:2","Ksl","Us:0","Us:1","Us:2","rho","voidfraction","Volume","Cell Type"
17.805,-0.0030016,-0.0035446,0.57968,7633.6,-0.00015171,-4.7085e-05,-0.013359,1.21,0.6332,1.9629e-05,1
