"p","U:0","U:1","U:2","Ksl","Us:0","Us:1","Us:2","rho","voidfraction","Volume","Cell Type"
48.953,-0.0002335,0.0072232,1.6984,6266.3,0.00083711,0.00018452,-0.014635,1.21,0.64003,1.9629e-05,1
