"p","U:0","U:1","U:2","Ksl","Us:0","Us:1","Us:2","rho","voidfraction","Volume","Cell Type"
104.05,-0.0095362,-0.083723,2.4585,3836.2,0.0050078,-0.0050276,0.012216,1.21,0.73643,1.9629e-05,1
