"p","U:0","U:1","U:2","Ksl","Us:0","Us:1","Us:2","rho","voidfraction","Volume","Cell Type"
280.16,0.061907,0.045074,3.8823,337.89,0.020121,0.034532,0.045497,1.21,0.96223,1.9629e-05,1
