"p","U:0","U:1","U:2","Ksl","Us:0","Us:1","Us:2","rho","voidfraction","Volume","Cell Type"
240.55,0.0019583,-0.00032124,3.9893,31.03,6.2366e-05,-0.0010129,0.013094,1.21,0.99607,1.9629e-05,1
