"p","U:0","U:1","U:2","Ksl","Us:0","Us:1","Us:2","rho","voidfraction","Volume","Cell Type"
33.04,-0.0037058,-0.00089635,1.333,6171.2,0.0013712,0.0016792,0.008251,1.21,0.63033,1.9629e-05,1
