"p","U:0","U:1","U:2","Ksl","Us:0","Us:1","Us:2","rho","voidfraction","Volume","Cell Type"
250.87,0.0037948,-0.001091,4.0741,21.386,0.0010672,0.00031126,0.0092827,1.21,0.99735,1.9629e-05,1
