"p","U:0","U:1","U:2","Ksl","Us:0","Us:1","Us:2","rho","voidfraction","Volume","Cell Type"
44.069,-0.00063178,0.0015354,1.3512,6101.9,-0.00026256,-0.00026358,0.0023862,1.21,0.62989,1.9629e-05,1
