"p","U:0","U:1","U:2","Ksl","Us:0","Us:1","Us:2","rho","voidfraction","Volume","Cell Type"
65.761,0.0015923,-0.0062956,2.0107,6617.7,0.00052679,-0.00083888,0.0013831,1.21,0.64237,1.9629e-05,1
