"p","U:0","U:1","U:2","Ksl","Us:0","Us:1","Us:2","rho","voidfraction","Volume","Cell Type"
133.83,0.036476,0.23111,2.8565,1371.7,-0.0024448,-0.075925,0.032774,1.21,0.87257,1.9629e-05,1
