"p","U:0","U:1","U:2","Ksl","Us:0","Us:1","Us:2","rho","voidfraction","Volume","Cell Type"
61.757,0.0053326,-0.007296,1.9347,6529.5,0.0009522,-0.00041869,0.0013254,1.21,0.64048,1.9629e-05,1
