"p","U:0","U:1","U:2","Ksl","Us:0","Us:1","Us:2","rho","voidfraction","Volume","Cell Type"
110.17,-0.024622,-0.46501,2.5882,1632.9,0.0051902,0.035215,-0.0049539,1.21,0.86061,1.9629e-05,1
