"p","U:0","U:1","U:2","Ksl","Us:0","Us:1","Us:2","rho","voidfraction","Volume","Cell Type"
52.355,0.0054314,0.0026443,1.4887,6171.6,-1.4043e-05,0.00069505,0.0075937,1.21,0.63399,1.9629e-05,1
