"p","U:0","U:1","U:2","Ksl","Us:0","Us:1","Us:2","rho","voidfraction","Volume","Cell Type"
253.87,-0.058354,-0.0040157,3.7612,551.24,-0.041883,0.058315,0.055786,1.21,0.94191,1.9629e-05,1
