"p","U:0","U:1","U:2","Ksl","Us:0","Us:1","Us:2","rho","voidfraction","Volume","Cell Type"
68.159,0.0014869,-0.0081472,2.0615,6644.6,-0.00055652,7.8012e-05,0.00010792,1.21,0.64446,1.9629e-05,1
