"p","U:0","U:1","U:2","Ksl","Us:0","Us:1","Us:2","rho","voidfraction","Volume","Cell Type"
47.684,-0.0028157,0.00037726,1.7209,6315,0.0004109,-0.00034324,0.024973,1.21,0.63964,1.9629e-05,1
