"p","U:0","U:1","U:2","Ksl","Us:0","Us:1","Us:2","rho","voidfraction","Volume","Cell Type"
255.03,0.0015203,-0.00044628,4.1167,16.184,0.00042944,-0.0019432,0.004745,1.21,0.99795,1.9629e-05,1
