"p","U:0","U:1","U:2","Ksl","Us:0","Us:1","Us:2","rho","voidfraction","Volume","Cell Type"
24.142,-0.00081138,0.00088031,0.75834,7457.4,6.0821e-05,1.2656e-05,-0.021353,1.21,0.63212,1.9629e-05,1
