"p","U:0","U:1","U:2","Ksl","Us:0","Us:1","Us:2","rho","voidfraction","Volume","Cell Type"
270.96,0.0013339,4.3889e-05,4.2455,10.079,2.5821e-06,-1.1425e-05,0.00060378,1.21,0.99869,1.9629e-05,1
