"p","U:0","U:1","U:2","Ksl","Us:0","Us:1","Us:2","rho","voidfraction","Volume","Cell Type"
185.14,-0.091396,0.42989,3.2709,1369.5,0.065032,0.070997,0.038665,1.21,0.88632,1.9629e-05,1
