"p","U:0","U:1","U:2","Ksl","Us:0","Us:1","Us:2","rho","voidfraction","Volume","Cell Type"
35.635,0.00073471,-0.0064068,1.3837,6221.3,0.0012329,-0.00010209,0.015189,1.21,0.63138,1.9629e-05,1
