"p","U:0","U:1","U:2","Ksl","Us:0","Us:1","Us:2","rho","voidfraction","Volume","Cell Type"
51.854,-0.003371,0.0029639,1.6543,6159.2,0.0011648,0.0001286,-0.019806,1.21,0.63768,1.9629e-05,1
