"p","U:0","U:1","U:2","Ksl","Us:0","Us:1","Us:2","rho","voidfraction","Volume","Cell Type"
148.31,0.10696,0.55431,3.0118,1615.5,-0.0062392,-0.0059185,0.015294,1.21,0.86435,1.9629e-05,1
