"p","U:0","U:1","U:2","Ksl","Us:0","Us:1","Us:2","rho","voidfraction","Volume","Cell Type"
44.186,-0.0097744,-0.0072325,1.6483,6473,0.00018426,-0.00023833,0.0019407,1.21,0.63794,1.9629e-05,1
