"p","U:0","U:1","U:2","Ksl","Us:0","Us:1","Us:2","rho","voidfraction","Volume","Cell Type"
63.016,-0.00018322,-0.0068961,1.9597,6595.7,-0.00064131,0.0011007,0.0001489,1.21,0.64114,1.9629e-05,1
