"p","U:0","U:1","U:2","Ksl","Us:0","Us:1","Us:2","rho","voidfraction","Volume","Cell Type"
40.913,0.0017321,-0.0025868,1.5377,6310.6,-0.0004218,0.00062654,0.025139,1.21,0.6355,1.9629e-05,1
