"p","U:0","U:1","U:2","Ksl","Us:0","Us:1","Us:2","rho","voidfraction","Volume","Cell Type"
54.814,0.01088,-0.012644,1.7546,6193.4,0.00032317,-0.00060018,0.019694,1.21,0.6403,1.9629e-05,1
