"p","U:0","U:1","U:2","Ksl","Us:0","Us:1","Us:2","rho","voidfraction","Volume","Cell Type"
257.2,-0.0095182,-0.089773,3.8224,612.35,0.0019832,-0.075272,0.020065,1.21,0.94149,1.9629e-05,1
