"p","U:0","U:1","U:2","Ksl","Us:0","Us:1","Us:2","rho","voidfraction","Volume","Cell Type"
254.33,0.0019675,-0.00011024,4.1169,16.605,-0.00093512,-0.00096135,0.0067011,1.21,0.99789,1.9629e-05,1
