"p","U:0","U:1","U:2","Ksl","Us:0","Us:1","Us:2","rho","voidfraction","Volume","Cell Type"
147.36,0.23007,0.39463,2.9664,1647.1,0.0036498,0.006542,0.0015927,1.21,0.86309,1.9629e-05,1
