"p","U:0","U:1","U:2","Ksl","Us:0","Us:1","Us:2","rho","voidfraction","Volume","Cell Type"
273.13,0.00042456,0.0001226,4.2884,9.8413,0.00066482,0.00013255,-0.00059116,1.21,0.99876,1.9629e-05,1
