"p","U:0","U:1","U:2","Ksl","Us:0","Us:1","Us:2","rho","voidfraction","Volume","Cell Type"
174.98,0.26808,-0.31025,3.1697,1370.8,0.036114,0.0062705,0.012319,1.21,0.88568,1.9629e-05,1
