"p","U:0","U:1","U:2","Ksl","Us:0","Us:1","Us:2","rho","voidfraction","Volume","Cell Type"
274.02,0.00014112,-4.7569e-05,4.2457,10.228,0.00024304,-0.00016903,0.0054179,1.21,0.99869,1.9629e-05,1
