"p","U:0","U:1","U:2","Ksl","Us:0","Us:1","Us:2","rho","voidfraction","Volume","Cell Type"
28.23,-0.0010973,-0.001071,0.92032,7411.5,6.7613e-06,8.4991e-06,0.00014301,1.21,0.62972,1.9629e-05,1
