"p","U:0","U:1","U:2","Ksl","Us:0","Us:1","Us:2","rho","voidfraction","Volume","Cell Type"
39.467,-4.9789e-05,0.0019071,1.141,6241,0.00025451,0.00013552,0.0025527,1.21,0.62877,1.9629e-05,1
