"p","U:0","U:1","U:2","Ksl","Us:0","Us:1","Us:2","rho","voidfraction","Volume","Cell Type"
244.46,0.0049086,-0.00092551,4.0314,21.324,0.0012364,0.0010108,0.0059105,1.21,0.99725,1.9629e-05,1
