"p","U:0","U:1","U:2","Ksl","Us:0","Us:1","Us:2","rho","voidfraction","Volume","Cell Type"
36.19,0.0041705,0.0042883,1.1372,6146.9,-5.7315e-05,0.00011947,0.00095232,1.21,0.629,1.9629e-05,1
