"p","U:0","U:1","U:2","Ksl","Us:0","Us:1","Us:2","rho","voidfraction","Volume","Cell Type"
47.82,0.0064932,0.0022717,1.4118,6147.7,0.00024386,0.00058484,-0.023301,1.21,0.63255,1.9629e-05,1
