"p","U:0","U:1","U:2","Ksl","Us:0","Us:1","Us:2","rho","voidfraction","Volume","Cell Type"
61.162,0.017551,-0.010553,1.912,6404.3,-0.00093978,9.6953e-05,0.0018174,1.21,0.64163,1.9629e-05,1
