"p","U:0","U:1","U:2","Ksl","Us:0","Us:1","Us:2","rho","voidfraction","Volume","Cell Type"
52.023,0.0018808,0.0090226,1.5283,6185.5,0.00031061,0.00049939,0.021899,1.21,0.63445,1.9629e-05,1
