"p","U:0","U:1","U:2","Ksl","Us:0","Us:1","Us:2","rho","voidfraction","Volume","Cell Type"
23.638,-0.0054963,-0.0038032,0.81623,7121.4,-0.00010155,-0.00012519,0.024452,1.21,0.63172,1.9629e-05,1
