"p","U:0","U:1","U:2","Ksl","Us:0","Us:1","Us:2","rho","voidfraction","Volume","Cell Type"
88.421,-0.03119,-0.043214,2.2658,3078.3,0.0094845,-0.0027805,0.0028663,1.21,0.76546,1.9629e-05,1
