"p","U:0","U:1","U:2","Ksl","Us:0","Us:1","Us:2","rho","voidfraction","Volume","Cell Type"
52.428,-0.0017816,0.012248,1.6543,6183.4,-0.00084911,0.00077239,-0.016461,1.21,0.63753,1.9629e-05,1
