"p","U:0","U:1","U:2","Ksl","Us:0","Us:1","Us:2","rho","voidfraction","Volume","Cell Type"
86.555,-0.030429,-0.023832,2.3603,5676.2,-0.00037453,-0.0031611,0.0035653,1.21,0.67859,1.9629e-05,1
