"p","U:0","U:1","U:2","Ksl","Us:0","Us:1","Us:2","rho","voidfraction","Volume","Cell Type"
254.07,0.0016145,-0.00096181,4.0955,17.972,-0.0003598,9.0401e-06,0.0016082,1.21,0.99773,1.9629e-05,1
