"p","U:0","U:1","U:2","Ksl","Us:0","Us:1","Us:2","rho","voidfraction","Volume","Cell Type"
86.817,-0.053216,-0.0051442,2.3457,5413.8,-0.003905,0.00084655,0.0089609,1.21,0.68639,1.9629e-05,1
