"p","U:0","U:1","U:2","Ksl","Us:0","Us:1","Us:2","rho","voidfraction","Volume","Cell Type"
69.314,-0.0016746,-0.0089857,2.13,6842.8,0.00020094,-0.0010085,0.00024772,1.21,0.64069,1.9629e-05,1
