"p","U:0","U:1","U:2","Ksl","Us:0","Us:1","Us:2","rho","voidfraction","Volume","Cell Type"
87.546,-0.019964,0.00106,2.3528,5605,-0.0001273,0.00038162,0.0056715,1.21,0.68085,1.9629e-05,1
