"p","U:0","U:1","U:2","Ksl","Us:0","Us:1","Us:2","rho","voidfraction","Volume","Cell Type"
91.336,-0.028579,-0.085613,2.2883,3170.5,0.001269,-0.0062901,0.034665,1.21,0.76236,1.9629e-05,1
