"p","U:0","U:1","U:2","Ksl","Us:0","Us:1","Us:2","rho","voidfraction","Volume","Cell Type"
251.02,0.0014213,-0.00021466,4.0743,19.538,-0.00047945,0.00024711,0.0055747,1.21,0.99753,1.9629e-05,1
