"p","U:0","U:1","U:2","Ksl","Us:0","Us:1","Us:2","rho","voidfraction","Volume","Cell Type"
234.3,-0.00068227,0.0082405,3.9095,78.284,0.002781,0.0073458,0.017352,1.21,0.99035,1.9629e-05,1
