"p","U:0","U:1","U:2","Ksl","Us:0","Us:1","Us:2","rho","voidfraction","Volume","Cell Type"
266.27,0.0014514,-0.00060608,4.2241,11.382,0.00096134,-0.0010941,0.0024798,1.21,0.99856,1.9629e-05,1
