"p","U:0","U:1","U:2","Ksl","Us:0","Us:1","Us:2","rho","voidfraction","Volume","Cell Type"
237.99,0.0026282,0.0033433,3.9466,51.979,-0.001004,0.0021738,0.021023,1.21,0.99333,1.9629e-05,1
