"p","U:0","U:1","U:2","Ksl","Us:0","Us:1","Us:2","rho","voidfraction","Volume","Cell Type"
50.844,0.0051077,0.0077452,1.7437,6331.2,0.00023546,4.0895e-05,-0.0052137,1.21,0.64438,1.9629e-05,1
