"p","U:0","U:1","U:2","Ksl","Us:0","Us:1","Us:2","rho","voidfraction","Volume","Cell Type"
233.99,0.0039077,-0.00047703,3.9038,65.001,0.0025606,-0.0024802,0.021687,1.21,0.9918,1.9629e-05,1
