"p","U:0","U:1","U:2","Ksl","Us:0","Us:1","Us:2","rho","voidfraction","Volume","Cell Type"
72.242,-0.0022089,-0.011974,2.1852,6920.1,-0.00117,0.00012743,0.00071161,1.21,0.64103,1.9629e-05,1
