"p","U:0","U:1","U:2","Ksl","Us:0","Us:1","Us:2","rho","voidfraction","Volume","Cell Type"
70.498,-0.0023629,-0.010977,2.1296,6843.8,-7.0875e-05,-0.001155,0.00014074,1.21,0.64079,1.9629e-05,1
