"p","U:0","U:1","U:2","Ksl","Us:0","Us:1","Us:2","rho","voidfraction","Volume","Cell Type"
251.85,0.0019879,-0.00072964,4.0742,19.337,0.00097792,0.00088381,0.0090713,1.21,0.99753,1.9629e-05,1
