"p","U:0","U:1","U:2","Ksl","Us:0","Us:1","Us:2","rho","voidfraction","Volume","Cell Type"
240.32,0.0047415,-0.0042695,3.9139,93.011,-0.0047974,-0.0035149,0.020128,1.21,0.98886,1.9629e-05,1
