"p","U:0","U:1","U:2","Ksl","Us:0","Us:1","Us:2","rho","voidfraction","Volume","Cell Type"
65.221,-0.0013623,-0.0031253,2.0085,6647.8,3.5545e-05,-0.00046167,0.0012903,1.21,0.64214,1.9629e-05,1
