"p","U:0","U:1","U:2","Ksl","Us:0","Us:1","Us:2","rho","voidfraction","Volume","Cell Type"
95.031,0.2122,0.019367,2.3248,3100,0.027351,0.0069509,0.028585,1.21,0.76304,1.9629e-05,1
