"p","U:0","U:1","U:2","Ksl","Us:0","Us:1","Us:2","rho","voidfraction","Volume","Cell Type"
45.762,-0.0034,0.0051925,1.6986,6505,0.00029328,0.00017239,0.002351,1.21,0.64002,1.9629e-05,1
