"p","U:0","U:1","U:2","Ksl","Us:0","Us:1","Us:2","rho","voidfraction","Volume","Cell Type"
254,0.0018926,0.00027436,4.1169,15.298,-0.00018523,-0.00018581,0.0054502,1.21,0.99808,1.9629e-05,1
