"p","U:0","U:1","U:2","Ksl","Us:0","Us:1","Us:2","rho","voidfraction","Volume","Cell Type"
56.331,-0.00046655,0.0056453,1.5816,6258.8,-0.00035812,0.00097894,8.8329e-05,1.21,0.63581,1.9629e-05,1
