"p","U:0","U:1","U:2","Ksl","Us:0","Us:1","Us:2","rho","voidfraction","Volume","Cell Type"
63.832,0.0079927,-0.004375,1.9555,6543.5,-0.00031014,-0.00037277,0.00033641,1.21,0.64227,1.9629e-05,1
