"p","U:0","U:1","U:2","Ksl","Us:0","Us:1","Us:2","rho","voidfraction","Volume","Cell Type"
235.06,0.0019722,0.0012927,3.9467,37.58,-0.0043475,0.00042647,0.025839,1.21,0.9952,1.9629e-05,1
