"p","U:0","U:1","U:2","Ksl","Us:0","Us:1","Us:2","rho","voidfraction","Volume","Cell Type"
247.24,0.00030379,-0.00035964,4.0738,17.733,9.2695e-05,-0.0014412,0.010765,1.21,0.99776,1.9629e-05,1
