"p","U:0","U:1","U:2","Ksl","Us:0","Us:1","Us:2","rho","voidfraction","Volume","Cell Type"
199.93,0.015348,0.031348,3.4212,780.84,0.022694,-0.085736,0.046784,1.21,0.91958,1.9629e-05,1
