"p","U:0","U:1","U:2","Ksl","Us:0","Us:1","Us:2","rho","voidfraction","Volume","Cell Type"
63.724,0.0071542,-0.007562,1.9592,6587.8,0.00063231,-0.00035834,0.00088929,1.21,0.64098,1.9629e-05,1
