"p","U:0","U:1","U:2","Ksl","Us:0","Us:1","Us:2","rho","voidfraction","Volume","Cell Type"
43.407,-0.0086991,-0.0026618,1.6499,6480.4,-8.3461e-05,0.00068439,0.0067872,1.21,0.63773,1.9629e-05,1
