"p","U:0","U:1","U:2","Ksl","Us:0","Us:1","Us:2","rho","voidfraction","Volume","Cell Type"
266.47,0.00092284,-0.00059353,4.2028,12.309,0.00021272,6.3875e-05,0.0049192,1.21,0.99846,1.9629e-05,1
