"p","U:0","U:1","U:2","Ksl","Us:0","Us:1","Us:2","rho","voidfraction","Volume","Cell Type"
255.41,0.0037215,0.023255,3.896,194.67,-0.0029403,-0.0075711,0.037304,1.21,0.97829,1.9629e-05,1
