"p","U:0","U:1","U:2","Ksl","Us:0","Us:1","Us:2","rho","voidfraction","Volume","Cell Type"
276.7,0.00020196,-0.00050877,4.2888,9.4572,-0.00024294,7.9739e-05,0.0036062,1.21,0.99876,1.9629e-05,1
