"p","U:0","U:1","U:2","Ksl","Us:0","Us:1","Us:2","rho","voidfraction","Volume","Cell Type"
53.282,0.0024922,-0.026968,1.7537,6340.3,-0.0009391,0.00045591,-0.014433,1.21,0.63957,1.9629e-05,1
