"p","U:0","U:1","U:2","Ksl","Us:0","Us:1","Us:2","rho","voidfraction","Volume","Cell Type"
277.15,0.0010136,-0.00072198,4.2887,8.9662,-0.00027693,-0.00063122,0.0025977,1.21,0.99887,1.9629e-05,1
