"p","U:0","U:1","U:2","Ksl","Us:0","Us:1","Us:2","rho","voidfraction","Volume","Cell Type"
90.115,0.018061,-0.10354,2.3013,3871.6,0.0032978,-0.0023354,0.015121,1.21,0.73234,1.9629e-05,1
