"p","U:0","U:1","U:2","Ksl","Us:0","Us:1","Us:2","rho","voidfraction","Volume","Cell Type"
250.3,0.0014246,-0.0005741,4.0739,17.84,-0.00095776,-6.491e-06,0.0084782,1.21,0.99773,1.9629e-05,1
