"p","U:0","U:1","U:2","Ksl","Us:0","Us:1","Us:2","rho","voidfraction","Volume","Cell Type"
122.95,0.032366,-0.46672,2.6364,1300.5,0.029735,0.060966,0.015777,1.21,0.87317,1.9629e-05,1
