"p","U:0","U:1","U:2","Ksl","Us:0","Us:1","Us:2","rho","voidfraction","Volume","Cell Type"
278.74,0.00060654,0.00052357,4.2889,9.9234,-0.00097757,0.00078633,0.0071475,1.21,0.99873,1.9629e-05,1
