"p","U:0","U:1","U:2","Ksl","Us:0","Us:1","Us:2","rho","voidfraction","Volume","Cell Type"
249.32,0.0015542,-0.0027081,4.074,17.775,0.0014051,-0.0002704,0.0063382,1.21,0.99772,1.9629e-05,1
