"p","U:0","U:1","U:2","Ksl","Us:0","Us:1","Us:2","rho","voidfraction","Volume","Cell Type"
264.07,0.0002152,-0.0020363,4.1601,13.31,-0.0012298,9.0363e-05,0.0028864,1.21,0.99829,1.9629e-05,1
