"p","U:0","U:1","U:2","Ksl","Us:0","Us:1","Us:2","rho","voidfraction","Volume","Cell Type"
78.241,0.0085736,-0.0072634,2.1951,6507.9,-0.0003876,-0.00063867,1.5595e-05,1.21,0.6544,1.9629e-05,1
