"p","U:0","U:1","U:2","Ksl","Us:0","Us:1","Us:2","rho","voidfraction","Volume","Cell Type"
90.022,-0.002643,-0.00064791,2.1807,6361,-0.00090202,-8.0585e-05,0.00081859,1.21,0.65864,1.9629e-05,1
