"p","U:0","U:1","U:2","Ksl","Us:0","Us:1","Us:2","rho","voidfraction","Volume","Cell Type"
17.144,-0.0035657,-0.0035151,0.59086,7395.9,4.2383e-05,-1.3271e-05,0.0078549,1.21,0.63313,1.9629e-05,1
