"p","U:0","U:1","U:2","Ksl","Us:0","Us:1","Us:2","rho","voidfraction","Volume","Cell Type"
253.3,0.0016395,-0.00027799,4.1168,16.095,0.0001488,-0.0014355,0.0054953,1.21,0.99799,1.9629e-05,1
