"p","U:0","U:1","U:2","Ksl","Us:0","Us:1","Us:2","rho","voidfraction","Volume","Cell Type"
232.81,-0.0023463,0.0027588,3.7744,241.16,-0.0072075,0.025885,0.033059,1.21,0.97346,1.9629e-05,1
