"p","U:0","U:1","U:2","Ksl","Us:0","Us:1","Us:2","rho","voidfraction","Volume","Cell Type"
211.26,-0.18133,0.031889,3.2093,907.06,0.052019,0.0026583,0.04229,1.21,0.90912,1.9629e-05,1
