"p","U:0","U:1","U:2","Ksl","Us:0","Us:1","Us:2","rho","voidfraction","Volume","Cell Type"
40.716,0.001377,0.0055244,1.2923,6021.3,8.3673e-05,-0.00012425,0.00048511,1.21,0.62944,1.9629e-05,1
