"p","U:0","U:1","U:2","Ksl","Us:0","Us:1","Us:2","rho","voidfraction","Volume","Cell Type"
57.247,0.0021855,-0.00069143,1.6254,6254.3,0.00074347,-0.00062111,0.013559,1.21,0.63671,1.9629e-05,1
