"p","U:0","U:1","U:2","Ksl","Us:0","Us:1","Us:2","rho","voidfraction","Volume","Cell Type"
25.938,0.0011081,-0.00084583,0.81657,7432.9,2.6124e-06,1.6537e-05,-0.019824,1.21,0.63181,1.9629e-05,1
