"p","U:0","U:1","U:2","Ksl","Us:0","Us:1","Us:2","rho","voidfraction","Volume","Cell Type"
100.11,0.0091968,-0.092573,2.3862,3194,0.0053678,-0.015473,0.011915,1.21,0.76161,1.9629e-05,1
