"p","U:0","U:1","U:2","Ksl","Us:0","Us:1","Us:2","rho","voidfraction","Volume","Cell Type"
62.756,-0.0015325,0.0031616,1.7296,6296.5,0.00057056,0.0013358,0.0049342,1.21,0.6396,1.9629e-05,1
