"p","U:0","U:1","U:2","Ksl","Us:0","Us:1","Us:2","rho","voidfraction","Volume","Cell Type"
79.618,-0.00089619,-0.0073844,2.2589,6716,-8.5993e-05,-0.00033995,0.0025248,1.21,0.65132,1.9629e-05,1
