"p","U:0","U:1","U:2","Ksl","Us:0","Us:1","Us:2","rho","voidfraction","Volume","Cell Type"
36.464,-0.00038317,-0.004289,1.3816,6166.9,0.0021748,-0.00013922,0.019552,1.21,0.63208,1.9629e-05,1
