"p","U:0","U:1","U:2","Ksl","Us:0","Us:1","Us:2","rho","voidfraction","Volume","Cell Type"
37.246,0.0039435,0.0039433,1.186,6043.6,0.00027024,-7.7486e-05,0.0017039,1.21,0.6287,1.9629e-05,1
