"p","U:0","U:1","U:2","Ksl","Us:0","Us:1","Us:2","rho","voidfraction","Volume","Cell Type"
68.846,-0.0041246,-0.0079374,2.1305,6879.7,-0.0015297,0.00042928,0.00037154,1.21,0.64045,1.9629e-05,1
