"p","U:0","U:1","U:2","Ksl","Us:0","Us:1","Us:2","rho","voidfraction","Volume","Cell Type"
48.813,0.0024121,0.001341,1.4574,6077.1,0.00022927,-0.00068065,-0.024482,1.21,0.63446,1.9629e-05,1
