"p","U:0","U:1","U:2","Ksl","Us:0","Us:1","Us:2","rho","voidfraction","Volume","Cell Type"
265.4,0.019487,0.0040919,3.8746,309.66,0.017663,0.049721,0.061976,1.21,0.96574,1.9629e-05,1
