"p","U:0","U:1","U:2","Ksl","Us:0","Us:1","Us:2","rho","voidfraction","Volume","Cell Type"
17.337,-0.0045666,-0.0040439,0.54325,7672.4,6.1674e-05,0.0001368,0.0088768,1.21,0.63372,1.9629e-05,1
