"p","U:0","U:1","U:2","Ksl","Us:0","Us:1","Us:2","rho","voidfraction","Volume","Cell Type"
56.117,0.0081451,0.00128,1.668,6316.7,-0.0007456,0.00062617,0.018143,1.21,0.63558,1.9629e-05,1
