"p","U:0","U:1","U:2","Ksl","Us:0","Us:1","Us:2","rho","voidfraction","Volume","Cell Type"
252.95,0.050335,0.020991,3.7277,678.07,0.007009,-0.010415,0.033998,1.21,0.93649,1.9629e-05,1
