"p","U:0","U:1","U:2","Ksl","Us:0","Us:1","Us:2","rho","voidfraction","Volume","Cell Type"
80.875,-0.0033289,-0.0028474,2.3123,6697,-0.00062695,-0.0012279,0.0032577,1.21,0.65289,1.9629e-05,1
