"p","U:0","U:1","U:2","Ksl","Us:0","Us:1","Us:2","rho","voidfraction","Volume","Cell Type"
72.278,-0.0017318,-0.012027,2.1846,6923.3,-0.00089921,-0.00048445,0.00075823,1.21,0.64106,1.9629e-05,1
