"p","U:0","U:1","U:2","Ksl","Us:0","Us:1","Us:2","rho","voidfraction","Volume","Cell Type"
271.26,0.0001014,-0.00067892,4.2457,10.197,-0.0013452,-0.00055903,0.0054056,1.21,0.99872,1.9629e-05,1
