"p","U:0","U:1","U:2","Ksl","Us:0","Us:1","Us:2","rho","voidfraction","Volume","Cell Type"
130.54,0.21811,-0.42673,2.6312,1845,-0.00068224,0.059313,0.049829,1.21,0.83969,1.9629e-05,1
