"p","U:0","U:1","U:2","Ksl","Us:0","Us:1","Us:2","rho","voidfraction","Volume","Cell Type"
265.66,0.00082287,4.0157e-05,4.2026,12.342,-0.00028858,-2.1626e-06,0.0029361,1.21,0.99851,1.9629e-05,1
