"p","U:0","U:1","U:2","Ksl","Us:0","Us:1","Us:2","rho","voidfraction","Volume","Cell Type"
279.94,0.035252,0.11222,3.9066,422.07,-0.020955,0.0060938,0.033128,1.21,0.95525,1.9629e-05,1
