"p","U:0","U:1","U:2","Ksl","Us:0","Us:1","Us:2","rho","voidfraction","Volume","Cell Type"
165.76,0.23509,-0.015907,3.1076,1431.5,0.0032032,0.10969,0.073876,1.21,0.87374,1.9629e-05,1
