"p","U:0","U:1","U:2","Ksl","Us:0","Us:1","Us:2","rho","voidfraction","Volume","Cell Type"
79.03,-0.0046817,-0.0063621,2.2583,6613.9,-0.00028616,-0.00044826,0.0032734,1.21,0.65232,1.9629e-05,1
