"p","U:0","U:1","U:2","Ksl","Us:0","Us:1","Us:2","rho","voidfraction","Volume","Cell Type"
38.922,0.002211,0.00031571,1.2404,6046.3,0.00019952,1.9006e-05,0.0013692,1.21,0.62913,1.9629e-05,1
