"p","U:0","U:1","U:2","Ksl","Us:0","Us:1","Us:2","rho","voidfraction","Volume","Cell Type"
35.482,0.0036026,0.0058517,1.1377,6146.7,0.00016365,2.1442e-05,0.0011435,1.21,0.6289,1.9629e-05,1
