"p","U:0","U:1","U:2","Ksl","Us:0","Us:1","Us:2","rho","voidfraction","Volume","Cell Type"
235.06,0.0031435,-4.3947e-06,3.9465,38.389,-0.0045686,-0.0017948,0.010689,1.21,0.99506,1.9629e-05,1
