"p","U:0","U:1","U:2","Ksl","Us:0","Us:1","Us:2","rho","voidfraction","Volume","Cell Type"
69.994,-0.00020915,-0.007589,2.1308,6856.8,-0.0010873,-9.5528e-05,0.00020915,1.21,0.6406,1.9629e-05,1
