"p","U:0","U:1","U:2","Ksl","Us:0","Us:1","Us:2","rho","voidfraction","Volume","Cell Type"
60.979,0.020778,-0.0089185,1.8582,6351.1,-0.00045116,0.0010541,0.0018585,1.21,0.64119,1.9629e-05,1
