"p","U:0","U:1","U:2","Ksl","Us:0","Us:1","Us:2","rho","voidfraction","Volume","Cell Type"
198.69,0.0066139,0.075663,3.3956,1011.7,-0.10559,0.0084661,0.040079,1.21,0.9011,1.9629e-05,1
