"p","U:0","U:1","U:2","Ksl","Us:0","Us:1","Us:2","rho","voidfraction","Volume","Cell Type"
38.753,0.0015193,0.0016273,1.2381,6026.2,-0.00013367,-0.00014973,0.0012998,1.21,0.6291,1.9629e-05,1
