"p","U:0","U:1","U:2","Ksl","Us:0","Us:1","Us:2","rho","voidfraction","Volume","Cell Type"
47.584,-0.0094144,-0.0040488,1.6998,6463.9,0.00047872,0.00040511,0.01247,1.21,0.63887,1.9629e-05,1
