"p","U:0","U:1","U:2","Ksl","Us:0","Us:1","Us:2","rho","voidfraction","Volume","Cell Type"
67.557,0.0021138,-0.0097211,2.0647,6693.7,-0.00040333,0.00069132,0.0021869,1.21,0.64221,1.9629e-05,1
