"p","U:0","U:1","U:2","Ksl","Us:0","Us:1","Us:2","rho","voidfraction","Volume","Cell Type"
245.66,0.0061592,-0.0017694,4.0314,24.014,0.0013106,-0.00060429,0.0065749,1.21,0.99697,1.9629e-05,1
