"p","U:0","U:1","U:2","Ksl","Us:0","Us:1","Us:2","rho","voidfraction","Volume","Cell Type"
38.066,0.0072585,0.0053959,1.1852,6065.6,-0.00011811,-9.4039e-05,0.0013212,1.21,0.62854,1.9629e-05,1
