"p","U:0","U:1","U:2","Ksl","Us:0","Us:1","Us:2","rho","voidfraction","Volume","Cell Type"
239.59,0.003585,-0.00049484,3.989,26.69,-0.00065279,0.0022157,0.0092503,1.21,0.99663,1.9629e-05,1
