"p","U:0","U:1","U:2","Ksl","Us:0","Us:1","Us:2","rho","voidfraction","Volume","Cell Type"
54.926,0.013173,-0.0099068,1.8072,6350.1,-0.00078572,0.0010505,0.0023331,1.21,0.63913,1.9629e-05,1
