"p","U:0","U:1","U:2","Ksl","Us:0","Us:1","Us:2","rho","voidfraction","Volume","Cell Type"
61.47,0.0090749,-0.008493,1.9606,6559.3,0.00016552,-0.0001686,0.0015485,1.21,0.64111,1.9629e-05,1
