"p","U:0","U:1","U:2","Ksl","Us:0","Us:1","Us:2","rho","voidfraction","Volume","Cell Type"
18.347,-0.0049732,-0.0044001,0.55035,7807.9,0.000104,-3.5405e-05,0.011711,1.21,0.63372,1.9629e-05,1
