"p","U:0","U:1","U:2","Ksl","Us:0","Us:1","Us:2","rho","voidfraction","Volume","Cell Type"
230.67,-0.006068,0.059039,3.6115,657.2,0.0040388,0.091076,0.024249,1.21,0.93511,1.9629e-05,1
