"p","U:0","U:1","U:2","Ksl","Us:0","Us:1","Us:2","rho","voidfraction","Volume","Cell Type"
19.79,-0.0051575,-0.0051828,0.46085,8558.6,-3.6808e-05,-4.3057e-05,0.00047913,1.21,0.63371,1.9629e-05,1
