"p","U:0","U:1","U:2","Ksl","Us:0","Us:1","Us:2","rho","voidfraction","Volume","Cell Type"
235.7,0.0050153,0.0022863,3.9464,43.712,-0.0026264,0.001203,0.02342,1.21,0.99434,1.9629e-05,1
