"p","U:0","U:1","U:2","Ksl","Us:0","Us:1","Us:2","rho","voidfraction","Volume","Cell Type"
63.552,0.017678,0.011357,1.8147,6145.1,-0.00048964,-0.00036817,0.0013063,1.21,0.64339,1.9629e-05,1
