"p","U:0","U:1","U:2","Ksl","Us:0","Us:1","Us:2","rho","voidfraction","Volume","Cell Type"
268.51,0.00037914,0.00044119,4.2028,11.513,-0.0008243,-0.00028002,0.0028539,1.21,0.99853,1.9629e-05,1
