"p","U:0","U:1","U:2","Ksl","Us:0","Us:1","Us:2","rho","voidfraction","Volume","Cell Type"
44.958,-0.0071919,-0.010135,1.6746,6485.8,0.00024584,-0.00018505,0.016965,1.21,0.63729,1.9629e-05,1
