"p","U:0","U:1","U:2","Ksl","Us:0","Us:1","Us:2","rho","voidfraction","Volume","Cell Type"
83.937,-0.0096645,0.0020949,2.3031,5908.9,-0.0010793,-0.00088793,0.0025478,1.21,0.67308,1.9629e-05,1
