"p","U:0","U:1","U:2","Ksl","Us:0","Us:1","Us:2","rho","voidfraction","Volume","Cell Type"
270.94,0.00065322,0.00080953,4.2457,10.256,-0.00037237,0.00016207,-0.00084528,1.21,0.99871,1.9629e-05,1
