"p","U:0","U:1","U:2","Ksl","Us:0","Us:1","Us:2","rho","voidfraction","Volume","Cell Type"
30.123,-0.003151,-0.0026372,0.73821,8139.9,3.2682e-05,2.4881e-05,-0.0050103,1.21,0.63225,1.9629e-05,1
