"p","U:0","U:1","U:2","Ksl","Us:0","Us:1","Us:2","rho","voidfraction","Volume","Cell Type"
19.897,-0.0006669,-0.00090134,0.71716,7034.8,-1.4325e-05,-2.6781e-05,-0.0068369,1.21,0.63229,1.9629e-05,1
