"p","U:0","U:1","U:2","Ksl","Us:0","Us:1","Us:2","rho","voidfraction","Volume","Cell Type"
80.926,-0.0057509,0.011314,2.2957,6495.8,-0.00046514,0.0011964,0.0014798,1.21,0.65807,1.9629e-05,1
