"p","U:0","U:1","U:2","Ksl","Us:0","Us:1","Us:2","rho","voidfraction","Volume","Cell Type"
63.126,0.0039214,-0.0050162,1.958,6545.7,-0.00060174,-0.0012947,0.0008345,1.21,0.64185,1.9629e-05,1
