"p","U:0","U:1","U:2","Ksl","Us:0","Us:1","Us:2","rho","voidfraction","Volume","Cell Type"
61.379,0.021452,0.0050091,1.8133,6126.4,0.00016248,0.00024411,-0.0090764,1.21,0.64312,1.9629e-05,1
