"p","U:0","U:1","U:2","Ksl","Us:0","Us:1","Us:2","rho","voidfraction","Volume","Cell Type"
53.541,-0.0066703,0.0082833,1.6545,6158.7,-0.0011525,-0.0001092,-0.013866,1.21,0.63726,1.9629e-05,1
