"p","U:0","U:1","U:2","Ksl","Us:0","Us:1","Us:2","rho","voidfraction","Volume","Cell Type"
269.18,0.00067785,-0.00093275,4.203,12.002,0.0010217,0.00061074,0.0041534,1.21,0.99847,1.9629e-05,1
