"p","U:0","U:1","U:2","Ksl","Us:0","Us:1","Us:2","rho","voidfraction","Volume","Cell Type"
235.57,0.25506,-0.043793,3.6779,844.57,0.053626,0.010557,0.012987,1.21,0.92229,1.9629e-05,1
