"p","U:0","U:1","U:2","Ksl","Us:0","Us:1","Us:2","rho","voidfraction","Volume","Cell Type"
237.6,0.0042753,0.073543,3.6438,612.06,0.018153,0.088267,0.038481,1.21,0.93736,1.9629e-05,1
