"p","U:0","U:1","U:2","Ksl","Us:0","Us:1","Us:2","rho","voidfraction","Volume","Cell Type"
240.25,0.0027709,-0.0053078,3.9199,111.5,-0.003937,0.0044172,0.024238,1.21,0.98705,1.9629e-05,1
