"p","U:0","U:1","U:2","Ksl","Us:0","Us:1","Us:2","rho","voidfraction","Volume","Cell Type"
270.69,0.0010918,0.00040491,4.2457,10.211,0.00075574,0.00057347,0.0032851,1.21,0.99871,1.9629e-05,1
