"p","U:0","U:1","U:2","Ksl","Us:0","Us:1","Us:2","rho","voidfraction","Volume","Cell Type"
72.635,-0.0014738,-0.0076115,2.1863,6909.1,-0.00093653,0.00072022,0.00085059,1.21,0.64067,1.9629e-05,1
