"p","U:0","U:1","U:2","Ksl","Us:0","Us:1","Us:2","rho","voidfraction","Volume","Cell Type"
47.504,0.0034081,-0.0043391,1.4497,6023.6,-0.00014727,-0.00079645,-0.024225,1.21,0.63438,1.9629e-05,1
