"p","U:0","U:1","U:2","Ksl","Us:0","Us:1","Us:2","rho","voidfraction","Volume","Cell Type"
40.508,0.0044365,0.0061256,1.1383,6157.3,0.00022642,0.00025554,0.0011803,1.21,0.62906,1.9629e-05,1
