"p","U:0","U:1","U:2","Ksl","Us:0","Us:1","Us:2","rho","voidfraction","Volume","Cell Type"
227.56,-0.10277,0.091061,3.6199,545.31,0.057651,0.0069894,0.052749,1.21,0.94121,1.9629e-05,1
