"p","U:0","U:1","U:2","Ksl","Us:0","Us:1","Us:2","rho","voidfraction","Volume","Cell Type"
65.954,0.00087026,-0.0068209,2.01,6628.4,-0.00035845,-0.00068516,0.00068389,1.21,0.64276,1.9629e-05,1
