"p","U:0","U:1","U:2","Ksl","Us:0","Us:1","Us:2","rho","voidfraction","Volume","Cell Type"
18.495,-0.0025769,-0.0022472,0.6344,7417.5,-0.00010062,-2.3351e-05,-0.015664,1.21,0.6326,1.9629e-05,1
