"p","U:0","U:1","U:2","Ksl","Us:0","Us:1","Us:2","rho","voidfraction","Volume","Cell Type"
78.303,-0.0011177,-0.0028236,2.2542,6643.7,0.00046611,0.00047294,0.002212,1.21,0.65251,1.9629e-05,1
