"p","U:0","U:1","U:2","Ksl","Us:0","Us:1","Us:2","rho","voidfraction","Volume","Cell Type"
16.649,-0.0038622,-0.0033052,0.58701,7340.4,3.8805e-05,4.0921e-05,0.0064307,1.21,0.63347,1.9629e-05,1
