"p","U:0","U:1","U:2","Ksl","Us:0","Us:1","Us:2","rho","voidfraction","Volume","Cell Type"
36.108,-0.0019391,-0.012188,1.4299,6299.7,0.0001424,-0.0001361,-0.012853,1.21,0.63492,1.9629e-05,1
