"p","U:0","U:1","U:2","Ksl","Us:0","Us:1","Us:2","rho","voidfraction","Volume","Cell Type"
57.138,0.0050395,0.007397,1.5838,6278.8,-0.0010569,-0.00016922,0.011413,1.21,0.63592,1.9629e-05,1
