"p","U:0","U:1","U:2","Ksl","Us:0","Us:1","Us:2","rho","voidfraction","Volume","Cell Type"
78.574,-0.0036084,-0.0030107,2.2559,6640.8,-0.00021582,0.00034133,0.0021951,1.21,0.65255,1.9629e-05,1
