"p","U:0","U:1","U:2","Ksl","Us:0","Us:1","Us:2","rho","voidfraction","Volume","Cell Type"
55.541,0.001924,0.0071297,1.5833,6288.8,0.00018773,-0.0010854,0.017394,1.21,0.63505,1.9629e-05,1
