"p","U:0","U:1","U:2","Ksl","Us:0","Us:1","Us:2","rho","voidfraction","Volume","Cell Type"
72.274,-0.003079,-0.0071289,2.185,6923.6,0.0002534,-0.0011666,-0.00023968,1.21,0.64122,1.9629e-05,1
