"p","U:0","U:1","U:2","Ksl","Us:0","Us:1","Us:2","rho","voidfraction","Volume","Cell Type"
240.86,0.0028167,0.0006834,3.9887,28.282,0.00054603,-0.0036135,0.023315,1.21,0.99637,1.9629e-05,1
