"p","U:0","U:1","U:2","Ksl","Us:0","Us:1","Us:2","rho","voidfraction","Volume","Cell Type"
53.332,0.015949,-0.0099693,1.8611,6392.7,-0.00094503,0.00092406,0.001001,1.21,0.64013,1.9629e-05,1
