"p","U:0","U:1","U:2","Ksl","Us:0","Us:1","Us:2","rho","voidfraction","Volume","Cell Type"
270.46,0.00051191,1.322e-05,4.2456,10.175,-0.00077873,4.3137e-05,0.002407,1.21,0.99868,1.9629e-05,1
