"p","U:0","U:1","U:2","Ksl","Us:0","Us:1","Us:2","rho","voidfraction","Volume","Cell Type"
20.139,-0.0043458,-0.0039557,0.55025,8050.8,-2.6656e-05,-6.4232e-05,0.0028173,1.21,0.63371,1.9629e-05,1
