"p","U:0","U:1","U:2","Ksl","Us:0","Us:1","Us:2","rho","voidfraction","Volume","Cell Type"
42.488,0.0093777,-0.0057149,1.5941,6283.6,-0.00048565,0.00058699,0.018974,1.21,0.63582,1.9629e-05,1
