"p","U:0","U:1","U:2","Ksl","Us:0","Us:1","Us:2","rho","voidfraction","Volume","Cell Type"
278.36,0.0014543,-0.00023621,4.2888,9.3558,0.00051575,-0.00063615,0.0059951,1.21,0.99882,1.9629e-05,1
