"p","U:0","U:1","U:2","Ksl","Us:0","Us:1","Us:2","rho","voidfraction","Volume","Cell Type"
53.046,-0.00343,0.0023047,1.605,6117.5,-0.00031772,-0.00036135,-0.017072,1.21,0.63781,1.9629e-05,1
