"p","U:0","U:1","U:2","Ksl","Us:0","Us:1","Us:2","rho","voidfraction","Volume","Cell Type"
63.357,0.017226,-0.010713,1.8604,6409.6,-0.00089292,0.00097907,0.0021057,1.21,0.64021,1.9629e-05,1
