"p","U:0","U:1","U:2","Ksl","Us:0","Us:1","Us:2","rho","voidfraction","Volume","Cell Type"
40.235,0.0072411,0.010077,1.4361,5972,0.0011725,0.00070807,0.033211,1.21,0.63318,1.9629e-05,1
