"p","U:0","U:1","U:2","Ksl","Us:0","Us:1","Us:2","rho","voidfraction","Volume","Cell Type"
19.774,-0.0027145,-0.0039819,0.58373,7877.5,0.00010498,-6.352e-05,-0.019274,1.21,0.63346,1.9629e-05,1
