"p","U:0","U:1","U:2","Ksl","Us:0","Us:1","Us:2","rho","voidfraction","Volume","Cell Type"
278.53,0.018235,0.027861,3.8973,411.57,0.0068814,0.068535,0.052864,1.21,0.95518,1.9629e-05,1
