"p","U:0","U:1","U:2","Ksl","Us:0","Us:1","Us:2","rho","voidfraction","Volume","Cell Type"
29.92,-0.00020768,-0.00031939,0.97422,7340.6,3.7861e-06,1.1605e-06,4.2906e-05,1.21,0.62957,1.9629e-05,1
