"p","U:0","U:1","U:2","Ksl","Us:0","Us:1","Us:2","rho","voidfraction","Volume","Cell Type"
56.301,0.0017964,0.0047623,1.5764,6294.3,-0.00046389,0.0010127,-0.0032253,1.21,0.63551,1.9629e-05,1
