"p","U:0","U:1","U:2","Ksl","Us:0","Us:1","Us:2","rho","voidfraction","Volume","Cell Type"
36.725,-0.011885,-0.0060274,1.429,6345.5,0.00042446,0.00086524,0.0063964,1.21,0.63465,1.9629e-05,1
