"p","U:0","U:1","U:2","Ksl","Us:0","Us:1","Us:2","rho","voidfraction","Volume","Cell Type"
111.66,0.049244,0.47808,2.4995,2383.4,-0.0079214,0.043679,-0.030458,1.21,0.82296,1.9629e-05,1
