"p","U:0","U:1","U:2","Ksl","Us:0","Us:1","Us:2","rho","voidfraction","Volume","Cell Type"
31.567,-0.0019806,-0.0026557,0.9005,7733,0.00015238,1.5131e-05,0.0062629,1.21,0.63154,1.9629e-05,1
