"p","U:0","U:1","U:2","Ksl","Us:0","Us:1","Us:2","rho","voidfraction","Volume","Cell Type"
50.83,0.001606,-0.0046558,1.748,6310.9,0.00027117,0.00029288,0.015481,1.21,0.64127,1.9629e-05,1
