"p","U:0","U:1","U:2","Ksl","Us:0","Us:1","Us:2","rho","voidfraction","Volume","Cell Type"
64.359,0.013793,-0.0098046,1.9102,6444.2,-0.00090381,0.00037103,0.0014282,1.21,0.64163,1.9629e-05,1
