"p","U:0","U:1","U:2","Ksl","Us:0","Us:1","Us:2","rho","voidfraction","Volume","Cell Type"
261.31,0.0020469,-0.00097315,4.1813,12.997,-0.00045349,0.00046856,0.0041841,1.21,0.99836,1.9629e-05,1
