"p","U:0","U:1","U:2","Ksl","Us:0","Us:1","Us:2","rho","voidfraction","Volume","Cell Type"
233.92,0.0036369,0.0050426,3.9069,74.126,-0.0034686,0.0087793,0.018075,1.21,0.99078,1.9629e-05,1
