"p","U:0","U:1","U:2","Ksl","Us:0","Us:1","Us:2","rho","voidfraction","Volume","Cell Type"
255.77,0.011982,0.090365,3.7666,580.13,-0.013603,0.050464,0.041804,1.21,0.94042,1.9629e-05,1
