"p","U:0","U:1","U:2","Ksl","Us:0","Us:1","Us:2","rho","voidfraction","Volume","Cell Type"
159.57,0.073896,-0.26317,3.0805,948.12,0.034733,0.0076568,0.028788,1.21,0.90483,1.9629e-05,1
