"p","U:0","U:1","U:2","Ksl","Us:0","Us:1","Us:2","rho","voidfraction","Volume","Cell Type"
53.703,-0.0040874,-0.003937,1.7049,6111.8,0.00036644,0.00013479,0.025974,1.21,0.63953,1.9629e-05,1
