"p","U:0","U:1","U:2","Ksl","Us:0","Us:1","Us:2","rho","voidfraction","Volume","Cell Type"
194.16,0.25073,-0.081947,3.3495,1045.4,-0.033954,0.0062102,0.010212,1.21,0.90422,1.9629e-05,1
