"p","U:0","U:1","U:2","Ksl","Us:0","Us:1","Us:2","rho","voidfraction","Volume","Cell Type"
176.08,0.086891,0.33453,3.2532,1096.8,0.10031,-0.0042416,0.037893,1.21,0.89695,1.9629e-05,1
