"p","U:0","U:1","U:2","Ksl","Us:0","Us:1","Us:2","rho","voidfraction","Volume","Cell Type"
65.487,3.2505e-05,-0.0080046,2.0101,6576.1,0.00034178,-0.001178,0.00037072,1.21,0.64283,1.9629e-05,1
