"p","U:0","U:1","U:2","Ksl","Us:0","Us:1","Us:2","rho","voidfraction","Volume","Cell Type"
35.873,0.0059456,0.00479,1.1363,6163.3,0.00025629,0.00031178,0.0019317,1.21,0.62884,1.9629e-05,1
