"p","U:0","U:1","U:2","Ksl","Us:0","Us:1","Us:2","rho","voidfraction","Volume","Cell Type"
39.617,0.0040702,-0.0015807,1.3858,6146.8,-0.0010665,0.0001442,-0.018393,1.21,0.63084,1.9629e-05,1
