"p","U:0","U:1","U:2","Ksl","Us:0","Us:1","Us:2","rho","voidfraction","Volume","Cell Type"
21.014,-0.0044577,-0.0045208,0.55493,8135.7,2.6456e-06,-0.00010515,0.0043765,1.21,0.63371,1.9629e-05,1
