"p","U:0","U:1","U:2","Ksl","Us:0","Us:1","Us:2","rho","voidfraction","Volume","Cell Type"
201.31,0.34116,-0.032445,3.4278,1169.8,-0.0099215,0.022703,0.035591,1.21,0.89655,1.9629e-05,1
