"p","U:0","U:1","U:2","Ksl","Us:0","Us:1","Us:2","rho","voidfraction","Volume","Cell Type"
64.33,0.0020326,-0.0069082,1.9581,6547.9,-0.00017467,-0.0012711,0.00033715,1.21,0.64181,1.9629e-05,1
