"p","U:0","U:1","U:2","Ksl","Us:0","Us:1","Us:2","rho","voidfraction","Volume","Cell Type"
63.223,0.0011146,-0.0050874,1.9592,6604.5,-0.00084927,0.00010736,0.00054321,1.21,0.64124,1.9629e-05,1
