"p","U:0","U:1","U:2","Ksl","Us:0","Us:1","Us:2","rho","voidfraction","Volume","Cell Type"
77.939,-0.0048538,-0.0028455,2.2549,6645.6,-0.00074079,0.00074775,0.0014277,1.21,0.65271,1.9629e-05,1
