"p","U:0","U:1","U:2","Ksl","Us:0","Us:1","Us:2","rho","voidfraction","Volume","Cell Type"
78.956,-0.0003989,-0.0025177,2.1762,6300.2,-0.00073007,-0.00019067,0.00030067,1.21,0.65996,1.9629e-05,1
