"p","U:0","U:1","U:2","Ksl","Us:0","Us:1","Us:2","rho","voidfraction","Volume","Cell Type"
57.385,0.018338,-0.011422,1.8082,6341.6,-0.00088026,0.00082914,0.0032567,1.21,0.63974,1.9629e-05,1
