"p","U:0","U:1","U:2","Ksl","Us:0","Us:1","Us:2","rho","voidfraction","Volume","Cell Type"
67.952,-0.0040544,-0.0058888,2.0649,6658.5,0.00058629,-0.0015876,0.00039239,1.21,0.64363,1.9629e-05,1
