"p","U:0","U:1","U:2","Ksl","Us:0","Us:1","Us:2","rho","voidfraction","Volume","Cell Type"
52.501,0.0054757,0.0050913,1.4811,6150.4,0.00030906,0.0010163,-0.011659,1.21,0.63456,1.9629e-05,1
