"p","U:0","U:1","U:2","Ksl","Us:0","Us:1","Us:2","rho","voidfraction","Volume","Cell Type"
62.48,0.0027041,-0.0026458,1.7655,6195.2,-0.0001348,0.001173,0.0089481,1.21,0.64275,1.9629e-05,1
