"p","U:0","U:1","U:2","Ksl","Us:0","Us:1","Us:2","rho","voidfraction","Volume","Cell Type"
80.788,-0.001901,-0.0024651,2.2575,6686.7,0.000165,-0.00015848,0.0025299,1.21,0.65145,1.9629e-05,1
