"p","U:0","U:1","U:2","Ksl","Us:0","Us:1","Us:2","rho","voidfraction","Volume","Cell Type"
64.67,0.0054485,-0.0056516,1.9851,6577.2,-0.0010723,-0.0001108,0.00042216,1.21,0.64188,1.9629e-05,1
