"p","U:0","U:1","U:2","Ksl","Us:0","Us:1","Us:2","rho","voidfraction","Volume","Cell Type"
259.19,0.00087161,-0.00052151,4.1597,14.826,0.00083261,-3.4023e-05,0.0019496,1.21,0.99809,1.9629e-05,1
