"p","U:0","U:1","U:2","Ksl","Us:0","Us:1","Us:2","rho","voidfraction","Volume","Cell Type"
38.228,0.004903,0.0035175,1.3878,5996.8,0.00086354,0.0006187,0.026559,1.21,0.63153,1.9629e-05,1
