"p","U:0","U:1","U:2","Ksl","Us:0","Us:1","Us:2","rho","voidfraction","Volume","Cell Type"
52.996,0.010691,-0.010973,1.6587,6211.4,-0.00052551,0.00099694,0.02377,1.21,0.6366,1.9629e-05,1
