"p","U:0","U:1","U:2","Ksl","Us:0","Us:1","Us:2","rho","voidfraction","Volume","Cell Type"
74.536,-0.005068,-0.0077541,2.2394,6972,0.0003568,-0.0011818,0.00063984,1.21,0.6416,1.9629e-05,1
