"p","U:0","U:1","U:2","Ksl","Us:0","Us:1","Us:2","rho","voidfraction","Volume","Cell Type"
207.8,0.40885,-0.063652,3.4756,1612.5,0.031309,0.0035869,0.0062058,1.21,0.87943,1.9629e-05,1
