"p","U:0","U:1","U:2","Ksl","Us:0","Us:1","Us:2","rho","voidfraction","Volume","Cell Type"
19.094,-0.0029915,-0.0039927,0.6589,7318.8,0.00011501,3.4195e-05,0.019966,1.21,0.63268,1.9629e-05,1
