"p","U:0","U:1","U:2","Ksl","Us:0","Us:1","Us:2","rho","voidfraction","Volume","Cell Type"
27.802,-0.0043361,-0.0051244,0.79721,7638.3,-4.5485e-05,6.6966e-06,0.021795,1.21,0.63206,1.9629e-05,1
