"p","U:0","U:1","U:2","Ksl","Us:0","Us:1","Us:2","rho","voidfraction","Volume","Cell Type"
40.814,0.00062397,-0.00079168,1.293,6062.4,0.0001412,-1.5216e-05,0.00192,1.21,0.62944,1.9629e-05,1
