"p","U:0","U:1","U:2","Ksl","Us:0","Us:1","Us:2","rho","voidfraction","Volume","Cell Type"
234.67,0.0048284,0.00011017,3.9467,36.23,-0.0014625,-0.0025516,0.019307,1.21,0.99534,1.9629e-05,1
