"p","U:0","U:1","U:2","Ksl","Us:0","Us:1","Us:2","rho","voidfraction","Volume","Cell Type"
29.6,-0.0032812,-0.0034469,0.75193,8070.6,4.3161e-05,0.0001544,0.013264,1.21,0.63223,1.9629e-05,1
