"p","U:0","U:1","U:2","Ksl","Us:0","Us:1","Us:2","rho","voidfraction","Volume","Cell Type"
270,0.0011702,-1.4833e-05,4.2027,11.857,-0.0005353,-0.00076649,0.0022958,1.21,0.99852,1.9629e-05,1
