"p","U:0","U:1","U:2","Ksl","Us:0","Us:1","Us:2","rho","voidfraction","Volume","Cell Type"
261.4,0.00096433,-0.0013707,4.1597,14.455,-0.00024153,4.3216e-05,0.0050628,1.21,0.9982,1.9629e-05,1
