"p","U:0","U:1","U:2","Ksl","Us:0","Us:1","Us:2","rho","voidfraction","Volume","Cell Type"
64.198,0.0025658,-0.0015864,1.9547,6556.6,6.1154e-05,0.00019244,0.00069315,1.21,0.64193,1.9629e-05,1
