"p","U:0","U:1","U:2","Ksl","Us:0","Us:1","Us:2","rho","voidfraction","Volume","Cell Type"
49.966,0.0065075,0.0057067,1.4788,6097.6,0.0021567,0.0010729,0.022336,1.21,0.6338,1.9629e-05,1
