"p","U:0","U:1","U:2","Ksl","Us:0","Us:1","Us:2","rho","voidfraction","Volume","Cell Type"
236.2,0.0032792,-0.0025702,3.9467,41.258,0.0023855,-0.001953,0.022607,1.21,0.99472,1.9629e-05,1
