"p","U:0","U:1","U:2","Ksl","Us:0","Us:1","Us:2","rho","voidfraction","Volume","Cell Type"
239.48,0.0035788,-0.00012834,3.9889,27.111,0.0011041,0.00032712,0.0052407,1.21,0.99653,1.9629e-05,1
