"p","U:0","U:1","U:2","Ksl","Us:0","Us:1","Us:2","rho","voidfraction","Volume","Cell Type"
239.27,0.0022874,0.0012783,3.9891,28.569,0.00034149,0.0026657,0.016907,1.21,0.99633,1.9629e-05,1
