"p","U:0","U:1","U:2","Ksl","Us:0","Us:1","Us:2","rho","voidfraction","Volume","Cell Type"
60.277,-0.0017945,-0.0080009,1.7189,6251.7,0.000109,-1.0544e-05,0.0089552,1.21,0.63913,1.9629e-05,1
