"p","U:0","U:1","U:2","Ksl","Us:0","Us:1","Us:2","rho","voidfraction","Volume","Cell Type"
50.658,0.0039617,0.007832,1.4462,6189.3,-0.00035868,0.00088621,0.0011291,1.21,0.63313,1.9629e-05,1
