"p","U:0","U:1","U:2","Ksl","Us:0","Us:1","Us:2","rho","voidfraction","Volume","Cell Type"
84.342,0.0023375,-0.013075,2.3294,5999,0.001793,-0.0035345,0.00094504,1.21,0.66859,1.9629e-05,1
