"p","U:0","U:1","U:2","Ksl","Us:0","Us:1","Us:2","rho","voidfraction","Volume","Cell Type"
234.7,0.0017838,-0.0028983,3.9473,41.081,-8.4312e-05,-0.0020476,0.015306,1.21,0.99475,1.9629e-05,1
