"p","U:0","U:1","U:2","Ksl","Us:0","Us:1","Us:2","rho","voidfraction","Volume","Cell Type"
55.262,0.0028797,0.0028547,1.5327,6181.1,0.00033052,0.0019471,-0.0057828,1.21,0.63575,1.9629e-05,1
