"p","U:0","U:1","U:2","Ksl","Us:0","Us:1","Us:2","rho","voidfraction","Volume","Cell Type"
40.853,-0.0031605,-0.00059677,1.2945,6064.1,-0.00010385,0.00013265,-0.001104,1.21,0.62967,1.9629e-05,1
