"p","U:0","U:1","U:2","Ksl","Us:0","Us:1","Us:2","rho","voidfraction","Volume","Cell Type"
84.047,-0.010072,0.034451,2.3215,6058,0.00033286,0.0031504,0.0029207,1.21,0.67059,1.9629e-05,1
