"p","U:0","U:1","U:2","Ksl","Us:0","Us:1","Us:2","rho","voidfraction","Volume","Cell Type"
253.52,0.0026463,0.00015311,4.1168,14.828,-0.0013842,-0.00053867,0.0051855,1.21,0.99812,1.9629e-05,1
