"p","U:0","U:1","U:2","Ksl","Us:0","Us:1","Us:2","rho","voidfraction","Volume","Cell Type"
269.88,-0.0001375,-0.00034003,4.2027,12.165,-2.8414e-05,-3.0431e-05,0.0019181,1.21,0.99848,1.9629e-05,1
