"p","U:0","U:1","U:2","Ksl","Us:0","Us:1","Us:2","rho","voidfraction","Volume","Cell Type"
26.546,-0.0037548,-0.0036875,0.62464,8441.3,-2.0023e-05,5.4255e-05,0.0042095,1.21,0.63316,1.9629e-05,1
