"p","U:0","U:1","U:2","Ksl","Us:0","Us:1","Us:2","rho","voidfraction","Volume","Cell Type"
135.68,0.022571,0.32415,2.9171,1418.9,-0.014687,-0.033621,0.0064752,1.21,0.87253,1.9629e-05,1
