"p","U:0","U:1","U:2","Ksl","Us:0","Us:1","Us:2","rho","voidfraction","Volume","Cell Type"
38.793,0.0019968,0.00080624,1.2427,6048,-2.5286e-05,0.0001733,0.00115,1.21,0.62932,1.9629e-05,1
