"p","U:0","U:1","U:2","Ksl","Us:0","Us:1","Us:2","rho","voidfraction","Volume","Cell Type"
238.19,-1.6314e-05,0.016647,3.8069,180.33,0.00053959,0.00079827,0.019035,1.21,0.97989,1.9629e-05,1
