"p","U:0","U:1","U:2","Ksl","Us:0","Us:1","Us:2","rho","voidfraction","Volume","Cell Type"
273.76,-0.00077195,0.00020645,4.2673,10.149,-1.502e-05,0.00044055,0.0042252,1.21,0.99874,1.9629e-05,1
