"p","U:0","U:1","U:2","Ksl","Us:0","Us:1","Us:2","rho","voidfraction","Volume","Cell Type"
34.294,0.00064167,0.0012814,1.0901,6260.4,6.4578e-05,0.00016633,0.0013202,1.21,0.6291,1.9629e-05,1
