"p","U:0","U:1","U:2","Ksl","Us:0","Us:1","Us:2","rho","voidfraction","Volume","Cell Type"
265.7,0.0053273,0.0081626,3.8617,250.9,-0.012725,-0.023655,0.037756,1.21,0.97177,1.9629e-05,1
