"p","U:0","U:1","U:2","Ksl","Us:0","Us:1","Us:2","rho","voidfraction","Volume","Cell Type"
232.29,0.0038719,-0.00016177,3.9036,61.736,-0.0032329,0.001547,0.020753,1.21,0.99221,1.9629e-05,1
