"p","U:0","U:1","U:2","Ksl","Us:0","Us:1","Us:2","rho","voidfraction","Volume","Cell Type"
59.197,-0.0032859,-0.0059428,1.7654,6201.5,0.00031311,0.00082744,0.023548,1.21,0.64039,1.9629e-05,1
