"p","U:0","U:1","U:2","Ksl","Us:0","Us:1","Us:2","rho","voidfraction","Volume","Cell Type"
56.418,0.016354,-0.010622,1.806,6334.3,-0.00068708,0.0012512,0.0018904,1.21,0.64019,1.9629e-05,1
