"p","U:0","U:1","U:2","Ksl","Us:0","Us:1","Us:2","rho","voidfraction","Volume","Cell Type"
68.028,-0.00075559,-0.011643,2.0735,6779.2,-0.00069353,-0.0011611,-2.5591e-05,1.21,0.64086,1.9629e-05,1
