"p","U:0","U:1","U:2","Ksl","Us:0","Us:1","Us:2","rho","voidfraction","Volume","Cell Type"
231.51,-0.0051084,0.14739,3.6369,796.84,0.0012214,0.0040702,0.0087226,1.21,0.92362,1.9629e-05,1
