"p","U:0","U:1","U:2","Ksl","Us:0","Us:1","Us:2","rho","voidfraction","Volume","Cell Type"
83.476,-0.012847,0.012059,2.3312,6256.1,-0.00058752,-0.00059121,0.0032646,1.21,0.66615,1.9629e-05,1
