"p","U:0","U:1","U:2","Ksl","Us:0","Us:1","Us:2","rho","voidfraction","Volume","Cell Type"
256.35,-0.055344,0.023425,3.7106,516.12,-0.034965,0.00041373,0.030316,1.21,0.9465,1.9629e-05,1
