"p","U:0","U:1","U:2","Ksl","Us:0","Us:1","Us:2","rho","voidfraction","Volume","Cell Type"
33.094,-0.00079808,0.00064412,1.0409,6424.9,3.9453e-05,0.00018122,0.00079525,1.21,0.6291,1.9629e-05,1
