"p","U:0","U:1","U:2","Ksl","Us:0","Us:1","Us:2","rho","voidfraction","Volume","Cell Type"
43.009,0.0045884,0.001221,1.2415,6021.9,0.00019449,0.00028891,0.00088821,1.21,0.62922,1.9629e-05,1
