"p","U:0","U:1","U:2","Ksl","Us:0","Us:1","Us:2","rho","voidfraction","Volume","Cell Type"
60.928,0.013099,-0.0091372,1.9082,6427,-0.00023748,0.00015173,0.001342,1.21,0.64173,1.9629e-05,1
