"p","U:0","U:1","U:2","Ksl","Us:0","Us:1","Us:2","rho","voidfraction","Volume","Cell Type"
250.54,0.0024981,-0.00079558,4.0741,20.144,2.1442e-06,-0.00071618,0.0060113,1.21,0.99749,1.9629e-05,1
