"p","U:0","U:1","U:2","Ksl","Us:0","Us:1","Us:2","rho","voidfraction","Volume","Cell Type"
261.66,0.00052032,-0.21974,3.8161,578.49,0.0013632,-0.088625,0.016362,1.21,0.9423,1.9629e-05,1
