"p","U:0","U:1","U:2","Ksl","Us:0","Us:1","Us:2","rho","voidfraction","Volume","Cell Type"
59.067,0.0069574,-0.0098028,1.9084,6523.4,-0.00019725,9.5256e-05,0.0014382,1.21,0.63996,1.9629e-05,1
