"p","U:0","U:1","U:2","Ksl","Us:0","Us:1","Us:2","rho","voidfraction","Volume","Cell Type"
95.917,0.080609,0.016841,2.3198,3297,-0.0017983,-0.0011861,0.029873,1.21,0.75437,1.9629e-05,1
