"p","U:0","U:1","U:2","Ksl","Us:0","Us:1","Us:2","rho","voidfraction","Volume","Cell Type"
28.256,-0.0013576,-0.0010804,0.92006,7417,2.9951e-06,1.2125e-06,-0.00040564,1.21,0.62971,1.9629e-05,1
