"p","U:0","U:1","U:2","Ksl","Us:0","Us:1","Us:2","rho","voidfraction","Volume","Cell Type"
240.46,0.0025723,-0.00031151,3.9893,29.069,-0.00097612,0.0016907,0.017983,1.21,0.99626,1.9629e-05,1
