"p","U:0","U:1","U:2","Ksl","Us:0","Us:1","Us:2","rho","voidfraction","Volume","Cell Type"
66.258,-0.00069209,-0.0044814,2.0099,6643,-0.00023065,3.4521e-05,0.0011604,1.21,0.64203,1.9629e-05,1
