"p","U:0","U:1","U:2","Ksl","Us:0","Us:1","Us:2","rho","voidfraction","Volume","Cell Type"
42.727,0.0094394,0.010481,1.3514,6051.6,-5.8869e-05,0.00028814,0.0030351,1.21,0.62991,1.9629e-05,1
