"p","U:0","U:1","U:2","Ksl","Us:0","Us:1","Us:2","rho","voidfraction","Volume","Cell Type"
279.73,0.00063578,0.00022409,4.2889,9.5597,0.00047159,0.00091615,0.0076654,1.21,0.99881,1.9629e-05,1
