"p","U:0","U:1","U:2","Ksl","Us:0","Us:1","Us:2","rho","voidfraction","Volume","Cell Type"
245.83,-0.0034666,0.0082791,3.787,282.21,-0.0029887,-0.01481,0.028642,1.21,0.96929,1.9629e-05,1
