"p","U:0","U:1","U:2","Ksl","Us:0","Us:1","Us:2","rho","voidfraction","Volume","Cell Type"
250.83,0.00070271,-0.00030926,4.0739,18.289,-0.00052348,-0.00023676,0.0072007,1.21,0.99769,1.9629e-05,1
