"p","U:0","U:1","U:2","Ksl","Us:0","Us:1","Us:2","rho","voidfraction","Volume","Cell Type"
68.803,-0.0040933,-0.0052448,2.1309,6878.4,-0.00044811,-0.00041438,0.00095085,1.21,0.64031,1.9629e-05,1
