"p","U:0","U:1","U:2","Ksl","Us:0","Us:1","Us:2","rho","voidfraction","Volume","Cell Type"
239.25,0.006569,-5.385e-06,3.9133,91.882,-0.00030059,-0.0037136,0.017927,1.21,0.98905,1.9629e-05,1
