"p","U:0","U:1","U:2","Ksl","Us:0","Us:1","Us:2","rho","voidfraction","Volume","Cell Type"
68.825,0.0026486,-0.0068803,2.0652,6673.8,0.00071107,1.5977e-05,0.00062192,1.21,0.64317,1.9629e-05,1
