"p","U:0","U:1","U:2","Ksl","Us:0","Us:1","Us:2","rho","voidfraction","Volume","Cell Type"
82.268,-0.0011404,-0.00018815,2.3046,6649,3.4279e-05,-0.00034484,0.0020304,1.21,0.65457,1.9629e-05,1
