"p","U:0","U:1","U:2","Ksl","Us:0","Us:1","Us:2","rho","voidfraction","Volume","Cell Type"
26.499,0.00060889,-0.001304,0.86423,7429.5,-0.00015425,-9.8861e-05,-0.015923,1.21,0.63157,1.9629e-05,1
