"p","U:0","U:1","U:2","Ksl","Us:0","Us:1","Us:2","rho","voidfraction","Volume","Cell Type"
53.614,0.0023413,0.0060623,1.4363,6178.1,-0.00047185,0.00020762,-0.012789,1.21,0.63298,1.9629e-05,1
