"p","U:0","U:1","U:2","Ksl","Us:0","Us:1","Us:2","rho","voidfraction","Volume","Cell Type"
215.79,-0.067583,0.098211,3.5114,791.94,0.051507,0.0011381,0.053083,1.21,0.91847,1.9629e-05,1
