"p","U:0","U:1","U:2","Ksl","Us:0","Us:1","Us:2","rho","voidfraction","Volume","Cell Type"
241.17,0.0035127,-0.00035283,3.989,27.781,-0.00082193,0.0014604,0.006746,1.21,0.99645,1.9629e-05,1
