"p","U:0","U:1","U:2","Ksl","Us:0","Us:1","Us:2","rho","voidfraction","Volume","Cell Type"
87.921,-0.050918,-0.00069874,2.3378,5353.8,0.0020467,-0.00025319,0.0070641,1.21,0.68634,1.9629e-05,1
