"p","U:0","U:1","U:2","Ksl","Us:0","Us:1","Us:2","rho","voidfraction","Volume","Cell Type"
55.062,-0.005437,0.0052368,1.5338,6287.1,0.0012113,-0.0004708,-0.0078556,1.21,0.63412,1.9629e-05,1
