"p","U:0","U:1","U:2","Ksl","Us:0","Us:1","Us:2","rho","voidfraction","Volume","Cell Type"
246.09,0.0053564,0.00017491,4.0316,22.84,-0.0033972,0.0019709,0.014323,1.21,0.99709,1.9629e-05,1
