"p","U:0","U:1","U:2","Ksl","Us:0","Us:1","Us:2","rho","voidfraction","Volume","Cell Type"
255.13,-0.013594,-0.022814,3.7801,465.71,0.0093419,0.048991,0.049494,1.21,0.94957,1.9629e-05,1
