"p","U:0","U:1","U:2","Ksl","Us:0","Us:1","Us:2","rho","voidfraction","Volume","Cell Type"
50.164,0.0010522,-0.0024751,1.7498,6458.9,-0.00054239,-0.00037634,-0.0026387,1.21,0.6424,1.9629e-05,1
