"p","U:0","U:1","U:2","Ksl","Us:0","Us:1","Us:2","rho","voidfraction","Volume","Cell Type"
46.302,0.022889,0.0011476,1.597,6137,-0.00021535,0.00078676,0.028468,1.21,0.63521,1.9629e-05,1
