"p","U:0","U:1","U:2","Ksl","Us:0","Us:1","Us:2","rho","voidfraction","Volume","Cell Type"
36.053,0.0034204,0.0057692,1.1373,6147.4,4.8778e-05,2.3577e-05,0.0015136,1.21,0.62894,1.9629e-05,1
