"p","U:0","U:1","U:2","Ksl","Us:0","Us:1","Us:2","rho","voidfraction","Volume","Cell Type"
46.049,-0.00089346,0.00041363,1.3788,6146.8,-0.00049515,0.00059664,0.010824,1.21,0.63023,1.9629e-05,1
