"p","U:0","U:1","U:2","Ksl","Us:0","Us:1","Us:2","rho","voidfraction","Volume","Cell Type"
121.99,0.066594,0.65615,2.6155,3248.9,-0.0061034,0.11244,0.0044083,1.21,0.77623,1.9629e-05,1
