"p","U:0","U:1","U:2","Ksl","Us:0","Us:1","Us:2","rho","voidfraction","Volume","Cell Type"
39.492,0.00011065,0.0022498,1.2389,6052.4,-0.00028499,5.9636e-05,0.0019341,1.21,0.62898,1.9629e-05,1
