"p","U:0","U:1","U:2","Ksl","Us:0","Us:1","Us:2","rho","voidfraction","Volume","Cell Type"
257.43,-0.0080091,0.027161,3.7678,397.29,-0.011073,-0.017774,0.048917,1.21,0.95543,1.9629e-05,1
