"p","U:0","U:1","U:2","Ksl","Us:0","Us:1","Us:2","rho","voidfraction","Volume","Cell Type"
61.178,0.017224,-0.011845,1.9092,6384.3,-0.00041531,0.00047997,0.00030447,1.21,0.64251,1.9629e-05,1
