"p","U:0","U:1","U:2","Ksl","Us:0","Us:1","Us:2","rho","voidfraction","Volume","Cell Type"
227.86,0.0030933,-0.001356,3.807,181.7,0.0013446,0.024926,0.035399,1.21,0.97931,1.9629e-05,1
