"p","U:0","U:1","U:2","Ksl","Us:0","Us:1","Us:2","rho","voidfraction","Volume","Cell Type"
58.862,0.020755,-0.012618,1.8578,6316,-0.00055685,-1.5587e-05,0.0013997,1.21,0.64154,1.9629e-05,1
