"p","U:0","U:1","U:2","Ksl","Us:0","Us:1","Us:2","rho","voidfraction","Volume","Cell Type"
41.809,0.0010988,-0.010018,1.5914,6398.1,-0.00027829,0.00011681,-0.0037897,1.21,0.63814,1.9629e-05,1
