"p","U:0","U:1","U:2","Ksl","Us:0","Us:1","Us:2","rho","voidfraction","Volume","Cell Type"
110.21,0.056069,0.52594,2.4891,2459.8,-0.037253,0.028131,0.0087395,1.21,0.81054,1.9629e-05,1
