"p","U:0","U:1","U:2","Ksl","Us:0","Us:1","Us:2","rho","voidfraction","Volume","Cell Type"
89.294,0.067271,0.39004,2.3786,2513.4,0.0033055,0.024661,-0.034403,1.21,0.80423,1.9629e-05,1
