"p","U:0","U:1","U:2","Ksl","Us:0","Us:1","Us:2","rho","voidfraction","Volume","Cell Type"
44.259,0.015362,0.0056877,1.5417,6124.4,0.00052218,0.0013244,0.026248,1.21,0.6345,1.9629e-05,1
