"p","U:0","U:1","U:2","Ksl","Us:0","Us:1","Us:2","rho","voidfraction","Volume","Cell Type"
170.19,0.034374,0.49659,3.2063,1346.4,-0.040694,-0.0012341,0.013138,1.21,0.88113,1.9629e-05,1
