"p","U:0","U:1","U:2","Ksl","Us:0","Us:1","Us:2","rho","voidfraction","Volume","Cell Type"
29.932,-0.0030989,-0.0035649,0.89447,7590.2,0.00022493,-4.8362e-05,0.014201,1.21,0.63136,1.9629e-05,1
