"p","U:0","U:1","U:2","Ksl","Us:0","Us:1","Us:2","rho","voidfraction","Volume","Cell Type"
257.8,0.0013759,0.00037484,4.1169,15.291,3.7518e-05,-0.00093629,0.0032336,1.21,0.99812,1.9629e-05,1
