"p","U:0","U:1","U:2","Ksl","Us:0","Us:1","Us:2","rho","voidfraction","Volume","Cell Type"
235.94,0.0055264,0.0027236,3.9024,57.274,-0.00055311,0.0020634,0.030284,1.21,0.99267,1.9629e-05,1
