"p","U:0","U:1","U:2","Ksl","Us:0","Us:1","Us:2","rho","voidfraction","Volume","Cell Type"
23.922,-0.0037124,-0.0032467,0.59767,8243.9,-2.2205e-05,0.00012105,-0.014199,1.21,0.63306,1.9629e-05,1
