"p","U:0","U:1","U:2","Ksl","Us:0","Us:1","Us:2","rho","voidfraction","Volume","Cell Type"
265.51,0.013675,0.033209,3.8624,239.46,-0.0091286,-0.0095795,0.032619,1.21,0.97315,1.9629e-05,1
