"p","U:0","U:1","U:2","Ksl","Us:0","Us:1","Us:2","rho","voidfraction","Volume","Cell Type"
259.64,0.0014395,-0.00043876,4.1597,12.853,-0.0022348,0.0008241,0.0039617,1.21,0.99836,1.9629e-05,1
