"p","U:0","U:1","U:2","Ksl","Us:0","Us:1","Us:2","rho","voidfraction","Volume","Cell Type"
37.449,0.0064274,0.005286,1.1843,6038.2,-9.8182e-05,3.2089e-05,0.00093998,1.21,0.62877,1.9629e-05,1
