"p","U:0","U:1","U:2","Ksl","Us:0","Us:1","Us:2","rho","voidfraction","Volume","Cell Type"
39.363,0.0025387,0.00071357,1.2398,6042.6,1.3135e-05,-0.00011635,0.0010087,1.21,0.62909,1.9629e-05,1
