"p","U:0","U:1","U:2","Ksl","Us:0","Us:1","Us:2","rho","voidfraction","Volume","Cell Type"
230.35,-0.10286,0.14239,3.5135,905.47,0.0018845,0.065314,0.0095952,1.21,0.91859,1.9629e-05,1
