"p","U:0","U:1","U:2","Ksl","Us:0","Us:1","Us:2","rho","voidfraction","Volume","Cell Type"
2.9557,-0.0011433,-0.0014009,0.071074,8415.1,8.3384e-08,4.2745e-08,2.0469e-06,1.21,0.63374,1.9629e-05,1
