"p","U:0","U:1","U:2","Ksl","Us:0","Us:1","Us:2","rho","voidfraction","Volume","Cell Type"
38.577,-0.00044802,0.00059797,1.0895,6289.7,-7.4219e-05,0.00028813,0.0013387,1.21,0.62905,1.9629e-05,1
