"p","U:0","U:1","U:2","Ksl","Us:0","Us:1","Us:2","rho","voidfraction","Volume","Cell Type"
277.29,0.00059664,0.00043535,4.2886,10.027,0.00029067,-0.00021519,0.0049891,1.21,0.99874,1.9629e-05,1
