"p","U:0","U:1","U:2","Ksl","Us:0","Us:1","Us:2","rho","voidfraction","Volume","Cell Type"
40.666,0.00054223,0.0029449,1.2938,6039.7,3.6542e-06,-9.83e-05,0.0018001,1.21,0.62926,1.9629e-05,1
