"p","U:0","U:1","U:2","Ksl","Us:0","Us:1","Us:2","rho","voidfraction","Volume","Cell Type"
28.178,-0.00164,-0.0020094,0.77786,7792.4,0.00010858,-4.9356e-06,-0.015286,1.21,0.63208,1.9629e-05,1
