"p","U:0","U:1","U:2","Ksl","Us:0","Us:1","Us:2","rho","voidfraction","Volume","Cell Type"
81.565,0.0011232,-0.00324,2.3064,6637.2,-0.00010214,0.00066709,0.0021346,1.21,0.65385,1.9629e-05,1
