"p","U:0","U:1","U:2","Ksl","Us:0","Us:1","Us:2","rho","voidfraction","Volume","Cell Type"
165.89,-0.050461,-0.052587,3.0991,1750.1,0.0094986,0.11514,0.073907,1.21,0.85311,1.9629e-05,1
