"p","U:0","U:1","U:2","Ksl","Us:0","Us:1","Us:2","rho","voidfraction","Volume","Cell Type"
88.655,0.019798,-0.097405,2.3162,3446.8,0.00031309,-0.00689,-0.0011606,1.21,0.75247,1.9629e-05,1
