"p","U:0","U:1","U:2","Ksl","Us:0","Us:1","Us:2","rho","voidfraction","Volume","Cell Type"
35.237,0.0036306,0.0049492,1.1377,6123.1,7.0125e-05,5.2743e-05,0.0013533,1.21,0.62893,1.9629e-05,1
