"p","U:0","U:1","U:2","Ksl","Us:0","Us:1","Us:2","rho","voidfraction","Volume","Cell Type"
45.511,0.00064289,0.0049432,1.3432,6017.9,-0.000225,-7.513e-05,0.0046064,1.21,0.62966,1.9629e-05,1
