"p","U:0","U:1","U:2","Ksl","Us:0","Us:1","Us:2","rho","voidfraction","Volume","Cell Type"
130.92,-0.077422,0.38132,2.6169,2233.4,-0.0039169,-0.077649,0.0090906,1.21,0.82064,1.9629e-05,1
