"p","U:0","U:1","U:2","Ksl","Us:0","Us:1","Us:2","rho","voidfraction","Volume","Cell Type"
256.68,0.010301,0.0073059,3.7585,546.34,-0.009115,0.050246,0.027104,1.21,0.94331,1.9629e-05,1
