"p","U:0","U:1","U:2","Ksl","Us:0","Us:1","Us:2","rho","voidfraction","Volume","Cell Type"
265.07,0.0014183,-0.0021724,4.2027,12.394,0.00012725,0.00038096,0.0038649,1.21,0.99844,1.9629e-05,1
