"p","U:0","U:1","U:2","Ksl","Us:0","Us:1","Us:2","rho","voidfraction","Volume","Cell Type"
90.727,-0.13822,0.00094949,2.3215,4774.4,-0.017247,0.0020595,0.014748,1.21,0.70415,1.9629e-05,1
