"p","U:0","U:1","U:2","Ksl","Us:0","Us:1","Us:2","rho","voidfraction","Volume","Cell Type"
62.298,0.021344,-0.013987,1.9109,6403.7,-0.00012197,0.00032407,0.0014716,1.21,0.64187,1.9629e-05,1
