"p","U:0","U:1","U:2","Ksl","Us:0","Us:1","Us:2","rho","voidfraction","Volume","Cell Type"
78.408,-0.0029517,-0.0066241,2.2601,6661.4,-0.0004165,-0.00017153,0.0022884,1.21,0.65182,1.9629e-05,1
