"p","U:0","U:1","U:2","Ksl","Us:0","Us:1","Us:2","rho","voidfraction","Volume","Cell Type"
48.773,0.0071531,0.0045156,1.4705,6064.5,0.00092317,0.00085795,0.023374,1.21,0.63378,1.9629e-05,1
