"p","U:0","U:1","U:2","Ksl","Us:0","Us:1","Us:2","rho","voidfraction","Volume","Cell Type"
101.14,0.16454,0.014882,2.4025,3183.1,0.030583,0.013866,0.037789,1.21,0.76208,1.9629e-05,1
