"p","U:0","U:1","U:2","Ksl","Us:0","Us:1","Us:2","rho","voidfraction","Volume","Cell Type"
28.142,-0.0015226,-0.0011061,0.9199,7407.3,5.9408e-06,4.0607e-06,-0.00024654,1.21,0.62974,1.9629e-05,1
