"p","U:0","U:1","U:2","Ksl","Us:0","Us:1","Us:2","rho","voidfraction","Volume","Cell Type"
63.343,-0.00048849,-0.007345,1.9607,6599.8,7.3611e-05,-0.0010365,0.0010148,1.21,0.6404,1.9629e-05,1
