"p","U:0","U:1","U:2","Ksl","Us:0","Us:1","Us:2","rho","voidfraction","Volume","Cell Type"
157.19,-0.023602,0.58291,3.062,1729.3,0.017418,0.032675,0.0026332,1.21,0.86121,1.9629e-05,1
