"p","U:0","U:1","U:2","Ksl","Us:0","Us:1","Us:2","rho","voidfraction","Volume","Cell Type"
82.42,-0.0012048,0.006035,2.2987,6592.3,-0.00022744,0.0014507,0.0016043,1.21,0.65619,1.9629e-05,1
