"p","U:0","U:1","U:2","Ksl","Us:0","Us:1","Us:2","rho","voidfraction","Volume","Cell Type"
68.993,-0.0012426,-0.0055728,2.1314,6877,0.00050608,-0.001298,0.00012673,1.21,0.64033,1.9629e-05,1
