"p","U:0","U:1","U:2","Ksl","Us:0","Us:1","Us:2","rho","voidfraction","Volume","Cell Type"
103.09,-0.0011511,-0.56457,2.5207,2725.8,-0.00044277,-0.059381,-0.0080169,1.21,0.79657,1.9629e-05,1
