"p","U:0","U:1","U:2","Ksl","Us:0","Us:1","Us:2","rho","voidfraction","Volume","Cell Type"
26.583,-0.0032608,-0.0037503,0.62455,8437.5,-2.5351e-05,-2.5251e-05,0.0041191,1.21,0.63312,1.9629e-05,1
