"p","U:0","U:1","U:2","Ksl","Us:0","Us:1","Us:2","rho","voidfraction","Volume","Cell Type"
44.678,-0.0022716,-0.0061947,1.6499,6490.2,0.00077192,0.00082026,0.01563,1.21,0.63568,1.9629e-05,1
