"p","U:0","U:1","U:2","Ksl","Us:0","Us:1","Us:2","rho","voidfraction","Volume","Cell Type"
272.27,0.0012946,-0.00091162,4.2457,11.255,0.00013853,0.00015428,0.0052909,1.21,0.99856,1.9629e-05,1
