"p","U:0","U:1","U:2","Ksl","Us:0","Us:1","Us:2","rho","voidfraction","Volume","Cell Type"
246.86,-0.017547,0.039445,3.8105,388.59,-0.017163,0.043511,0.034512,1.21,0.95896,1.9629e-05,1
