"p","U:0","U:1","U:2","Ksl","Us:0","Us:1","Us:2","rho","voidfraction","Volume","Cell Type"
87.549,-0.031179,0.019047,2.3482,5691,0.003648,0.0010089,0.0041117,1.21,0.67881,1.9629e-05,1
