"p","U:0","U:1","U:2","Ksl","Us:0","Us:1","Us:2","rho","voidfraction","Volume","Cell Type"
19.824,-0.0044969,-0.0040306,0.55841,7991.4,6.8492e-05,8.6145e-06,0.013852,1.21,0.63371,1.9629e-05,1
