"p","U:0","U:1","U:2","Ksl","Us:0","Us:1","Us:2","rho","voidfraction","Volume","Cell Type"
237.55,-0.11804,0.14132,3.6787,649.26,0.0067807,0.015248,0.011129,1.21,0.93416,1.9629e-05,1
