"p","U:0","U:1","U:2","Ksl","Us:0","Us:1","Us:2","rho","voidfraction","Volume","Cell Type"
47.972,0.0034889,0.0014292,1.3886,6200,0.00070445,0.0020545,0.00097519,1.21,0.63046,1.9629e-05,1
