"p","U:0","U:1","U:2","Ksl","Us:0","Us:1","Us:2","rho","voidfraction","Volume","Cell Type"
56.284,0.017281,-0.011083,1.8073,6345.8,-0.00055035,0.00024693,0.0015658,1.21,0.63984,1.9629e-05,1
