"p","U:0","U:1","U:2","Ksl","Us:0","Us:1","Us:2","rho","voidfraction","Volume","Cell Type"
69.436,0.0010129,-0.00621,2.1311,6872.5,-0.0006724,-0.00080644,8.3896e-05,1.21,0.64045,1.9629e-05,1
