"p","U:0","U:1","U:2","Ksl","Us:0","Us:1","Us:2","rho","voidfraction","Volume","Cell Type"
40.969,-0.0038005,-0.00094789,1.2953,6070.9,-0.00036009,3.7849e-05,0.00186,1.21,0.62951,1.9629e-05,1
