"p","U:0","U:1","U:2","Ksl","Us:0","Us:1","Us:2","rho","voidfraction","Volume","Cell Type"
256.27,-0.001015,0.037785,3.8932,188.26,-0.0015519,-0.00024967,0.02943,1.21,0.97907,1.9629e-05,1
