"p","U:0","U:1","U:2","Ksl","Us:0","Us:1","Us:2","rho","voidfraction","Volume","Cell Type"
23.433,-0.0033613,-0.0037143,0.56526,8437.3,4.0904e-05,-1.7077e-05,0.0098919,1.21,0.63356,1.9629e-05,1
