"p","U:0","U:1","U:2","Ksl","Us:0","Us:1","Us:2","rho","voidfraction","Volume","Cell Type"
36.287,0.0042629,0.0062043,1.1373,6149.1,8.5674e-05,1.2278e-05,0.0015657,1.21,0.62902,1.9629e-05,1
