"p","U:0","U:1","U:2","Ksl","Us:0","Us:1","Us:2","rho","voidfraction","Volume","Cell Type"
59.728,-0.0025388,-0.0094379,1.6795,6322.6,0.00086453,0.00011963,0.001979,1.21,0.63705,1.9629e-05,1
