"p","U:0","U:1","U:2","Ksl","Us:0","Us:1","Us:2","rho","voidfraction","Volume","Cell Type"
40.594,-0.0016418,-0.0015267,1.2945,6053.7,-0.00011174,-7.2529e-05,0.0027266,1.21,0.62959,1.9629e-05,1
