"p","U:0","U:1","U:2","Ksl","Us:0","Us:1","Us:2","rho","voidfraction","Volume","Cell Type"
255.1,0.0034633,0.073788,3.7472,481.25,-0.026763,-0.013403,0.037648,1.21,0.94824,1.9629e-05,1
