"p","U:0","U:1","U:2","Ksl","Us:0","Us:1","Us:2","rho","voidfraction","Volume","Cell Type"
71.679,-0.0021994,-0.0047653,2.1587,6891.6,-0.00088813,0.00021508,0.00065992,1.21,0.64045,1.9629e-05,1
