"p","U:0","U:1","U:2","Ksl","Us:0","Us:1","Us:2","rho","voidfraction","Volume","Cell Type"
255.96,0.033118,-0.075036,3.8134,425.55,-0.0010048,-0.012286,-0.021449,1.21,0.95846,1.9629e-05,1
