"p","U:0","U:1","U:2","Ksl","Us:0","Us:1","Us:2","rho","voidfraction","Volume","Cell Type"
50.094,-0.00030988,-0.020179,1.7517,6445.2,-0.00013529,0.0011805,0.014725,1.21,0.63967,1.9629e-05,1
