"p","U:0","U:1","U:2","Ksl","Us:0","Us:1","Us:2","rho","voidfraction","Volume","Cell Type"
221.58,0.17766,0.12059,3.5695,1264.3,0.017927,-0.0084952,0.034362,1.21,0.88796,1.9629e-05,1
