"p","U:0","U:1","U:2","Ksl","Us:0","Us:1","Us:2","rho","voidfraction","Volume","Cell Type"
78.343,-0.0010488,-0.0033291,2.2574,6636.6,0.00034171,0.00030424,0.0026727,1.21,0.65221,1.9629e-05,1
