"p","U:0","U:1","U:2","Ksl","Us:0","Us:1","Us:2","rho","voidfraction","Volume","Cell Type"
126.11,-0.060772,0.82403,2.6574,3512.7,-0.0096778,0.16215,0.0031199,1.21,0.77258,1.9629e-05,1
