"p","U:0","U:1","U:2","Ksl","Us:0","Us:1","Us:2","rho","voidfraction","Volume","Cell Type"
236.92,0.0031797,-0.000429,3.9469,49.044,-0.00058035,-0.00033519,0.027309,1.21,0.9937,1.9629e-05,1
