"p","U:0","U:1","U:2","Ksl","Us:0","Us:1","Us:2","rho","voidfraction","Volume","Cell Type"
41.024,-0.0023239,-0.0005628,1.2951,6065.3,-0.00020116,1.7598e-05,0.0021428,1.21,0.62956,1.9629e-05,1
