"p","U:0","U:1","U:2","Ksl","Us:0","Us:1","Us:2","rho","voidfraction","Volume","Cell Type"
43.138,0.0050664,0.0038303,1.1867,6046,3.267e-05,-8.1079e-06,0.00097467,1.21,0.62892,1.9629e-05,1
