"p","U:0","U:1","U:2","Ksl","Us:0","Us:1","Us:2","rho","voidfraction","Volume","Cell Type"
60.815,-0.00026592,-0.039501,1.7778,6234.4,0.00021957,-8.0633e-06,0.022519,1.21,0.6414,1.9629e-05,1
