"p","U:0","U:1","U:2","Ksl","Us:0","Us:1","Us:2","rho","voidfraction","Volume","Cell Type"
239.19,-0.0028046,0.053214,3.8084,175.05,-0.0044257,0.0096732,0.0015625,1.21,0.98028,1.9629e-05,1
