"p","U:0","U:1","U:2","Ksl","Us:0","Us:1","Us:2","rho","voidfraction","Volume","Cell Type"
78.581,-0.00040025,-0.005751,2.2561,6634.7,-0.00017405,0.0001086,0.0024365,1.21,0.65254,1.9629e-05,1
