"p","U:0","U:1","U:2","Ksl","Us:0","Us:1","Us:2","rho","voidfraction","Volume","Cell Type"
249.08,0.0022122,-0.0011134,4.0741,18.277,-0.0013093,0.00025582,0.0054192,1.21,0.99767,1.9629e-05,1
