"p","U:0","U:1","U:2","Ksl","Us:0","Us:1","Us:2","rho","voidfraction","Volume","Cell Type"
28.143,-0.0016301,-0.0012543,0.92047,7412.5,1.894e-05,-1.4542e-05,0.00058239,1.21,0.62971,1.9629e-05,1
