"p","U:0","U:1","U:2","Ksl","Us:0","Us:1","Us:2","rho","voidfraction","Volume","Cell Type"
116.3,0.0014426,0.58172,2.6354,1512.5,0.04728,-0.0098509,0.012525,1.21,0.86318,1.9629e-05,1
