"p","U:0","U:1","U:2","Ksl","Us:0","Us:1","Us:2","rho","voidfraction","Volume","Cell Type"
59.203,0.022674,-0.012721,1.8574,6314.6,-0.00080594,0.00093137,0.0020602,1.21,0.64196,1.9629e-05,1
