"p","U:0","U:1","U:2","Ksl","Us:0","Us:1","Us:2","rho","voidfraction","Volume","Cell Type"
21.197,-0.0044017,-0.0044603,0.55311,8137.8,-1.3724e-05,7.4505e-05,0.0013067,1.21,0.63373,1.9629e-05,1
