"p","U:0","U:1","U:2","Ksl","Us:0","Us:1","Us:2","rho","voidfraction","Volume","Cell Type"
92.117,0.069084,0.019371,2.3457,3306.1,-0.0022131,0.0030963,0.030998,1.21,0.75774,1.9629e-05,1
