"p","U:0","U:1","U:2","Ksl","Us:0","Us:1","Us:2","rho","voidfraction","Volume","Cell Type"
35.996,0.0037099,0.0061533,1.1389,6153.7,1.7433e-05,0.00018027,0.0014065,1.21,0.62896,1.9629e-05,1
