"p","U:0","U:1","U:2","Ksl","Us:0","Us:1","Us:2","rho","voidfraction","Volume","Cell Type"
196.47,0.11492,0.15545,3.2554,1170.7,0.0019679,-0.073647,0.0075388,1.21,0.89507,1.9629e-05,1
