"p","U:0","U:1","U:2","Ksl","Us:0","Us:1","Us:2","rho","voidfraction","Volume","Cell Type"
45.387,-0.0026887,-0.00093047,1.4877,5953,-0.00033438,-0.00024789,-0.02621,1.21,0.63631,1.9629e-05,1
