"p","U:0","U:1","U:2","Ksl","Us:0","Us:1","Us:2","rho","voidfraction","Volume","Cell Type"
28.99,-0.0013431,-0.0028669,0.80749,7733.4,-9.5158e-05,0.00018168,-0.013879,1.21,0.63191,1.9629e-05,1
