"p","U:0","U:1","U:2","Ksl","Us:0","Us:1","Us:2","rho","voidfraction","Volume","Cell Type"
63.342,0.0019087,-0.012177,1.9554,6558.9,-0.0012176,0.0010336,0.00011498,1.21,0.64212,1.9629e-05,1
