"p","U:0","U:1","U:2","Ksl","Us:0","Us:1","Us:2","rho","voidfraction","Volume","Cell Type"
122.74,-0.017028,0.56736,2.6305,2324.1,-0.007766,0.085351,-0.00092175,1.21,0.81886,1.9629e-05,1
