"p","U:0","U:1","U:2","Ksl","Us:0","Us:1","Us:2","rho","voidfraction","Volume","Cell Type"
34.568,0.0013837,0.0014016,1.0907,6287.7,-5.7168e-05,0.00016978,0.0014069,1.21,0.629,1.9629e-05,1
