"p","U:0","U:1","U:2","Ksl","Us:0","Us:1","Us:2","rho","voidfraction","Volume","Cell Type"
87.265,-0.014668,0.0087575,2.3361,5224.3,0.00075368,0.00059733,0.0032141,1.21,0.69108,1.9629e-05,1
