"p","U:0","U:1","U:2","Ksl","Us:0","Us:1","Us:2","rho","voidfraction","Volume","Cell Type"
238.15,-0.018468,0.0073565,3.7836,290.83,-0.022473,0.034826,0.025634,1.21,0.96809,1.9629e-05,1
