"p","U:0","U:1","U:2","Ksl","Us:0","Us:1","Us:2","rho","voidfraction","Volume","Cell Type"
34.847,0.0017893,0.0019002,1.0909,6290.6,0.0002116,0.00020429,0.0012468,1.21,0.62893,1.9629e-05,1
