"p","U:0","U:1","U:2","Ksl","Us:0","Us:1","Us:2","rho","voidfraction","Volume","Cell Type"
246.87,0.0059989,0.086047,3.7378,464.88,0.012345,-0.0036295,0.022549,1.21,0.95134,1.9629e-05,1
