"p","U:0","U:1","U:2","Ksl","Us:0","Us:1","Us:2","rho","voidfraction","Volume","Cell Type"
84.372,-0.016855,0.018042,2.3222,5997,-0.00063583,0.003474,0.0017031,1.21,0.67072,1.9629e-05,1
