"p","U:0","U:1","U:2","Ksl","Us:0","Us:1","Us:2","rho","voidfraction","Volume","Cell Type"
29.974,-3.2346e-05,-0.0024706,0.93187,7557.3,3.6885e-05,-0.00010104,-0.00076335,1.21,0.63035,1.9629e-05,1
