"p","U:0","U:1","U:2","Ksl","Us:0","Us:1","Us:2","rho","voidfraction","Volume","Cell Type"
239.05,0.0044391,0.0023919,3.9897,32.634,0.0019118,0.0014624,0.012366,1.21,0.99583,1.9629e-05,1
