"p","U:0","U:1","U:2","Ksl","Us:0","Us:1","Us:2","rho","voidfraction","Volume","Cell Type"
48.64,-0.0080295,-0.0041674,1.6987,6492.9,0.00010369,0.00053006,-0.003433,1.21,0.63871,1.9629e-05,1
