"p","U:0","U:1","U:2","Ksl","Us:0","Us:1","Us:2","rho","voidfraction","Volume","Cell Type"
63.541,0.019328,-0.012247,1.9161,6433.4,-0.00083888,0.0011821,0.0025411,1.21,0.64046,1.9629e-05,1
