"p","U:0","U:1","U:2","Ksl","Us:0","Us:1","Us:2","rho","voidfraction","Volume","Cell Type"
276.88,0.0001475,-0.00033821,4.2886,10.225,0.00080469,-0.00043056,0.0075025,1.21,0.9987,1.9629e-05,1
