"p","U:0","U:1","U:2","Ksl","Us:0","Us:1","Us:2","rho","voidfraction","Volume","Cell Type"
46.142,-0.0052655,-0.00051956,1.489,6054.6,0.00039038,-0.00025342,-0.023459,1.21,0.6353,1.9629e-05,1
