"p","U:0","U:1","U:2","Ksl","Us:0","Us:1","Us:2","rho","voidfraction","Volume","Cell Type"
38.641,0.0012744,0.0010941,1.0886,6279,0.00014095,7.1659e-05,0.0013219,1.21,0.62906,1.9629e-05,1
