"p","U:0","U:1","U:2","Ksl","Us:0","Us:1","Us:2","rho","voidfraction","Volume","Cell Type"
36.566,0.0034974,-0.00087783,1.43,6169.8,-9.6958e-05,0.0012858,0.025106,1.21,0.6335,1.9629e-05,1
