"p","U:0","U:1","U:2","Ksl","Us:0","Us:1","Us:2","rho","voidfraction","Volume","Cell Type"
33.609,-0.0007166,0.00078232,1.0411,6412.8,-2.4964e-05,-7.1449e-05,0.00075968,1.21,0.6291,1.9629e-05,1
