"p","U:0","U:1","U:2","Ksl","Us:0","Us:1","Us:2","rho","voidfraction","Volume","Cell Type"
275.66,-0.019814,-0.046295,3.8682,260.05,-0.0010317,-0.00073101,0.03424,1.21,0.97085,1.9629e-05,1
