"p","U:0","U:1","U:2","Ksl","Us:0","Us:1","Us:2","rho","voidfraction","Volume","Cell Type"
266.95,0.0015294,0.00030671,4.2028,11.161,0.00044168,0.00043168,0.0054762,1.21,0.99858,1.9629e-05,1
