"p","U:0","U:1","U:2","Ksl","Us:0","Us:1","Us:2","rho","voidfraction","Volume","Cell Type"
266.03,0.00073196,-0.0019132,4.2028,12.518,-0.00037084,0.00043721,0.0016938,1.21,0.99841,1.9629e-05,1
