"p","U:0","U:1","U:2","Ksl","Us:0","Us:1","Us:2","rho","voidfraction","Volume","Cell Type"
62.958,0.0073866,-0.0064383,1.9618,6587.4,-0.0001181,0.00040158,0.001111,1.21,0.64095,1.9629e-05,1
