"p","U:0","U:1","U:2","Ksl","Us:0","Us:1","Us:2","rho","voidfraction","Volume","Cell Type"
80.885,-0.005109,0.0026727,2.2909,6489.8,-0.00081384,0.00031296,0.0018042,1.21,0.65894,1.9629e-05,1
