"p","U:0","U:1","U:2","Ksl","Us:0","Us:1","Us:2","rho","voidfraction","Volume","Cell Type"
245.37,0.0057668,-0.00093332,4.0316,23.263,0.0023752,-0.001419,0.0091431,1.21,0.99706,1.9629e-05,1
