"p","U:0","U:1","U:2","Ksl","Us:0","Us:1","Us:2","rho","voidfraction","Volume","Cell Type"
105.29,-0.012969,0.034484,2.364,3422.9,0.0084981,-0.00060964,0.038132,1.21,0.74945,1.9629e-05,1
