"p","U:0","U:1","U:2","Ksl","Us:0","Us:1","Us:2","rho","voidfraction","Volume","Cell Type"
201.46,0.42073,-0.017693,3.4104,1610,0.0023868,-0.0026865,0.031937,1.21,0.87485,1.9629e-05,1
