"p","U:0","U:1","U:2","Ksl","Us:0","Us:1","Us:2","rho","voidfraction","Volume","Cell Type"
241.08,0.00020057,0.018236,3.8816,127.51,-0.0014145,0.0074526,0.01063,1.21,0.9854,1.9629e-05,1
