"p","U:0","U:1","U:2","Ksl","Us:0","Us:1","Us:2","rho","voidfraction","Volume","Cell Type"
89.044,-0.054742,-0.039316,2.2744,3881,0.006199,-0.0013199,0.009486,1.21,0.73723,1.9629e-05,1
