"p","U:0","U:1","U:2","Ksl","Us:0","Us:1","Us:2","rho","voidfraction","Volume","Cell Type"
55.547,0.01064,-0.0050426,1.8036,6266.7,-0.00012722,0.00044191,0.010941,1.21,0.64158,1.9629e-05,1
