"p","U:0","U:1","U:2","Ksl","Us:0","Us:1","Us:2","rho","voidfraction","Volume","Cell Type"
250.95,-0.0023253,0.00018518,3.7962,333.88,-0.016259,0.028259,0.029602,1.21,0.96303,1.9629e-05,1
