"p","U:0","U:1","U:2","Ksl","Us:0","Us:1","Us:2","rho","voidfraction","Volume","Cell Type"
239.31,0.0041884,0.0018072,3.9679,31.483,-0.0010044,-0.0008781,0.010952,1.21,0.99594,1.9629e-05,1
