"p","U:0","U:1","U:2","Ksl","Us:0","Us:1","Us:2","rho","voidfraction","Volume","Cell Type"
233.86,0.047291,0.32218,3.6285,760.99,0.015616,0.076444,0.033746,1.21,0.92645,1.9629e-05,1
