"p","U:0","U:1","U:2","Ksl","Us:0","Us:1","Us:2","rho","voidfraction","Volume","Cell Type"
270.47,0.00042864,-0.00075183,4.2456,11.227,0.0014077,-0.00039412,0.00090742,1.21,0.99858,1.9629e-05,1
