"p","U:0","U:1","U:2","Ksl","Us:0","Us:1","Us:2","rho","voidfraction","Volume","Cell Type"
270.86,-0.027427,-0.078124,3.8782,304.41,-0.0099505,-0.054587,0.0097577,1.21,0.96741,1.9629e-05,1
