"p","U:0","U:1","U:2","Ksl","Us:0","Us:1","Us:2","rho","voidfraction","Volume","Cell Type"
20.284,-0.00048442,-0.0005498,0.74462,6960.9,-0.0001653,4.805e-05,-0.0019528,1.21,0.63205,1.9629e-05,1
