"p","U:0","U:1","U:2","Ksl","Us:0","Us:1","Us:2","rho","voidfraction","Volume","Cell Type"
84.376,-0.00023916,0.0037124,2.3204,6039.3,0.0012514,-0.00074746,0.0020345,1.21,0.66951,1.9629e-05,1
