"p","U:0","U:1","U:2","Ksl","Us:0","Us:1","Us:2","rho","voidfraction","Volume","Cell Type"
58.794,-0.0072355,-0.0086153,1.6782,6343.7,0.00063708,-0.00022027,-0.006797,1.21,0.63591,1.9629e-05,1
