"p","U:0","U:1","U:2","Ksl","Us:0","Us:1","Us:2","rho","voidfraction","Volume","Cell Type"
277.32,-0.00028074,-4.7494e-05,4.2885,9.9627,0.00026652,-0.00058395,0.0041676,1.21,0.99872,1.9629e-05,1
