"p","U:0","U:1","U:2","Ksl","Us:0","Us:1","Us:2","rho","voidfraction","Volume","Cell Type"
93.231,-0.0052984,-0.0091149,2.3392,3360.9,0.016293,0.010851,0.011788,1.21,0.75235,1.9629e-05,1
