"p","U:0","U:1","U:2","Ksl","Us:0","Us:1","Us:2","rho","voidfraction","Volume","Cell Type"
46.82,0.003122,-0.0078026,1.649,6287.8,0.00094166,0.00041002,-0.01413,1.21,0.63806,1.9629e-05,1
