"p","U:0","U:1","U:2","Ksl","Us:0","Us:1","Us:2","rho","voidfraction","Volume","Cell Type"
38.499,0.0046529,-0.0076019,1.4857,6199.7,-1.2522e-05,0.00017465,0.021909,1.21,0.63408,1.9629e-05,1
