"p","U:0","U:1","U:2","Ksl","Us:0","Us:1","Us:2","rho","voidfraction","Volume","Cell Type"
79.605,0.0030471,-0.00223,2.2594,6666.7,0.00039895,-0.00033637,0.0029219,1.21,0.65191,1.9629e-05,1
