"p","U:0","U:1","U:2","Ksl","Us:0","Us:1","Us:2","rho","voidfraction","Volume","Cell Type"
47.629,-0.0090809,4.6202e-05,1.5912,6065.9,0.00014167,-0.0006076,-0.021732,1.21,0.63905,1.9629e-05,1
