"p","U:0","U:1","U:2","Ksl","Us:0","Us:1","Us:2","rho","voidfraction","Volume","Cell Type"
65.817,0.00018309,-0.0064557,2.0119,6636.9,0.00025425,-0.00093589,0.0013984,1.21,0.64211,1.9629e-05,1
