"p","U:0","U:1","U:2","Ksl","Us:0","Us:1","Us:2","rho","voidfraction","Volume","Cell Type"
61.393,0.017273,-0.0114,1.9088,6394.4,-0.00065887,0.00012598,0.00032684,1.21,0.64224,1.9629e-05,1
