"p","U:0","U:1","U:2","Ksl","Us:0","Us:1","Us:2","rho","voidfraction","Volume","Cell Type"
32.379,-0.0010827,-0.0017775,1.039,6336.3,-0.00070972,-0.0002347,-0.00011513,1.21,0.62903,1.9629e-05,1
