"p","U:0","U:1","U:2","Ksl","Us:0","Us:1","Us:2","rho","voidfraction","Volume","Cell Type"
29.882,-0.00051115,-0.00055709,0.97439,7341.9,-1.0573e-06,-2.0296e-06,3.6359e-05,1.21,0.62947,1.9629e-05,1
