"p","U:0","U:1","U:2","Ksl","Us:0","Us:1","Us:2","rho","voidfraction","Volume","Cell Type"
28.925,-0.0035597,-0.0029261,0.88966,7498.2,0.00016297,1.1282e-05,0.018556,1.21,0.63151,1.9629e-05,1
