"p","U:0","U:1","U:2","Ksl","Us:0","Us:1","Us:2","rho","voidfraction","Volume","Cell Type"
51.608,0.010038,0.0071958,1.5203,6187.4,-0.00033254,0.00041489,0.022786,1.21,0.6344,1.9629e-05,1
