"p","U:0","U:1","U:2","Ksl","Us:0","Us:1","Us:2","rho","voidfraction","Volume","Cell Type"
71.692,-0.0037217,-0.0088491,2.1859,6915.5,-0.00061329,0.00024114,0.00075913,1.21,0.64094,1.9629e-05,1
