"p","U:0","U:1","U:2","Ksl","Us:0","Us:1","Us:2","rho","voidfraction","Volume","Cell Type"
255,0.0012247,-0.00097926,4.138,15.546,0.00044052,0.00016558,0.0056023,1.21,0.99804,1.9629e-05,1
