"p","U:0","U:1","U:2","Ksl","Us:0","Us:1","Us:2","rho","voidfraction","Volume","Cell Type"
50.349,0.0090741,0.0033123,1.7501,6479,-0.00064906,0.00016787,0.00095763,1.21,0.64138,1.9629e-05,1
