"p","U:0","U:1","U:2","Ksl","Us:0","Us:1","Us:2","rho","voidfraction","Volume","Cell Type"
95.807,0.045686,-0.050868,2.3156,3272.7,0.0027995,-0.005185,0.014789,1.21,0.75578,1.9629e-05,1
