"p","U:0","U:1","U:2","Ksl","Us:0","Us:1","Us:2","rho","voidfraction","Volume","Cell Type"
68.135,0.0013294,-0.0093036,2.0695,6747.9,-0.0013134,-0.00046956,0.0002006,1.21,0.64185,1.9629e-05,1
