"p","U:0","U:1","U:2","Ksl","Us:0","Us:1","Us:2","rho","voidfraction","Volume","Cell Type"
64.029,0.017486,-0.011243,1.858,6327.9,-0.00047996,0.00079591,0.0021099,1.21,0.64126,1.9629e-05,1
