"p","U:0","U:1","U:2","Ksl","Us:0","Us:1","Us:2","rho","voidfraction","Volume","Cell Type"
215.71,0.41838,0.0035783,3.5273,1570.3,0.041203,-0.051486,0.023586,1.21,0.8781,1.9629e-05,1
