"p","U:0","U:1","U:2","Ksl","Us:0","Us:1","Us:2","rho","voidfraction","Volume","Cell Type"
23.14,-0.0035123,-0.0040288,0.73351,7476.2,-9.6163e-05,0.00010232,0.026136,1.21,0.63232,1.9629e-05,1
