"p","U:0","U:1","U:2","Ksl","Us:0","Us:1","Us:2","rho","voidfraction","Volume","Cell Type"
253.82,0.0031588,-0.0004961,4.0741,18.362,0.00016704,-0.0011076,0.0071155,1.21,0.99768,1.9629e-05,1
