"p","U:0","U:1","U:2","Ksl","Us:0","Us:1","Us:2","rho","voidfraction","Volume","Cell Type"
63.468,0.00090799,-0.0052742,1.9587,6590.2,0.00010206,-0.00096996,0.00052751,1.21,0.64095,1.9629e-05,1
