"p","U:0","U:1","U:2","Ksl","Us:0","Us:1","Us:2","rho","voidfraction","Volume","Cell Type"
81.337,-0.0069913,0.0019261,2.3122,6716.1,-0.00038553,0.00023924,0.0035628,1.21,0.6522,1.9629e-05,1
