"p","U:0","U:1","U:2","Ksl","Us:0","Us:1","Us:2","rho","voidfraction","Volume","Cell Type"
36.157,0.0033751,0.0043514,1.1369,6142.4,0.00014764,0.00030643,0.0011366,1.21,0.62907,1.9629e-05,1
