"p","U:0","U:1","U:2","Ksl","Us:0","Us:1","Us:2","rho","voidfraction","Volume","Cell Type"
213.87,0.086336,0.61376,3.5352,1791.6,0.023629,0.072013,0.027624,1.21,0.87155,1.9629e-05,1
