"p","U:0","U:1","U:2","Ksl","Us:0","Us:1","Us:2","rho","voidfraction","Volume","Cell Type"
209.08,-0.17017,0.0011901,3.0366,1018.9,0.011882,-0.084773,0.015617,1.21,0.90242,1.9629e-05,1
