"p","U:0","U:1","U:2","Ksl","Us:0","Us:1","Us:2","rho","voidfraction","Volume","Cell Type"
57.699,0.017864,-0.0092016,1.8617,6404.4,-0.00083752,0.0010975,0.0018389,1.21,0.63987,1.9629e-05,1
