"p","U:0","U:1","U:2","Ksl","Us:0","Us:1","Us:2","rho","voidfraction","Volume","Cell Type"
33.733,-9.0161e-05,-0.00024863,1.0338,7163.4,-0.00046143,-0.00028495,0.00084027,1.21,0.62915,1.9629e-05,1
