"p","U:0","U:1","U:2","Ksl","Us:0","Us:1","Us:2","rho","voidfraction","Volume","Cell Type"
45.404,0.0024714,0.0036887,1.3737,6128.3,-0.00020067,0.00016197,0.0067976,1.21,0.63008,1.9629e-05,1
