"p","U:0","U:1","U:2","Ksl","Us:0","Us:1","Us:2","rho","voidfraction","Volume","Cell Type"
88.037,0.054226,-0.035429,2.2354,2685.9,0.0097618,0.0062123,0.0081927,1.21,0.78642,1.9629e-05,1
