"p","U:0","U:1","U:2","Ksl","Us:0","Us:1","Us:2","rho","voidfraction","Volume","Cell Type"
35.374,0.0015647,7.8407e-05,1.3349,6092.5,-0.0011391,0.0025069,-0.016181,1.21,0.63035,1.9629e-05,1
