"p","U:0","U:1","U:2","Ksl","Us:0","Us:1","Us:2","rho","voidfraction","Volume","Cell Type"
22.311,0.0006961,0.0006102,0.79875,6985,-9.9255e-05,-2.2667e-05,-0.0048156,1.21,0.63175,1.9629e-05,1
