"p","U:0","U:1","U:2","Ksl","Us:0","Us:1","Us:2","rho","voidfraction","Volume","Cell Type"
237.61,0.038835,0.14767,3.6528,856.24,0.042907,0.077886,0.052107,1.21,0.91846,1.9629e-05,1
