"p","U:0","U:1","U:2","Ksl","Us:0","Us:1","Us:2","rho","voidfraction","Volume","Cell Type"
261.41,0.00061711,-0.0015459,4.1599,13.711,-0.00039735,0.0012871,0.004586,1.21,0.99824,1.9629e-05,1
