"p","U:0","U:1","U:2","Ksl","Us:0","Us:1","Us:2","rho","voidfraction","Volume","Cell Type"
39.881,0.0014069,-0.0056226,1.4786,6119.8,8.4406e-05,0.00030534,0.031031,1.21,0.63527,1.9629e-05,1
