"p","U:0","U:1","U:2","Ksl","Us:0","Us:1","Us:2","rho","voidfraction","Volume","Cell Type"
66.209,0.00030352,-0.0079364,2.0087,6620.8,-0.00020047,-0.0011659,7.4159e-05,1.21,0.64281,1.9629e-05,1
