"p","U:0","U:1","U:2","Ksl","Us:0","Us:1","Us:2","rho","voidfraction","Volume","Cell Type"
29.916,-0.00048312,-0.00043539,0.97436,7342,1.5173e-05,8.3138e-06,1.2809e-06,1.21,0.62949,1.9629e-05,1
