"p","U:0","U:1","U:2","Ksl","Us:0","Us:1","Us:2","rho","voidfraction","Volume","Cell Type"
82.584,0.0019093,-0.0065741,2.308,6656.3,2.2553e-06,-0.00016527,0.0017463,1.21,0.65413,1.9629e-05,1
