"p","U:0","U:1","U:2","Ksl","Us:0","Us:1","Us:2","rho","voidfraction","Volume","Cell Type"
237.69,0.042278,0.023307,3.7247,576.02,0.0088792,0.04668,0.06798,1.21,0.93846,1.9629e-05,1
