"p","U:0","U:1","U:2","Ksl","Us:0","Us:1","Us:2","rho","voidfraction","Volume","Cell Type"
245.41,-0.010417,-0.0011812,3.7786,254.69,0.0034875,-0.016366,0.033623,1.21,0.97192,1.9629e-05,1
