"p","U:0","U:1","U:2","Ksl","Us:0","Us:1","Us:2","rho","voidfraction","Volume","Cell Type"
271.37,4.2081e-05,-0.00016163,4.2458,10.186,-0.00084692,-0.00033951,0.00041431,1.21,0.99869,1.9629e-05,1
