"p","U:0","U:1","U:2","Ksl","Us:0","Us:1","Us:2","rho","voidfraction","Volume","Cell Type"
25.016,-0.00060946,6.8725e-05,0.85612,7269.2,-0.00010992,-7.9671e-05,-0.016189,1.21,0.63153,1.9629e-05,1
