"p","U:0","U:1","U:2","Ksl","Us:0","Us:1","Us:2","rho","voidfraction","Volume","Cell Type"
33.901,-0.00041691,0.00053374,1.0322,6822.1,-0.00014513,0.00024208,4.5239e-05,1.21,0.62996,1.9629e-05,1
