"p","U:0","U:1","U:2","Ksl","Us:0","Us:1","Us:2","rho","voidfraction","Volume","Cell Type"
238.43,0.0035725,0.0017705,3.9129,90.401,0.0024172,-0.0041625,0.010898,1.21,0.98908,1.9629e-05,1
