"p","U:0","U:1","U:2","Ksl","Us:0","Us:1","Us:2","rho","voidfraction","Volume","Cell Type"
19.937,-0.0042542,-0.0032976,0.61471,7694.8,0.00011729,0.00010116,0.018504,1.21,0.63319,1.9629e-05,1
