"p","U:0","U:1","U:2","Ksl","Us:0","Us:1","Us:2","rho","voidfraction","Volume","Cell Type"
256.98,-0.021076,-0.069953,3.7265,407.42,-0.0083027,-0.0038422,0.02863,1.21,0.95588,1.9629e-05,1
