"p","U:0","U:1","U:2","Ksl","Us:0","Us:1","Us:2","rho","voidfraction","Volume","Cell Type"
269.43,0.0014316,-0.00029182,4.2456,10.791,0.00085702,-0.00029576,0.0089581,1.21,0.99864,1.9629e-05,1
