"p","U:0","U:1","U:2","Ksl","Us:0","Us:1","Us:2","rho","voidfraction","Volume","Cell Type"
43.381,0.0071938,-0.0040808,1.5928,6201.5,0.00023063,0.00062143,0.022087,1.21,0.63705,1.9629e-05,1
