"p","U:0","U:1","U:2","Ksl","Us:0","Us:1","Us:2","rho","voidfraction","Volume","Cell Type"
72.279,-0.0030425,-0.0049695,2.1857,6912.7,0.00030261,-0.0013884,0.00041735,1.21,0.641,1.9629e-05,1
