"p","U:0","U:1","U:2","Ksl","Us:0","Us:1","Us:2","rho","voidfraction","Volume","Cell Type"
40.103,0.0064626,-0.0045107,1.3848,5980.9,0.00041487,0.00010398,-0.027625,1.21,0.63349,1.9629e-05,1
