"p","U:0","U:1","U:2","Ksl","Us:0","Us:1","Us:2","rho","voidfraction","Volume","Cell Type"
250.81,0.0024648,-0.00076175,4.0742,19.491,1.089e-05,-9.0006e-05,0.0077939,1.21,0.99752,1.9629e-05,1
