"p","U:0","U:1","U:2","Ksl","Us:0","Us:1","Us:2","rho","voidfraction","Volume","Cell Type"
55.978,0.012883,-0.00801,1.8072,6315.2,-0.001085,0.00050789,0.0020502,1.21,0.6403,1.9629e-05,1
