"p","U:0","U:1","U:2","Ksl","Us:0","Us:1","Us:2","rho","voidfraction","Volume","Cell Type"
273.52,-0.00018122,-0.00016194,4.2884,10.41,-0.002113,-0.00088227,0.0054074,1.21,0.99868,1.9629e-05,1
