"p","U:0","U:1","U:2","Ksl","Us:0","Us:1","Us:2","rho","voidfraction","Volume","Cell Type"
42.838,0.013644,0.011269,1.4407,5985.8,0.00095475,0.00017308,0.03091,1.21,0.63314,1.9629e-05,1
