"p","U:0","U:1","U:2","Ksl","Us:0","Us:1","Us:2","rho","voidfraction","Volume","Cell Type"
38.199,0.0017423,0.00035009,1.241,6019.9,-6.0843e-05,-1.4292e-05,0.0018777,1.21,0.62913,1.9629e-05,1
