"p","U:0","U:1","U:2","Ksl","Us:0","Us:1","Us:2","rho","voidfraction","Volume","Cell Type"
43.078,-0.010505,-0.011167,1.5366,6255.4,0.00015411,0.00073693,-0.01609,1.21,0.63578,1.9629e-05,1
