"p","U:0","U:1","U:2","Ksl","Us:0","Us:1","Us:2","rho","voidfraction","Volume","Cell Type"
242.3,0.0012701,-0.0032008,3.9158,97.409,-0.00548,-0.00042449,0.021161,1.21,0.98852,1.9629e-05,1
