"p","U:0","U:1","U:2","Ksl","Us:0","Us:1","Us:2","rho","voidfraction","Volume","Cell Type"
37.547,0.00096187,0.0037969,1.1885,6049.8,-0.00010887,-4.2768e-05,0.0014479,1.21,0.62915,1.9629e-05,1
