"p","U:0","U:1","U:2","Ksl","Us:0","Us:1","Us:2","rho","voidfraction","Volume","Cell Type"
84.485,-0.0054185,0.00020272,2.2997,5884.3,-0.00069932,0.0012079,0.0020501,1.21,0.67316,1.9629e-05,1
