"p","U:0","U:1","U:2","Ksl","Us:0","Us:1","Us:2","rho","voidfraction","Volume","Cell Type"
180.81,0.0036335,1.0181,3.1347,2281.9,-0.0045812,0.28071,0.091434,1.21,0.83732,1.9629e-05,1
