"p","U:0","U:1","U:2","Ksl","Us:0","Us:1","Us:2","rho","voidfraction","Volume","Cell Type"
19.873,-0.0017935,-0.0010203,0.74416,6894.4,-0.00010763,-4.6216e-05,0.0057148,1.21,0.63208,1.9629e-05,1
