"p","U:0","U:1","U:2","Ksl","Us:0","Us:1","Us:2","rho","voidfraction","Volume","Cell Type"
260.98,0.023331,0.048954,3.902,403.94,0.017456,0.096788,0.057618,1.21,0.95686,1.9629e-05,1
