"p","U:0","U:1","U:2","Ksl","Us:0","Us:1","Us:2","rho","voidfraction","Volume","Cell Type"
68.172,0.00017472,-0.0059302,2.0662,6703.3,6.1177e-05,-0.0011954,-7.8126e-05,1.21,0.6429,1.9629e-05,1
