"p","U:0","U:1","U:2","Ksl","Us:0","Us:1","Us:2","rho","voidfraction","Volume","Cell Type"
263.74,0.034599,0.1999,3.8647,283.34,-0.00036954,0.014417,-0.012689,1.21,0.96967,1.9629e-05,1
