"p","U:0","U:1","U:2","Ksl","Us:0","Us:1","Us:2","rho","voidfraction","Volume","Cell Type"
70.089,-0.0053087,-0.0088641,2.1299,6849.7,-0.0012518,-7.978e-05,0.00063583,1.21,0.64069,1.9629e-05,1
