"p","U:0","U:1","U:2","Ksl","Us:0","Us:1","Us:2","rho","voidfraction","Volume","Cell Type"
82.393,-0.008025,-0.0060116,2.2585,6644.8,-0.0001282,0.00030825,0.0028247,1.21,0.65175,1.9629e-05,1
