"p","U:0","U:1","U:2","Ksl","Us:0","Us:1","Us:2","rho","voidfraction","Volume","Cell Type"
84.259,-0.0020671,0.014553,2.3292,5962.8,-0.00038108,0.0038637,0.0029108,1.21,0.6707,1.9629e-05,1
