"p","U:0","U:1","U:2","Ksl","Us:0","Us:1","Us:2","rho","voidfraction","Volume","Cell Type"
87.826,-0.0072174,0.010946,2.3636,5846.4,-0.0012768,-0.0020738,0.0021142,1.21,0.67422,1.9629e-05,1
