"p","U:0","U:1","U:2","Ksl","Us:0","Us:1","Us:2","rho","voidfraction","Volume","Cell Type"
43.215,-0.0018629,-0.0021196,1.3416,6021.8,8.5227e-05,0.00025132,0.0041031,1.21,0.62981,1.9629e-05,1
