"p","U:0","U:1","U:2","Ksl","Us:0","Us:1","Us:2","rho","voidfraction","Volume","Cell Type"
22.252,-0.00073096,-0.00033788,0.79779,7027.2,-0.0001824,-0.00011602,-0.0045978,1.21,0.63178,1.9629e-05,1
