"p","U:0","U:1","U:2","Ksl","Us:0","Us:1","Us:2","rho","voidfraction","Volume","Cell Type"
59.853,0.01762,-0.00020602,1.7616,6178.3,8.3306e-05,0.0011835,-0.010067,1.21,0.64162,1.9629e-05,1
