"p","U:0","U:1","U:2","Ksl","Us:0","Us:1","Us:2","rho","voidfraction","Volume","Cell Type"
259.26,-0.00019696,0.24572,3.7646,424.33,-0.0066003,0.0026947,0.018333,1.21,0.95484,1.9629e-05,1
