"p","U:0","U:1","U:2","Ksl","Us:0","Us:1","Us:2","rho","voidfraction","Volume","Cell Type"
37.413,0.0065505,0.0065628,1.1845,6074.7,6.7305e-05,0.00010194,0.0016481,1.21,0.62869,1.9629e-05,1
