"p","U:0","U:1","U:2","Ksl","Us:0","Us:1","Us:2","rho","voidfraction","Volume","Cell Type"
40.991,-0.0026279,-0.0012296,1.2949,6066.4,-0.00029126,-3.0578e-06,0.0013575,1.21,0.62953,1.9629e-05,1
