"p","U:0","U:1","U:2","Ksl","Us:0","Us:1","Us:2","rho","voidfraction","Volume","Cell Type"
153.68,-0.082233,0.48561,3.0111,1396.3,-0.036947,0.025347,0.0064097,1.21,0.87808,1.9629e-05,1
