"p","U:0","U:1","U:2","Ksl","Us:0","Us:1","Us:2","rho","voidfraction","Volume","Cell Type"
42.332,-0.0071322,-0.0063705,1.3416,6051.8,-0.00030302,8.969e-06,0.0017346,1.21,0.62985,1.9629e-05,1
