"p","U:0","U:1","U:2","Ksl","Us:0","Us:1","Us:2","rho","voidfraction","Volume","Cell Type"
123.53,0.082686,0.79216,2.5394,3676.6,0.012361,0.14071,0.0014522,1.21,0.76527,1.9629e-05,1
