"p","U:0","U:1","U:2","Ksl","Us:0","Us:1","Us:2","rho","voidfraction","Volume","Cell Type"
33.779,0.0037431,-0.00062796,1.0321,6310.9,-0.00014915,1.2651e-05,-0.0018614,1.21,0.62907,1.9629e-05,1
