"p","U:0","U:1","U:2","Ksl","Us:0","Us:1","Us:2","rho","voidfraction","Volume","Cell Type"
254.67,0.0014498,-0.00041055,4.1168,16.364,8.5014e-06,-0.0019634,0.010211,1.21,0.99791,1.9629e-05,1
