"p","U:0","U:1","U:2","Ksl","Us:0","Us:1","Us:2","rho","voidfraction","Volume","Cell Type"
278.24,-8.2726e-05,0.00055884,4.2888,8.7518,0.00091691,0.00056078,0.0028782,1.21,0.99885,1.9629e-05,1
