"p","U:0","U:1","U:2","Ksl","Us:0","Us:1","Us:2","rho","voidfraction","Volume","Cell Type"
43.618,-0.015809,-0.0070987,1.5912,6312.3,1.4385e-05,0.00021235,-0.0096035,1.21,0.63818,1.9629e-05,1
