"p","U:0","U:1","U:2","Ksl","Us:0","Us:1","Us:2","rho","voidfraction","Volume","Cell Type"
16.348,-0.0040411,-0.0037715,0.53225,7558.4,7.0498e-05,9.8271e-05,0.00035665,1.21,0.63373,1.9629e-05,1
