"p","U:0","U:1","U:2","Ksl","Us:0","Us:1","Us:2","rho","voidfraction","Volume","Cell Type"
16.896,-0.0039598,-0.0041855,0.53142,7741,-0.00011661,-9.8516e-05,-0.0020726,1.21,0.63364,1.9629e-05,1
