"p","U:0","U:1","U:2","Ksl","Us:0","Us:1","Us:2","rho","voidfraction","Volume","Cell Type"
162.67,-0.29168,0.44569,3.1185,1449.6,-0.0012403,0.016523,0.00051787,1.21,0.87804,1.9629e-05,1
