"p","U:0","U:1","U:2","Ksl","Us:0","Us:1","Us:2","rho","voidfraction","Volume","Cell Type"
243.45,0.12626,0.050783,3.6308,560.79,-0.022712,-0.0097794,0.034177,1.21,0.94041,1.9629e-05,1
