"p","U:0","U:1","U:2","Ksl","Us:0","Us:1","Us:2","rho","voidfraction","Volume","Cell Type"
38.506,0.0031931,0.0066586,1.2919,6017.9,-9.5742e-05,0.00010453,-0.0012393,1.21,0.6296,1.9629e-05,1
