"p","U:0","U:1","U:2","Ksl","Us:0","Us:1","Us:2","rho","voidfraction","Volume","Cell Type"
68.959,-0.0046731,-0.0048613,2.1303,6875.6,0.00023822,-0.00074673,0.0005501,1.21,0.64038,1.9629e-05,1
