"p","U:0","U:1","U:2","Ksl","Us:0","Us:1","Us:2","rho","voidfraction","Volume","Cell Type"
254.81,0.18025,0.40243,3.8849,541.9,-0.0037981,0.0024842,0.0068326,1.21,0.9465,1.9629e-05,1
