"p","U:0","U:1","U:2","Ksl","Us:0","Us:1","Us:2","rho","voidfraction","Volume","Cell Type"
68.013,0.00071804,-0.0066321,2.0661,6693.4,-3.1319e-06,-0.0013757,-4.6688e-05,1.21,0.64308,1.9629e-05,1
