"p","U:0","U:1","U:2","Ksl","Us:0","Us:1","Us:2","rho","voidfraction","Volume","Cell Type"
49.105,0.0007486,-0.03608,1.7551,6520,-0.00055556,0.00053513,-0.00016111,1.21,0.63991,1.9629e-05,1
