"p","U:0","U:1","U:2","Ksl","Us:0","Us:1","Us:2","rho","voidfraction","Volume","Cell Type"
36.973,0.0054509,0.0063608,1.1856,6033.5,0.00012614,0.00011292,0.0013295,1.21,0.62871,1.9629e-05,1
