"p","U:0","U:1","U:2","Ksl","Us:0","Us:1","Us:2","rho","voidfraction","Volume","Cell Type"
256.85,0.0017577,6.2428e-05,4.1167,15.475,-0.00042072,-0.0001063,0.0064601,1.21,0.99809,1.9629e-05,1
