"p","U:0","U:1","U:2","Ksl","Us:0","Us:1","Us:2","rho","voidfraction","Volume","Cell Type"
76.77,-0.0056332,0.0036044,2.1994,6434.6,-0.00022277,-0.0002032,0.0004681,1.21,0.65561,1.9629e-05,1
