"p","U:0","U:1","U:2","Ksl","Us:0","Us:1","Us:2","rho","voidfraction","Volume","Cell Type"
235.51,0.0032235,0.0011139,3.9471,40.801,-0.00024962,0.0046081,0.017354,1.21,0.99472,1.9629e-05,1
