"p","U:0","U:1","U:2","Ksl","Us:0","Us:1","Us:2","rho","voidfraction","Volume","Cell Type"
55.437,-0.016954,-0.01049,1.5943,6131.1,0.00045746,-0.00031988,-0.018665,1.21,0.63762,1.9629e-05,1
