"p","U:0","U:1","U:2","Ksl","Us:0","Us:1","Us:2","rho","voidfraction","Volume","Cell Type"
160.49,0.012177,0.57985,2.7401,2266.3,-0.0065493,0.083422,-0.022841,1.21,0.83286,1.9629e-05,1
