"p","U:0","U:1","U:2","Ksl","Us:0","Us:1","Us:2","rho","voidfraction","Volume","Cell Type"
32.883,-0.000236,0.00015351,1.0415,6416.4,0.00013855,0.00014895,0.00088213,1.21,0.62908,1.9629e-05,1
