"p","U:0","U:1","U:2","Ksl","Us:0","Us:1","Us:2","rho","voidfraction","Volume","Cell Type"
201.85,-0.097329,0.044819,3.3752,1220.7,0.034574,0.10811,0.084237,1.21,0.89031,1.9629e-05,1
