"p","U:0","U:1","U:2","Ksl","Us:0","Us:1","Us:2","rho","voidfraction","Volume","Cell Type"
33.742,-0.0046593,-0.0050639,1.3797,6263.2,0.0010162,0.0012511,0.010709,1.21,0.63269,1.9629e-05,1
