"p","U:0","U:1","U:2","Ksl","Us:0","Us:1","Us:2","rho","voidfraction","Volume","Cell Type"
252.92,-0.03908,0.022197,3.6926,465.49,-0.028693,0.0054921,0.030992,1.21,0.94963,1.9629e-05,1
