"p","U:0","U:1","U:2","Ksl","Us:0","Us:1","Us:2","rho","voidfraction","Volume","Cell Type"
68.222,0.0045869,-0.010103,2.0645,6701.6,0.00010778,0.00075241,0.0019581,1.21,0.64245,1.9629e-05,1
