"p","U:0","U:1","U:2","Ksl","Us:0","Us:1","Us:2","rho","voidfraction","Volume","Cell Type"
37.129,0.0062687,0.0058353,1.184,6068.3,-0.00023196,-0.00011392,0.0011391,1.21,0.62877,1.9629e-05,1
