"p","U:0","U:1","U:2","Ksl","Us:0","Us:1","Us:2","rho","voidfraction","Volume","Cell Type"
63.088,0.0082342,-0.0096093,1.9606,6564.6,-0.00043063,0.00013741,0.001133,1.21,0.64099,1.9629e-05,1
