"p","U:0","U:1","U:2","Ksl","Us:0","Us:1","Us:2","rho","voidfraction","Volume","Cell Type"
25.612,-0.0036869,-0.0031039,0.86809,7222.5,9.4614e-05,-1.7757e-05,0.019494,1.21,0.63132,1.9629e-05,1
