"p","U:0","U:1","U:2","Ksl","Us:0","Us:1","Us:2","rho","voidfraction","Volume","Cell Type"
253.22,0.0024246,-0.071716,3.7119,525.74,-0.010632,-0.0031631,0.016152,1.21,0.94692,1.9629e-05,1
