"p","U:0","U:1","U:2","Ksl","Us:0","Us:1","Us:2","rho","voidfraction","Volume","Cell Type"
268.55,-0.0055939,-0.0067428,3.8575,459.33,0.002884,0.064627,0.042355,1.21,0.95178,1.9629e-05,1
