"p","U:0","U:1","U:2","Ksl","Us:0","Us:1","Us:2","rho","voidfraction","Volume","Cell Type"
220.44,0.43457,0.0043775,3.5439,1477.4,0.061774,-0.039579,0.039399,1.21,0.88594,1.9629e-05,1
