"p","U:0","U:1","U:2","Ksl","Us:0","Us:1","Us:2","rho","voidfraction","Volume","Cell Type"
42.029,-0.0083832,-0.017523,1.5884,6459.3,0.00039034,-4.345e-05,0.00064033,1.21,0.63812,1.9629e-05,1
