"p","U:0","U:1","U:2","Ksl","Us:0","Us:1","Us:2","rho","voidfraction","Volume","Cell Type"
78.765,-0.0061629,-0.0049035,2.2552,6651.1,-0.00050461,0.00042496,0.0017484,1.21,0.65251,1.9629e-05,1
