"p","U:0","U:1","U:2","Ksl","Us:0","Us:1","Us:2","rho","voidfraction","Volume","Cell Type"
70.118,-0.0037878,-0.0077,2.1305,6851.9,-9.2122e-05,-0.00061109,0.00062957,1.21,0.64054,1.9629e-05,1
