"p","U:0","U:1","U:2","Ksl","Us:0","Us:1","Us:2","rho","voidfraction","Volume","Cell Type"
63.018,0.0060946,-0.0052358,1.959,6561.3,0.0012338,-0.00049977,0.00073264,1.21,0.64145,1.9629e-05,1
