"p","U:0","U:1","U:2","Ksl","Us:0","Us:1","Us:2","rho","voidfraction","Volume","Cell Type"
130.91,0.062005,0.60943,2.5809,1212.7,0.0065841,-0.0075202,0.034688,1.21,0.87902,1.9629e-05,1
