"p","U:0","U:1","U:2","Ksl","Us:0","Us:1","Us:2","rho","voidfraction","Volume","Cell Type"
191.99,0.10167,0.0023929,3.3781,796.58,-0.046994,0.017455,0.011744,1.21,0.91947,1.9629e-05,1
