"p","U:0","U:1","U:2","Ksl","Us:0","Us:1","Us:2","rho","voidfraction","Volume","Cell Type"
150.71,0.049789,-0.30899,2.9968,1179.3,0.036841,0.070591,0.0081615,1.21,0.8897,1.9629e-05,1
