"p","U:0","U:1","U:2","Ksl","Us:0","Us:1","Us:2","rho","voidfraction","Volume","Cell Type"
83.946,-0.0050443,0.026223,2.3276,6080.7,-0.00093054,-0.00028786,0.0024781,1.21,0.66922,1.9629e-05,1
