"p","U:0","U:1","U:2","Ksl","Us:0","Us:1","Us:2","rho","voidfraction","Volume","Cell Type"
72.715,-0.0088886,-0.0065525,2.1853,6920.8,-0.00039308,0.00039744,0.00071715,1.21,0.64106,1.9629e-05,1
