"p","U:0","U:1","U:2","Ksl","Us:0","Us:1","Us:2","rho","voidfraction","Volume","Cell Type"
237.1,0.0039241,0.0010069,3.9462,49.115,0.00016157,-9.8809e-05,0.024424,1.21,0.99371,1.9629e-05,1
