"p","U:0","U:1","U:2","Ksl","Us:0","Us:1","Us:2","rho","voidfraction","Volume","Cell Type"
57.235,0.01606,-0.0070549,1.858,6338.7,-0.00068317,0.0010778,0.0015168,1.21,0.64116,1.9629e-05,1
