"p","U:0","U:1","U:2","Ksl","Us:0","Us:1","Us:2","rho","voidfraction","Volume","Cell Type"
166.13,0.0041623,0.079358,3.0796,1678.8,0.049999,0.18136,0.071574,1.21,0.8601,1.9629e-05,1
