"p","U:0","U:1","U:2","Ksl","Us:0","Us:1","Us:2","rho","voidfraction","Volume","Cell Type"
173.14,0.12069,0.00096535,3.2134,1033.3,-0.045403,0.062375,0.035694,1.21,0.90152,1.9629e-05,1
