"p","U:0","U:1","U:2","Ksl","Us:0","Us:1","Us:2","rho","voidfraction","Volume","Cell Type"
239.12,0.0034362,-0.00080346,3.9886,26.474,0.00036057,-0.0014381,0.0012409,1.21,0.99663,1.9629e-05,1
