"p","U:0","U:1","U:2","Ksl","Us:0","Us:1","Us:2","rho","voidfraction","Volume","Cell Type"
21.196,-0.0041071,-0.0043309,0.55268,8162.2,1.0519e-05,-9.664e-07,0.0007054,1.21,0.63373,1.9629e-05,1
