"p","U:0","U:1","U:2","Ksl","Us:0","Us:1","Us:2","rho","voidfraction","Volume","Cell Type"
36.303,0.0073499,0.0050625,1.3806,6096.1,0.00063102,0.0016391,0.022783,1.21,0.63219,1.9629e-05,1
