"p","U:0","U:1","U:2","Ksl","Us:0","Us:1","Us:2","rho","voidfraction","Volume","Cell Type"
58.342,0.012919,-0.014515,1.7594,6180.9,-0.00045461,0.00019836,-0.01008,1.21,0.64005,1.9629e-05,1
