"p","U:0","U:1","U:2","Ksl","Us:0","Us:1","Us:2","rho","voidfraction","Volume","Cell Type"
269.58,-0.0026242,-0.003907,3.8664,265.74,-0.017991,-0.037667,0.045948,1.21,0.97019,1.9629e-05,1
