"p","U:0","U:1","U:2","Ksl","Us:0","Us:1","Us:2","rho","voidfraction","Volume","Cell Type"
271.32,0.0015744,-0.00041922,4.2459,11.066,0.00051113,-0.00027929,0.0026283,1.21,0.99858,1.9629e-05,1
