"p","U:0","U:1","U:2","Ksl","Us:0","Us:1","Us:2","rho","voidfraction","Volume","Cell Type"
72.328,-0.0031501,-0.0084833,2.1846,6922.7,-3.9904e-05,-0.001059,0.00035266,1.21,0.64118,1.9629e-05,1
