"p","U:0","U:1","U:2","Ksl","Us:0","Us:1","Us:2","rho","voidfraction","Volume","Cell Type"
54.766,-0.010769,0.0040834,1.6057,6101.5,-0.00022424,-0.0019392,-0.016043,1.21,0.63819,1.9629e-05,1
