"p","U:0","U:1","U:2","Ksl","Us:0","Us:1","Us:2","rho","voidfraction","Volume","Cell Type"
34.308,0.0013248,0.00066084,1.0896,6273.3,9.3174e-05,0.00019842,0.00067887,1.21,0.629,1.9629e-05,1
