"p","U:0","U:1","U:2","Ksl","Us:0","Us:1","Us:2","rho","voidfraction","Volume","Cell Type"
54.037,0.0025389,0.0034967,1.4111,6176.8,7.5565e-05,0.00066122,-0.02105,1.21,0.63163,1.9629e-05,1
