"p","U:0","U:1","U:2","Ksl","Us:0","Us:1","Us:2","rho","voidfraction","Volume","Cell Type"
34.887,0.00060984,-0.00048175,1.0903,6275.6,1.8016e-05,0.00015999,0.0012791,1.21,0.62896,1.9629e-05,1
