"p","U:0","U:1","U:2","Ksl","Us:0","Us:1","Us:2","rho","voidfraction","Volume","Cell Type"
87.615,-0.044675,0.0098041,2.3503,5501.2,-0.0016864,-0.00057282,0.0056914,1.21,0.68503,1.9629e-05,1
