"p","U:0","U:1","U:2","Ksl","Us:0","Us:1","Us:2","rho","voidfraction","Volume","Cell Type"
97.221,-0.073059,-0.030551,2.326,2801.1,0.026379,0.019044,0.00030619,1.21,0.78245,1.9629e-05,1
