"p","U:0","U:1","U:2","Ksl","Us:0","Us:1","Us:2","rho","voidfraction","Volume","Cell Type"
251.05,0.0016129,-0.00061939,4.0741,18.313,0.00023714,-0.0009493,0.0053821,1.21,0.9977,1.9629e-05,1
