"p","U:0","U:1","U:2","Ksl","Us:0","Us:1","Us:2","rho","voidfraction","Volume","Cell Type"
40.169,0.0053371,0.00015775,1.2946,6018.6,-4.2669e-05,-9.2544e-05,0.001605,1.21,0.62929,1.9629e-05,1
