"p","U:0","U:1","U:2","Ksl","Us:0","Us:1","Us:2","rho","voidfraction","Volume","Cell Type"
101.78,0.24905,0.66489,2.3902,2909.7,0.020941,0.069162,-0.0055497,1.21,0.79179,1.9629e-05,1
