"p","U:0","U:1","U:2","Ksl","Us:0","Us:1","Us:2","rho","voidfraction","Volume","Cell Type"
236.68,0.03778,-0.028513,3.6091,913.12,0.031414,0.027207,0.047124,1.21,0.91228,1.9629e-05,1
