"p","U:0","U:1","U:2","Ksl","Us:0","Us:1","Us:2","rho","voidfraction","Volume","Cell Type"
171.85,0.0029807,0.70187,3.2058,1701.3,-0.0039247,0.095327,0.017145,1.21,0.86776,1.9629e-05,1
