"p","U:0","U:1","U:2","Ksl","Us:0","Us:1","Us:2","rho","voidfraction","Volume","Cell Type"
43.405,0.0047967,0.0029221,1.2416,6014.3,0.00021442,1.6317e-06,0.00088361,1.21,0.62926,1.9629e-05,1
