"p","U:0","U:1","U:2","Ksl","Us:0","Us:1","Us:2","rho","voidfraction","Volume","Cell Type"
41.638,-0.0060793,-0.0053791,1.3434,6054.1,-0.00033688,-0.00011419,0.0018774,1.21,0.62979,1.9629e-05,1
