"p","U:0","U:1","U:2","Ksl","Us:0","Us:1","Us:2","rho","voidfraction","Volume","Cell Type"
62.948,0.0029376,-0.0067907,1.9587,6587.1,-0.0011597,-0.00050861,0.00033391,1.21,0.64146,1.9629e-05,1
