"p","U:0","U:1","U:2","Ksl","Us:0","Us:1","Us:2","rho","voidfraction","Volume","Cell Type"
126.07,-0.0040902,0.48274,2.6623,1541.7,0.010134,-0.034762,0.00072926,1.21,0.86717,1.9629e-05,1
