"p","U:0","U:1","U:2","Ksl","Us:0","Us:1","Us:2","rho","voidfraction","Volume","Cell Type"
234.89,0.003654,-1.7149e-05,3.9467,40.079,-0.0023798,-0.0020548,0.020658,1.21,0.99483,1.9629e-05,1
