"p","U:0","U:1","U:2","Ksl","Us:0","Us:1","Us:2","rho","voidfraction","Volume","Cell Type"
119.64,0.13527,0.3887,2.7323,1169.2,0.00058636,-0.031598,-0.0011955,1.21,0.89137,1.9629e-05,1
