"p","U:0","U:1","U:2","Ksl","Us:0","Us:1","Us:2","rho","voidfraction","Volume","Cell Type"
78.352,-0.0070485,-0.0072548,2.2564,6662.3,-0.00070094,0.00018861,0.0017217,1.21,0.65196,1.9629e-05,1
