"p","U:0","U:1","U:2","Ksl","Us:0","Us:1","Us:2","rho","voidfraction","Volume","Cell Type"
57.643,0.015206,-0.010009,1.8614,6433.2,-0.00083344,0.00056241,0.0014198,1.21,0.63973,1.9629e-05,1
