"p","U:0","U:1","U:2","Ksl","Us:0","Us:1","Us:2","rho","voidfraction","Volume","Cell Type"
45.771,0.0046147,0.0026788,1.3716,6168.5,-0.0013365,0.0021718,-0.013712,1.21,0.63038,1.9629e-05,1
