"p","U:0","U:1","U:2","Ksl","Us:0","Us:1","Us:2","rho","voidfraction","Volume","Cell Type"
241.14,-0.021467,0.060245,3.8249,435.67,-0.016434,0.063282,0.039776,1.21,0.95343,1.9629e-05,1
