"p","U:0","U:1","U:2","Ksl","Us:0","Us:1","Us:2","rho","voidfraction","Volume","Cell Type"
234.53,0.011072,0.0044372,3.7606,357.61,0.011451,-0.02511,0.037414,1.21,0.96122,1.9629e-05,1
