"p","U:0","U:1","U:2","Ksl","Us:0","Us:1","Us:2","rho","voidfraction","Volume","Cell Type"
96.972,0.15767,0.13409,2.4084,3901.3,-0.0096129,0.00071337,0.015215,1.21,0.73501,1.9629e-05,1
