"p","U:0","U:1","U:2","Ksl","Us:0","Us:1","Us:2","rho","voidfraction","Volume","Cell Type"
238.34,0.0026416,-0.00010673,3.9889,27.77,-0.0012644,0.0020223,0.020052,1.21,0.99645,1.9629e-05,1
