"p","U:0","U:1","U:2","Ksl","Us:0","Us:1","Us:2","rho","voidfraction","Volume","Cell Type"
81.391,0.00081986,0.0070392,2.2959,6538.5,-0.0006142,0.00051012,0.0015605,1.21,0.65748,1.9629e-05,1
