"p","U:0","U:1","U:2","Ksl","Us:0","Us:1","Us:2","rho","voidfraction","Volume","Cell Type"
32.495,-0.00034435,0.0003985,1.0405,6422.4,0.00022791,3.3732e-05,0.00078689,1.21,0.62919,1.9629e-05,1
