"p","U:0","U:1","U:2","Ksl","Us:0","Us:1","Us:2","rho","voidfraction","Volume","Cell Type"
240.05,0.001994,-0.001185,3.8993,114.11,-0.0035053,0.007003,0.018052,1.21,0.98662,1.9629e-05,1
