"p","U:0","U:1","U:2","Ksl","Us:0","Us:1","Us:2","rho","voidfraction","Volume","Cell Type"
267.69,0.00022288,-0.00047211,4.2457,10.169,0.00034989,-0.00040247,0.0036731,1.21,0.99871,1.9629e-05,1
