"p","U:0","U:1","U:2","Ksl","Us:0","Us:1","Us:2","rho","voidfraction","Volume","Cell Type"
59.894,0.0022305,0.0039934,1.6767,6378.8,-7.2339e-05,0.001139,-0.0018255,1.21,0.63673,1.9629e-05,1
