"p","U:0","U:1","U:2","Ksl","Us:0","Us:1","Us:2","rho","voidfraction","Volume","Cell Type"
40.886,-0.0020612,-0.00030242,1.294,6055.5,5.3252e-05,-0.00018321,0.0019561,1.21,0.62945,1.9629e-05,1
