"p","U:0","U:1","U:2","Ksl","Us:0","Us:1","Us:2","rho","voidfraction","Volume","Cell Type"
98.921,-0.00070916,-0.078294,2.3326,2733.7,0.046786,-0.0031199,0.025515,1.21,0.78343,1.9629e-05,1
