"p","U:0","U:1","U:2","Ksl","Us:0","Us:1","Us:2","rho","voidfraction","Volume","Cell Type"
57.82,0.00079048,0.0069535,1.6204,6247.7,-0.0014313,0.00034162,0.0060078,1.21,0.6371,1.9629e-05,1
