"p","U:0","U:1","U:2","Ksl","Us:0","Us:1","Us:2","rho","voidfraction","Volume","Cell Type"
234.25,0.0047967,0.0010463,3.9466,34.507,-0.0013262,0.00041888,0.0092374,1.21,0.99556,1.9629e-05,1
