"p","U:0","U:1","U:2","Ksl","Us:0","Us:1","Us:2","rho","voidfraction","Volume","Cell Type"
246.36,-0.0030986,0.035239,3.6855,587.18,-0.00052374,0.058461,0.058999,1.21,0.93718,1.9629e-05,1
