"p","U:0","U:1","U:2","Ksl","Us:0","Us:1","Us:2","rho","voidfraction","Volume","Cell Type"
240.37,0.0031523,0.001987,3.9894,32.573,0.0030002,-0.0010726,0.023671,1.21,0.99584,1.9629e-05,1
