"p","U:0","U:1","U:2","Ksl","Us:0","Us:1","Us:2","rho","voidfraction","Volume","Cell Type"
152.55,0.083089,-0.18271,3.1041,1171.2,-0.0088771,0.030295,0.007375,1.21,0.89297,1.9629e-05,1
