"p","U:0","U:1","U:2","Ksl","Us:0","Us:1","Us:2","rho","voidfraction","Volume","Cell Type"
65.715,0.0052407,-0.013605,2.0096,6600.8,-0.00013307,-0.00034156,0.00065623,1.21,0.64247,1.9629e-05,1
