"p","U:0","U:1","U:2","Ksl","Us:0","Us:1","Us:2","rho","voidfraction","Volume","Cell Type"
70.495,-0.0036189,-0.0072347,2.1305,6873.8,0.00020108,-0.0013497,0.00022276,1.21,0.64043,1.9629e-05,1
