"p","U:0","U:1","U:2","Ksl","Us:0","Us:1","Us:2","rho","voidfraction","Volume","Cell Type"
57.894,0.014615,0.0072026,1.7565,6171,-1.6419e-05,0.00065723,-0.010585,1.21,0.64089,1.9629e-05,1
