"p","U:0","U:1","U:2","Ksl","Us:0","Us:1","Us:2","rho","voidfraction","Volume","Cell Type"
38.727,0.0035823,0.0014334,1.2393,6054.1,0.00013591,9.2703e-05,0.0010946,1.21,0.62923,1.9629e-05,1
