"p","U:0","U:1","U:2","Ksl","Us:0","Us:1","Us:2","rho","voidfraction","Volume","Cell Type"
61.198,0.0081205,-0.010207,1.9059,6472.5,0.00059333,-0.0009981,0.00069533,1.21,0.64131,1.9629e-05,1
