"p","U:0","U:1","U:2","Ksl","Us:0","Us:1","Us:2","rho","voidfraction","Volume","Cell Type"
240.69,0.074941,0.017428,3.6693,710.9,0.067623,-0.006499,0.056696,1.21,0.92939,1.9629e-05,1
