"p","U:0","U:1","U:2","Ksl","Us:0","Us:1","Us:2","rho","voidfraction","Volume","Cell Type"
254.12,0.0022547,-0.00093428,4.1168,16.526,0.0006706,-0.00037294,0.0057025,1.21,0.99789,1.9629e-05,1
