"p","U:0","U:1","U:2","Ksl","Us:0","Us:1","Us:2","rho","voidfraction","Volume","Cell Type"
34.439,1.5112e-05,0.00056127,1.0367,6551.4,1.3034e-05,0.00014875,0.0012321,1.21,0.62906,1.9629e-05,1
