"p","U:0","U:1","U:2","Ksl","Us:0","Us:1","Us:2","rho","voidfraction","Volume","Cell Type"
270.92,0.00061184,-0.00023817,4.2458,10.057,-1.5175e-05,-0.00030231,0.0024073,1.21,0.99871,1.9629e-05,1
