"p","U:0","U:1","U:2","Ksl","Us:0","Us:1","Us:2","rho","voidfraction","Volume","Cell Type"
64.665,0.012078,-0.0067921,1.8607,6437.9,-0.00063315,0.0012043,0.0021834,1.21,0.63965,1.9629e-05,1
