"p","U:0","U:1","U:2","Ksl","Us:0","Us:1","Us:2","rho","voidfraction","Volume","Cell Type"
269.81,0.00062744,-0.00022029,4.2453,10.284,-0.00074639,-0.0004545,0.0031385,1.21,0.99868,1.9629e-05,1
