"p","U:0","U:1","U:2","Ksl","Us:0","Us:1","Us:2","rho","voidfraction","Volume","Cell Type"
215.5,0.013322,0.088855,3.4002,731.64,0.0056034,-0.050003,0.049174,1.21,0.92408,1.9629e-05,1
