"p","U:0","U:1","U:2","Ksl","Us:0","Us:1","Us:2","rho","voidfraction","Volume","Cell Type"
31.899,-0.0023002,-0.0031915,0.90034,7762.5,7.3682e-05,-5.6776e-05,0.0027636,1.21,0.63162,1.9629e-05,1
