"p","U:0","U:1","U:2","Ksl","Us:0","Us:1","Us:2","rho","voidfraction","Volume","Cell Type"
245.97,0.0056855,-0.041828,3.7937,316.54,0.0085509,-0.048387,0.027865,1.21,0.9662,1.9629e-05,1
