"p","U:0","U:1","U:2","Ksl","Us:0","Us:1","Us:2","rho","voidfraction","Volume","Cell Type"
64.496,-0.0035653,-0.0061717,2.006,6645.8,-0.00057,-0.00027837,0.00040337,1.21,0.64272,1.9629e-05,1
