"p","U:0","U:1","U:2","Ksl","Us:0","Us:1","Us:2","rho","voidfraction","Volume","Cell Type"
61.238,0.0034047,-0.0037661,1.7232,6302.6,4.162e-05,0.00037214,0.015656,1.21,0.63989,1.9629e-05,1
