"p","U:0","U:1","U:2","Ksl","Us:0","Us:1","Us:2","rho","voidfraction","Volume","Cell Type"
62.952,-0.00015092,-0.0047088,1.9592,6601.2,-0.00029259,0.0013066,0.00062427,1.21,0.64072,1.9629e-05,1
