"p","U:0","U:1","U:2","Ksl","Us:0","Us:1","Us:2","rho","voidfraction","Volume","Cell Type"
29.929,-0.00066203,-0.00091246,0.97434,7341.6,-6.4385e-06,-6.2557e-06,3.1981e-05,1.21,0.62948,1.9629e-05,1
