"p","U:0","U:1","U:2","Ksl","Us:0","Us:1","Us:2","rho","voidfraction","Volume","Cell Type"
97.643,0.18145,0.34454,2.3899,3279.2,-0.014616,0.0011608,0.0057639,1.21,0.76595,1.9629e-05,1
