"p","U:0","U:1","U:2","Ksl","Us:0","Us:1","Us:2","rho","voidfraction","Volume","Cell Type"
24.596,-0.00036264,-0.00077573,0.85295,7197.4,-0.00012173,-0.00013357,-0.013642,1.21,0.63153,1.9629e-05,1
