"p","U:0","U:1","U:2","Ksl","Us:0","Us:1","Us:2","rho","voidfraction","Volume","Cell Type"
102.87,-0.13588,0.057616,2.3467,4050.2,-0.0081528,0.00058415,0.034039,1.21,0.72383,1.9629e-05,1
