"p","U:0","U:1","U:2","Ksl","Us:0","Us:1","Us:2","rho","voidfraction","Volume","Cell Type"
35.8,0.0065999,0.0073516,1.1373,6159.8,0.00025982,0.00036406,0.0013506,1.21,0.62891,1.9629e-05,1
