"p","U:0","U:1","U:2","Ksl","Us:0","Us:1","Us:2","rho","voidfraction","Volume","Cell Type"
248.57,0.0010783,-0.00028428,4.074,17.415,0.00063613,0.0008995,0.0044565,1.21,0.9978,1.9629e-05,1
