"p","U:0","U:1","U:2","Ksl","Us:0","Us:1","Us:2","rho","voidfraction","Volume","Cell Type"
29.409,-0.00036077,-0.0014875,0.92524,7508.6,-0.00012575,-6.3981e-05,-0.0095928,1.21,0.63095,1.9629e-05,1
