"p","U:0","U:1","U:2","Ksl","Us:0","Us:1","Us:2","rho","voidfraction","Volume","Cell Type"
271.88,0.0015234,-0.00058546,4.2457,11.645,-0.00065078,0.00053499,0.0042003,1.21,0.99855,1.9629e-05,1
