"p","U:0","U:1","U:2","Ksl","Us:0","Us:1","Us:2","rho","voidfraction","Volume","Cell Type"
130.76,0.19333,0.36843,2.7721,1457.6,-0.0052955,0.0088556,0.006109,1.21,0.87054,1.9629e-05,1
