"p","U:0","U:1","U:2","Ksl","Us:0","Us:1","Us:2","rho","voidfraction","Volume","Cell Type"
62.796,0.0054904,-0.0085099,1.9604,6528.6,0.00024942,-0.00087782,0.00029666,1.21,0.64142,1.9629e-05,1
