"p","U:0","U:1","U:2","Ksl","Us:0","Us:1","Us:2","rho","voidfraction","Volume","Cell Type"
64.469,0.00064255,-0.0078566,2.0106,6649.7,-0.00026687,0.00036188,0.0010249,1.21,0.64216,1.9629e-05,1
