"p","U:0","U:1","U:2","Ksl","Us:0","Us:1","Us:2","rho","voidfraction","Volume","Cell Type"
83.798,0.0027038,-0.0055257,2.3217,5929,0.00081778,-0.0022044,0.0013849,1.21,0.67134,1.9629e-05,1
