"p","U:0","U:1","U:2","Ksl","Us:0","Us:1","Us:2","rho","voidfraction","Volume","Cell Type"
128.5,0.012511,0.36481,2.6582,1718.8,0.0081114,-0.090093,0.056057,1.21,0.84757,1.9629e-05,1
