"p","U:0","U:1","U:2","Ksl","Us:0","Us:1","Us:2","rho","voidfraction","Volume","Cell Type"
46.583,0.00097877,-0.00078332,1.6503,6217.7,-3.4922e-05,-6.422e-06,0.019948,1.21,0.63774,1.9629e-05,1
