"p","U:0","U:1","U:2","Ksl","Us:0","Us:1","Us:2","rho","voidfraction","Volume","Cell Type"
36.65,0.0050314,0.0052238,1.1358,6135,-2.0939e-06,0.0001215,0.001162,1.21,0.62894,1.9629e-05,1
