"p","U:0","U:1","U:2","Ksl","Us:0","Us:1","Us:2","rho","voidfraction","Volume","Cell Type"
35.778,-0.0076145,-0.010218,1.3789,6260.6,0.00072285,0.00074143,-0.014139,1.21,0.63262,1.9629e-05,1
