"p","U:0","U:1","U:2","Ksl","Us:0","Us:1","Us:2","rho","voidfraction","Volume","Cell Type"
31.295,-0.0031827,-0.0035535,0.80252,7988.3,1.6729e-05,3.9169e-06,0.0077264,1.21,0.6321,1.9629e-05,1
