"p","U:0","U:1","U:2","Ksl","Us:0","Us:1","Us:2","rho","voidfraction","Volume","Cell Type"
53.176,-0.0036853,0.0061227,1.5592,6172.8,-0.00034039,-0.0010384,-0.019851,1.21,0.63632,1.9629e-05,1
