"p","U:0","U:1","U:2","Ksl","Us:0","Us:1","Us:2","rho","voidfraction","Volume","Cell Type"
250.41,0.18872,0.42618,3.7066,711.61,-0.0041473,0.0015337,0.0073574,1.21,0.9332,1.9629e-05,1
