"p","U:0","U:1","U:2","Ksl","Us:0","Us:1","Us:2","rho","voidfraction","Volume","Cell Type"
237.02,0.0036044,0.0011797,3.9471,49.171,0.002506,0.00207,0.016669,1.21,0.99366,1.9629e-05,1
