"p","U:0","U:1","U:2","Ksl","Us:0","Us:1","Us:2","rho","voidfraction","Volume","Cell Type"
267.7,0.0015415,0.00030531,4.2028,11.302,0.00045219,0.00010698,0.0048747,1.21,0.99857,1.9629e-05,1
