"p","U:0","U:1","U:2","Ksl","Us:0","Us:1","Us:2","rho","voidfraction","Volume","Cell Type"
64.946,0.0049593,-0.0090663,2.0102,6606.1,-0.00030107,0.00052678,0.0012613,1.21,0.6425,1.9629e-05,1
