"p","U:0","U:1","U:2","Ksl","Us:0","Us:1","Us:2","rho","voidfraction","Volume","Cell Type"
87.131,0.024827,-0.041482,2.2644,2972.8,0.020865,0.0027544,0.010575,1.21,0.77221,1.9629e-05,1
