"p","U:0","U:1","U:2","Ksl","Us:0","Us:1","Us:2","rho","voidfraction","Volume","Cell Type"
77.773,-0.0069701,-0.005367,2.1912,6433,-0.00041335,-0.00048906,0.0010744,1.21,0.65608,1.9629e-05,1
