"p","U:0","U:1","U:2","Ksl","Us:0","Us:1","Us:2","rho","voidfraction","Volume","Cell Type"
183.44,-0.13102,0.57068,3.2674,1374.9,0.048028,-0.0096568,0.0055749,1.21,0.88833,1.9629e-05,1
