"p","U:0","U:1","U:2","Ksl","Us:0","Us:1","Us:2","rho","voidfraction","Volume","Cell Type"
249.94,0.00061787,-0.0012925,4.0739,17.868,-0.0018702,0.00065069,0.0047858,1.21,0.99774,1.9629e-05,1
