"p","U:0","U:1","U:2","Ksl","Us:0","Us:1","Us:2","rho","voidfraction","Volume","Cell Type"
40.986,0.0089645,0.005822,1.351,6029.3,0.00011562,0.0003627,0.015525,1.21,0.63003,1.9629e-05,1
