"p","U:0","U:1","U:2","Ksl","Us:0","Us:1","Us:2","rho","voidfraction","Volume","Cell Type"
65.412,-0.00087794,-0.0032089,2.0087,6623.6,0.00048268,0.00019719,0.00024476,1.21,0.64248,1.9629e-05,1
