"p","U:0","U:1","U:2","Ksl","Us:0","Us:1","Us:2","rho","voidfraction","Volume","Cell Type"
29.838,-0.00076201,-0.00075368,0.97445,7341,-2.8804e-06,-2.9117e-06,-0.0002572,1.21,0.62959,1.9629e-05,1
