"p","U:0","U:1","U:2","Ksl","Us:0","Us:1","Us:2","rho","voidfraction","Volume","Cell Type"
94.397,-0.097527,-0.017863,2.2886,3189.4,-0.0011388,0.0020703,0.032727,1.21,0.76133,1.9629e-05,1
