"p","U:0","U:1","U:2","Ksl","Us:0","Us:1","Us:2","rho","voidfraction","Volume","Cell Type"
39.786,0.0043553,0.0083257,1.2921,6003.7,-0.00020315,-3.3161e-06,0.00049708,1.21,0.62953,1.9629e-05,1
