"p","U:0","U:1","U:2","Ksl","Us:0","Us:1","Us:2","rho","voidfraction","Volume","Cell Type"
38.484,0.0020209,0.0012358,1.2424,6027.9,3.6461e-05,1.5491e-05,0.0013852,1.21,0.62943,1.9629e-05,1
