"p","U:0","U:1","U:2","Ksl","Us:0","Us:1","Us:2","rho","voidfraction","Volume","Cell Type"
254.06,-0.0088197,0.094563,3.8966,203.99,-0.0020988,0.01398,-0.0097583,1.21,0.9777,1.9629e-05,1
