"p","U:0","U:1","U:2","Ksl","Us:0","Us:1","Us:2","rho","voidfraction","Volume","Cell Type"
211.04,0.0050677,-0.097943,3.4556,787.11,0.00091916,-0.089622,0.039074,1.21,0.92279,1.9629e-05,1
