"p","U:0","U:1","U:2","Ksl","Us:0","Us:1","Us:2","rho","voidfraction","Volume","Cell Type"
73.792,-0.006472,-0.0058916,2.2393,6972.8,3.2001e-05,-0.00088541,0.00091988,1.21,0.64162,1.9629e-05,1
