"p","U:0","U:1","U:2","Ksl","Us:0","Us:1","Us:2","rho","voidfraction","Volume","Cell Type"
263.84,-0.019202,-0.09121,3.9033,245.39,0.0021466,-0.0033624,0.031179,1.21,0.97251,1.9629e-05,1
