"p","U:0","U:1","U:2","Ksl","Us:0","Us:1","Us:2","rho","voidfraction","Volume","Cell Type"
60.785,0.0029606,-0.0088262,1.9024,6465.9,-8.3282e-05,-0.00058198,-0.00014839,1.21,0.64153,1.9629e-05,1
