"p","U:0","U:1","U:2","Ksl","Us:0","Us:1","Us:2","rho","voidfraction","Volume","Cell Type"
60.699,-0.00049845,0.0033205,1.7191,6241.7,0.00034745,0.00019812,-0.009151,1.21,0.63895,1.9629e-05,1
