"p","U:0","U:1","U:2","Ksl","Us:0","Us:1","Us:2","rho","voidfraction","Volume","Cell Type"
160.91,-0.0093383,-0.42433,3.1274,1280.5,0.015169,-0.023453,0.0008967,1.21,0.88469,1.9629e-05,1
