"p","U:0","U:1","U:2","Ksl","Us:0","Us:1","Us:2","rho","voidfraction","Volume","Cell Type"
28.399,-0.003951,-0.0035883,0.67602,8267.9,1.8282e-05,1.2176e-05,-0.0055768,1.21,0.63271,1.9629e-05,1
