"p","U:0","U:1","U:2","Ksl","Us:0","Us:1","Us:2","rho","voidfraction","Volume","Cell Type"
69.839,-0.002024,-0.0097157,2.1292,6837.8,-0.0011649,-0.00082029,0.00032671,1.21,0.6408,1.9629e-05,1
