"p","U:0","U:1","U:2","Ksl","Us:0","Us:1","Us:2","rho","voidfraction","Volume","Cell Type"
42.768,-0.01188,-0.014316,1.4832,6111.1,0.0014918,-0.00080527,-0.020134,1.21,0.63495,1.9629e-05,1
