"p","U:0","U:1","U:2","Ksl","Us:0","Us:1","Us:2","rho","voidfraction","Volume","Cell Type"
269.33,0.00030327,0.0001722,4.2456,10.016,0.0003048,-0.00049711,0.0048935,1.21,0.9987,1.9629e-05,1
