"p","U:0","U:1","U:2","Ksl","Us:0","Us:1","Us:2","rho","voidfraction","Volume","Cell Type"
103.96,0.0060952,-0.58784,2.4901,1534.2,-0.0036016,0.031894,0.0013071,1.21,0.86572,1.9629e-05,1
