"p","U:0","U:1","U:2","Ksl","Us:0","Us:1","Us:2","rho","voidfraction","Volume","Cell Type"
58.075,0.020368,-0.010672,1.8599,6324.2,-0.00086856,0.00066604,0.0027166,1.21,0.64135,1.9629e-05,1
