"p","U:0","U:1","U:2","Ksl","Us:0","Us:1","Us:2","rho","voidfraction","Volume","Cell Type"
240.28,0.0028958,0.0022656,3.9895,31.849,-0.0010597,0.0019335,0.0095412,1.21,0.99591,1.9629e-05,1
