"p","U:0","U:1","U:2","Ksl","Us:0","Us:1","Us:2","rho","voidfraction","Volume","Cell Type"
84.235,0.005841,-0.0056029,2.1977,6533.3,-0.00069366,3.106e-05,0.00069038,1.21,0.65384,1.9629e-05,1
