"p","U:0","U:1","U:2","Ksl","Us:0","Us:1","Us:2","rho","voidfraction","Volume","Cell Type"
89.576,0.010468,0.00028176,2.3262,4960.9,0.0035492,-0.0041202,0.019901,1.21,0.6961,1.9629e-05,1
