"p","U:0","U:1","U:2","Ksl","Us:0","Us:1","Us:2","rho","voidfraction","Volume","Cell Type"
245.82,0.0026454,0.0012799,4.0313,23.103,-0.0014768,0.0013542,0.011719,1.21,0.99706,1.9629e-05,1
