"p","U:0","U:1","U:2","Ksl","Us:0","Us:1","Us:2","rho","voidfraction","Volume","Cell Type"
25.925,-0.0039218,-0.0033042,0.74599,7739.9,-2.2854e-05,7.1102e-05,0.023759,1.21,0.63232,1.9629e-05,1
