"p","U:0","U:1","U:2","Ksl","Us:0","Us:1","Us:2","rho","voidfraction","Volume","Cell Type"
27.758,-0.0041589,-0.0036386,0.75134,7900.8,-0.00013435,4.374e-05,0.020524,1.21,0.6322,1.9629e-05,1
