"p","U:0","U:1","U:2","Ksl","Us:0","Us:1","Us:2","rho","voidfraction","Volume","Cell Type"
167.78,0.37648,0.71348,3.0756,3007.2,0.039567,0.076898,0.0077423,1.21,0.80676,1.9629e-05,1
