"p","U:0","U:1","U:2","Ksl","Us:0","Us:1","Us:2","rho","voidfraction","Volume","Cell Type"
62.914,-0.00023943,-0.0044261,1.9584,6569.2,-0.00030718,-0.0011752,0.0010643,1.21,0.64138,1.9629e-05,1
