"p","U:0","U:1","U:2","Ksl","Us:0","Us:1","Us:2","rho","voidfraction","Volume","Cell Type"
99.564,0.063306,0.40817,2.3879,1728,0.015095,-0.0042773,-0.024102,1.21,0.85424,1.9629e-05,1
