"p","U:0","U:1","U:2","Ksl","Us:0","Us:1","Us:2","rho","voidfraction","Volume","Cell Type"
65.685,0.00069404,-0.0053654,2.0115,6642.2,-0.00035079,0.00046606,0.00041782,1.21,0.64244,1.9629e-05,1
