"p","U:0","U:1","U:2","Ksl","Us:0","Us:1","Us:2","rho","voidfraction","Volume","Cell Type"
54.987,0.0069123,-0.0096438,1.9089,6524,0.0004779,-0.00028398,0.001439,1.21,0.63993,1.9629e-05,1
