"p","U:0","U:1","U:2","Ksl","Us:0","Us:1","Us:2","rho","voidfraction","Volume","Cell Type"
251.7,0.022173,-0.077576,3.7654,377.78,-0.0016319,0.0061718,0.021743,1.21,0.95855,1.9629e-05,1
