"p","U:0","U:1","U:2","Ksl","Us:0","Us:1","Us:2","rho","voidfraction","Volume","Cell Type"
90.389,-0.092901,-0.014399,2.2521,3007.4,-0.011208,0.0094639,-0.0068082,1.21,0.76944,1.9629e-05,1
