"p","U:0","U:1","U:2","Ksl","Us:0","Us:1","Us:2","rho","voidfraction","Volume","Cell Type"
29.971,-0.00095458,-0.00063882,0.97455,7349.1,6.6866e-06,-1.3474e-05,-0.00025251,1.21,0.62965,1.9629e-05,1
