"p","U:0","U:1","U:2","Ksl","Us:0","Us:1","Us:2","rho","voidfraction","Volume","Cell Type"
67.552,-0.00059732,-0.0075257,2.0731,6794,0.00012397,-0.0008224,0.00044294,1.21,0.64066,1.9629e-05,1
