"p","U:0","U:1","U:2","Ksl","Us:0","Us:1","Us:2","rho","voidfraction","Volume","Cell Type"
36.286,0.003693,0.0052769,1.1378,6192.2,9.4113e-05,0.0003256,0.0021982,1.21,0.62881,1.9629e-05,1
