"p","U:0","U:1","U:2","Ksl","Us:0","Us:1","Us:2","rho","voidfraction","Volume","Cell Type"
240.64,0.0016525,0.0001818,3.9894,29.986,0.0013682,-0.0021187,0.012044,1.21,0.99619,1.9629e-05,1
