"p","U:0","U:1","U:2","Ksl","Us:0","Us:1","Us:2","rho","voidfraction","Volume","Cell Type"
239.48,-0.00091381,0.0086117,3.8764,123.45,-0.0038424,0.021228,0.028239,1.21,0.98541,1.9629e-05,1
