"p","U:0","U:1","U:2","Ksl","Us:0","Us:1","Us:2","rho","voidfraction","Volume","Cell Type"
239.02,-0.0021258,0.020454,3.8127,208.63,-0.0013322,0.049865,0.029353,1.21,0.97636,1.9629e-05,1
