"p","U:0","U:1","U:2","Ksl","Us:0","Us:1","Us:2","rho","voidfraction","Volume","Cell Type"
54.659,-0.0014532,-0.00034801,1.5222,6176.3,0.00049111,-0.00011911,-0.013747,1.21,0.63517,1.9629e-05,1
