"p","U:0","U:1","U:2","Ksl","Us:0","Us:1","Us:2","rho","voidfraction","Volume","Cell Type"
203.76,-0.0056449,0.031449,3.433,868.65,0.0059278,0.10861,0.05194,1.21,0.91558,1.9629e-05,1
