"p","U:0","U:1","U:2","Ksl","Us:0","Us:1","Us:2","rho","voidfraction","Volume","Cell Type"
138.36,0.070833,0.38928,2.9374,1417.4,-0.012298,-0.0082302,0.0027646,1.21,0.87786,1.9629e-05,1
