"p","U:0","U:1","U:2","Ksl","Us:0","Us:1","Us:2","rho","voidfraction","Volume","Cell Type"
245.58,0.003738,8.9446e-05,4.0319,25.077,0.00055842,0.0014815,0.0014657,1.21,0.99679,1.9629e-05,1
