"p","U:0","U:1","U:2","Ksl","Us:0","Us:1","Us:2","rho","voidfraction","Volume","Cell Type"
29.912,-0.00053026,-0.00058005,0.97438,7341.4,-4.2866e-06,4.9143e-06,4.0234e-05,1.21,0.62952,1.9629e-05,1
