"p","U:0","U:1","U:2","Ksl","Us:0","Us:1","Us:2","rho","voidfraction","Volume","Cell Type"
37.989,-0.0060277,-0.013347,1.4853,6366.3,0.00017028,1.6667e-05,-0.0024042,1.21,0.63543,1.9629e-05,1
