"p","U:0","U:1","U:2","Ksl","Us:0","Us:1","Us:2","rho","voidfraction","Volume","Cell Type"
68.532,0.00063305,-0.0086849,2.0696,6743.3,-0.0014658,-0.00022914,-1.3018e-05,1.21,0.64196,1.9629e-05,1
