"p","U:0","U:1","U:2","Ksl","Us:0","Us:1","Us:2","rho","voidfraction","Volume","Cell Type"
240.28,0.0028664,-0.0002508,3.9893,26.65,-0.0025205,0.00039895,0.010617,1.21,0.99658,1.9629e-05,1
