"p","U:0","U:1","U:2","Ksl","Us:0","Us:1","Us:2","rho","voidfraction","Volume","Cell Type"
42.538,-0.0047248,-0.012517,1.5951,6472.5,0.00056827,-0.00043393,0.0064111,1.21,0.63697,1.9629e-05,1
