"p","U:0","U:1","U:2","Ksl","Us:0","Us:1","Us:2","rho","voidfraction","Volume","Cell Type"
40.136,-7.0333e-05,0.0016002,1.2934,6067.4,6.9365e-05,0.00018749,-0.0013833,1.21,0.62957,1.9629e-05,1
