"p","U:0","U:1","U:2","Ksl","Us:0","Us:1","Us:2","rho","voidfraction","Volume","Cell Type"
65.265,0.00013272,-0.0073655,2.0085,6583.8,-0.00029333,-0.00063316,-4.3427e-05,1.21,0.64288,1.9629e-05,1
