"p","U:0","U:1","U:2","Ksl","Us:0","Us:1","Us:2","rho","voidfraction","Volume","Cell Type"
237.29,0.0012125,0.0079549,3.9089,81.224,-0.00010236,0.0055845,0.017702,1.21,0.98991,1.9629e-05,1
