"p","U:0","U:1","U:2","Ksl","Us:0","Us:1","Us:2","rho","voidfraction","Volume","Cell Type"
41.08,-0.0023602,-0.0040852,1.5374,6333.5,0.00039422,-2.8208e-05,0.017778,1.21,0.63625,1.9629e-05,1
