"p","U:0","U:1","U:2","Ksl","Us:0","Us:1","Us:2","rho","voidfraction","Volume","Cell Type"
184.64,-0.0042095,-0.44989,3.0554,1296.8,0.031838,0.017559,0.016328,1.21,0.88533,1.9629e-05,1
