"p","U:0","U:1","U:2","Ksl","Us:0","Us:1","Us:2","rho","voidfraction","Volume","Cell Type"
236.42,-0.015816,-0.038531,3.7845,468.57,-0.0070903,-0.052547,0.043275,1.21,0.95153,1.9629e-05,1
