"p","U:0","U:1","U:2","Ksl","Us:0","Us:1","Us:2","rho","voidfraction","Volume","Cell Type"
56.605,0.0089697,-0.0096376,1.9074,6483,-0.0012874,-0.00042878,0.00069411,1.21,0.6407,1.9629e-05,1
