"p","U:0","U:1","U:2","Ksl","Us:0","Us:1","Us:2","rho","voidfraction","Volume","Cell Type"
245.28,0.0040963,-0.0027649,4.0315,23.736,-0.0025659,-0.00094691,0.012137,1.21,0.99699,1.9629e-05,1
