"p","U:0","U:1","U:2","Ksl","Us:0","Us:1","Us:2","rho","voidfraction","Volume","Cell Type"
180.19,0.093625,0.29827,3.2906,1049,0.0022601,-0.044003,0.0087118,1.21,0.90325,1.9629e-05,1
