"p","U:0","U:1","U:2","Ksl","Us:0","Us:1","Us:2","rho","voidfraction","Volume","Cell Type"
264.29,0.00043503,-0.0014967,4.2028,12.401,0.00041802,-0.00030194,0.0021982,1.21,0.99841,1.9629e-05,1
