"p","U:0","U:1","U:2","Ksl","Us:0","Us:1","Us:2","rho","voidfraction","Volume","Cell Type"
35.647,0.0051863,0.0071994,1.1364,6147.2,0.00021954,0.00047761,0.00070907,1.21,0.62895,1.9629e-05,1
