"p","U:0","U:1","U:2","Ksl","Us:0","Us:1","Us:2","rho","voidfraction","Volume","Cell Type"
105.58,-0.0063252,0.45051,2.436,1828.4,0.0038841,-0.097288,0.019329,1.21,0.83676,1.9629e-05,1
