"p","U:0","U:1","U:2","Ksl","Us:0","Us:1","Us:2","rho","voidfraction","Volume","Cell Type"
45.599,-0.0015449,-0.0031487,1.6499,6351.6,0.0001922,0.00062692,0.018183,1.21,0.63705,1.9629e-05,1
