"p","U:0","U:1","U:2","Ksl","Us:0","Us:1","Us:2","rho","voidfraction","Volume","Cell Type"
94.975,-0.044389,0.072982,2.2529,3059.3,-0.001202,0.0053464,0.050163,1.21,0.76154,1.9629e-05,1
