"p","U:0","U:1","U:2","Ksl","Us:0","Us:1","Us:2","rho","voidfraction","Volume","Cell Type"
24.251,-0.0032384,-0.0041778,0.56265,8559.3,1.0701e-05,4.0497e-05,0.0058102,1.21,0.63355,1.9629e-05,1
