"p","U:0","U:1","U:2","Ksl","Us:0","Us:1","Us:2","rho","voidfraction","Volume","Cell Type"
37.063,0.0028118,0.00034145,1.4309,6185.8,0.0013938,-0.00016803,0.023358,1.21,0.63364,1.9629e-05,1
