"p","U:0","U:1","U:2","Ksl","Us:0","Us:1","Us:2","rho","voidfraction","Volume","Cell Type"
230.77,0.0015779,0.0034037,3.8105,194.16,-0.0016652,0.033628,0.028962,1.21,0.97812,1.9629e-05,1
