"p","U:0","U:1","U:2","Ksl","Us:0","Us:1","Us:2","rho","voidfraction","Volume","Cell Type"
78.321,-0.0025182,-0.0049033,2.2568,6623.5,-0.00026458,4.6184e-05,0.0024288,1.21,0.65273,1.9629e-05,1
