"p","U:0","U:1","U:2","Ksl","Us:0","Us:1","Us:2","rho","voidfraction","Volume","Cell Type"
54.073,0.004443,0.0021493,1.5339,6182.1,0.00010835,0.00056259,0.0077873,1.21,0.635,1.9629e-05,1
