"p","U:0","U:1","U:2","Ksl","Us:0","Us:1","Us:2","rho","voidfraction","Volume","Cell Type"
67.139,0.00089002,-0.0074069,2.0604,6641.5,-0.00083251,0.00097893,0.00042122,1.21,0.64456,1.9629e-05,1
