"p","U:0","U:1","U:2","Ksl","Us:0","Us:1","Us:2","rho","voidfraction","Volume","Cell Type"
249.29,0.0020866,-0.0007878,4.074,19.896,-0.00053907,0.00032043,0.011211,1.21,0.99749,1.9629e-05,1
