"p","U:0","U:1","U:2","Ksl","Us:0","Us:1","Us:2","rho","voidfraction","Volume","Cell Type"
51.576,0.0043623,-0.0041189,1.6381,6223.1,-0.00070585,0.0006908,0.029539,1.21,0.6346,1.9629e-05,1
