"p","U:0","U:1","U:2","Ksl","Us:0","Us:1","Us:2","rho","voidfraction","Volume","Cell Type"
35.762,0.0054879,-0.0029855,1.4282,6250.5,0.00063135,0.00089281,0.02041,1.21,0.63437,1.9629e-05,1
