"p","U:0","U:1","U:2","Ksl","Us:0","Us:1","Us:2","rho","voidfraction","Volume","Cell Type"
253.58,0.0036274,-0.064147,3.7946,332.69,-0.012406,0.020265,0.026436,1.21,0.96361,1.9629e-05,1
