"p","U:0","U:1","U:2","Ksl","Us:0","Us:1","Us:2","rho","voidfraction","Volume","Cell Type"
238.17,-0.0023447,0.0083888,3.8082,192.37,-0.0022041,-0.010382,0.028394,1.21,0.97837,1.9629e-05,1
