"p","U:0","U:1","U:2","Ksl","Us:0","Us:1","Us:2","rho","voidfraction","Volume","Cell Type"
68.316,0.00028651,-0.0086667,2.0703,6761.3,6.1238e-05,-0.0013555,-3.3822e-05,1.21,0.64154,1.9629e-05,1
