"p","U:0","U:1","U:2","Ksl","Us:0","Us:1","Us:2","rho","voidfraction","Volume","Cell Type"
241.07,0.0022768,-0.00081683,3.9891,26.884,-0.00060556,0.0013149,0.0090008,1.21,0.99656,1.9629e-05,1
