"p","U:0","U:1","U:2","Ksl","Us:0","Us:1","Us:2","rho","voidfraction","Volume","Cell Type"
69.969,-0.0044398,-0.0096191,2.1853,6919.4,0.00045517,-0.001504,0.00062637,1.21,0.64083,1.9629e-05,1
