"p","U:0","U:1","U:2","Ksl","Us:0","Us:1","Us:2","rho","voidfraction","Volume","Cell Type"
161.11,0.070896,0.66137,3.1262,2462,0.0042224,0.17532,0.028218,1.21,0.82455,1.9629e-05,1
