"p","U:0","U:1","U:2","Ksl","Us:0","Us:1","Us:2","rho","voidfraction","Volume","Cell Type"
63.384,0.0041517,-0.0076147,1.9586,6538,8.8188e-05,-0.0010299,0.00020716,1.21,0.64169,1.9629e-05,1
