"p","U:0","U:1","U:2","Ksl","Us:0","Us:1","Us:2","rho","voidfraction","Volume","Cell Type"
235.43,0.0034534,0.00073058,3.9465,39.076,-0.0025705,0.00012211,0.024995,1.21,0.99497,1.9629e-05,1
