"p","U:0","U:1","U:2","Ksl","Us:0","Us:1","Us:2","rho","voidfraction","Volume","Cell Type"
61.661,-0.0020469,-0.0044364,1.7238,6284.1,0.00014733,-0.00028789,-0.00019887,1.21,0.6398,1.9629e-05,1
