"p","U:0","U:1","U:2","Ksl","Us:0","Us:1","Us:2","rho","voidfraction","Volume","Cell Type"
241.67,0.0020157,-0.0043895,3.9173,102.17,-0.0069,0.00051124,0.020464,1.21,0.98812,1.9629e-05,1
