"p","U:0","U:1","U:2","Ksl","Us:0","Us:1","Us:2","rho","voidfraction","Volume","Cell Type"
60.374,0.0079699,-0.0071282,1.9086,6479.9,-0.00044751,0.00011612,0.001204,1.21,0.64061,1.9629e-05,1
