"p","U:0","U:1","U:2","Ksl","Us:0","Us:1","Us:2","rho","voidfraction","Volume","Cell Type"
64.583,-0.0055839,-0.012128,2.2296,6915.8,-0.0010999,-4.5875e-06,0.0015617,1.21,0.64384,1.9629e-05,1
