"p","U:0","U:1","U:2","Ksl","Us:0","Us:1","Us:2","rho","voidfraction","Volume","Cell Type"
235.57,0.0036278,0.00046619,3.9477,48.428,1.7701e-05,0.0033771,0.022217,1.21,0.99377,1.9629e-05,1
