"p","U:0","U:1","U:2","Ksl","Us:0","Us:1","Us:2","rho","voidfraction","Volume","Cell Type"
23.538,-0.00010003,0.00078176,0.75645,7399.2,8.0283e-05,-6.9845e-06,-0.021121,1.21,0.63203,1.9629e-05,1
