"p","U:0","U:1","U:2","Ksl","Us:0","Us:1","Us:2","rho","voidfraction","Volume","Cell Type"
28.474,-0.0041035,-0.0035344,0.67592,8275.3,-0.00010071,3.0184e-05,-0.0060604,1.21,0.63286,1.9629e-05,1
