"p","U:0","U:1","U:2","Ksl","Us:0","Us:1","Us:2","rho","voidfraction","Volume","Cell Type"
87.844,9.3299e-05,-0.0068294,2.3303,5138.6,-0.0022578,-0.0073961,0.0088045,1.21,0.69675,1.9629e-05,1
