"p","U:0","U:1","U:2","Ksl","Us:0","Us:1","Us:2","rho","voidfraction","Volume","Cell Type"
235.08,0.013136,0.016461,3.682,565.32,0.0082113,0.039754,0.064087,1.21,0.93937,1.9629e-05,1
