"p","U:0","U:1","U:2","Ksl","Us:0","Us:1","Us:2","rho","voidfraction","Volume","Cell Type"
29.904,-0.00030503,-0.00044284,0.97429,7340.9,-5.0063e-06,-6.1956e-06,0.00011269,1.21,0.62959,1.9629e-05,1
