"p","U:0","U:1","U:2","Ksl","Us:0","Us:1","Us:2","rho","voidfraction","Volume","Cell Type"
86.463,0.010155,0.099149,2.2305,3196.8,-0.0076744,-0.0069464,0.019703,1.21,0.7622,1.9629e-05,1
