"p","U:0","U:1","U:2","Ksl","Us:0","Us:1","Us:2","rho","voidfraction","Volume","Cell Type"
254.22,0.0011,-0.0010651,4.1168,17.651,0.00052697,0.00070887,0.010862,1.21,0.99777,1.9629e-05,1
