"p","U:0","U:1","U:2","Ksl","Us:0","Us:1","Us:2","rho","voidfraction","Volume","Cell Type"
16.883,-0.0038781,-0.0033192,0.58487,7428.2,5.1188e-06,-0.00012927,0.00070185,1.21,0.63313,1.9629e-05,1
