"p","U:0","U:1","U:2","Ksl","Us:0","Us:1","Us:2","rho","voidfraction","Volume","Cell Type"
235.99,-0.0063646,0.059093,3.7986,324.92,0.0070849,0.051882,-0.024719,1.21,0.96719,1.9629e-05,1
