"p","U:0","U:1","U:2","Ksl","Us:0","Us:1","Us:2","rho","voidfraction","Volume","Cell Type"
66.805,-0.0047287,-0.0033816,2.06,6660.1,-0.00053225,-0.00059799,0.00030717,1.21,0.64398,1.9629e-05,1
