"p","U:0","U:1","U:2","Ksl","Us:0","Us:1","Us:2","rho","voidfraction","Volume","Cell Type"
61.231,0.0085319,-0.0089751,1.7725,6288.5,-0.00012333,0.0011902,0.0043824,1.21,0.63906,1.9629e-05,1
