"p","U:0","U:1","U:2","Ksl","Us:0","Us:1","Us:2","rho","voidfraction","Volume","Cell Type"
46.785,-0.013148,0.0026629,1.6498,6304,-0.00081224,0.00045962,-0.011331,1.21,0.63672,1.9629e-05,1
