"p","U:0","U:1","U:2","Ksl","Us:0","Us:1","Us:2","rho","voidfraction","Volume","Cell Type"
160.34,0.045423,0.33294,3.0175,1111.9,0.0041877,-0.083192,0.030437,1.21,0.89285,1.9629e-05,1
