"p","U:0","U:1","U:2","Ksl","Us:0","Us:1","Us:2","rho","voidfraction","Volume","Cell Type"
222.17,-0.098806,0.14595,3.4858,675.65,0.045812,0.0059057,0.04611,1.21,0.92768,1.9629e-05,1
