"p","U:0","U:1","U:2","Ksl","Us:0","Us:1","Us:2","rho","voidfraction","Volume","Cell Type"
87.279,-0.11101,0.010754,2.353,5096,-0.0084194,0.0040024,0.0061426,1.21,0.69526,1.9629e-05,1
