"p","U:0","U:1","U:2","Ksl","Us:0","Us:1","Us:2","rho","voidfraction","Volume","Cell Type"
53.518,0.012873,0.019078,1.7512,6319.9,-0.00041308,0.00068493,-0.010787,1.21,0.64127,1.9629e-05,1
