"p","U:0","U:1","U:2","Ksl","Us:0","Us:1","Us:2","rho","voidfraction","Volume","Cell Type"
72.376,-0.0022754,-0.0079355,2.1853,6915.4,6.176e-05,-0.0015694,0.00050115,1.21,0.64105,1.9629e-05,1
