"p","U:0","U:1","U:2","Ksl","Us:0","Us:1","Us:2","rho","voidfraction","Volume","Cell Type"
36.292,-0.0037009,-0.014409,1.4267,6291.8,-0.00010368,0.00018932,-0.014118,1.21,0.63499,1.9629e-05,1
