"p","U:0","U:1","U:2","Ksl","Us:0","Us:1","Us:2","rho","voidfraction","Volume","Cell Type"
40.136,0.0059335,0.0069793,1.3439,6017.1,-0.00028772,-7.6993e-05,0.0030699,1.21,0.62953,1.9629e-05,1
