"p","U:0","U:1","U:2","Ksl","Us:0","Us:1","Us:2","rho","voidfraction","Volume","Cell Type"
261.56,0.00048445,-0.0013704,4.16,13.876,0.00034004,-0.00080469,0.0082077,1.21,0.99822,1.9629e-05,1
