"p","U:0","U:1","U:2","Ksl","Us:0","Us:1","Us:2","rho","voidfraction","Volume","Cell Type"
251.56,0.0018023,-0.00022542,4.0739,17.675,0.0011174,0.00070187,0.0077627,1.21,0.99773,1.9629e-05,1
