"p","U:0","U:1","U:2","Ksl","Us:0","Us:1","Us:2","rho","voidfraction","Volume","Cell Type"
255.05,0.0021528,4.6733e-05,4.1172,16.443,0.00068693,-0.00053184,0.0027701,1.21,0.99788,1.9629e-05,1
