"p","U:0","U:1","U:2","Ksl","Us:0","Us:1","Us:2","rho","voidfraction","Volume","Cell Type"
60.606,0.020017,-0.0095699,1.8605,6432.7,-0.00079869,0.0010177,0.0018921,1.21,0.63981,1.9629e-05,1
