"p","U:0","U:1","U:2","Ksl","Us:0","Us:1","Us:2","rho","voidfraction","Volume","Cell Type"
53.376,-0.0033585,0.014721,1.7006,6166.3,0.00030582,0.00019522,-0.017876,1.21,0.63947,1.9629e-05,1
