"p","U:0","U:1","U:2","Ksl","Us:0","Us:1","Us:2","rho","voidfraction","Volume","Cell Type"
44.673,-0.014058,-0.0049832,1.6474,6412.9,0.00013971,0.00088808,-0.0081769,1.21,0.63745,1.9629e-05,1
