"p","U:0","U:1","U:2","Ksl","Us:0","Us:1","Us:2","rho","voidfraction","Volume","Cell Type"
37.723,0.0073808,0.0079898,1.184,6098.3,0.00046069,0.00025897,0.0021853,1.21,0.62877,1.9629e-05,1
