"p","U:0","U:1","U:2","Ksl","Us:0","Us:1","Us:2","rho","voidfraction","Volume","Cell Type"
235.93,0.0032988,0.00090379,3.9467,41.952,-0.0017299,-0.0018518,0.019523,1.21,0.99459,1.9629e-05,1
