"p","U:0","U:1","U:2","Ksl","Us:0","Us:1","Us:2","rho","voidfraction","Volume","Cell Type"
39.872,-0.0068217,-0.019657,1.5374,6469.6,-0.00015652,0.00018958,0.015822,1.21,0.63585,1.9629e-05,1
