"p","U:0","U:1","U:2","Ksl","Us:0","Us:1","Us:2","rho","voidfraction","Volume","Cell Type"
57.175,0.016115,-0.013307,1.8064,6304.1,-0.00040369,0.0011261,0.001832,1.21,0.64034,1.9629e-05,1
