"p","U:0","U:1","U:2","Ksl","Us:0","Us:1","Us:2","rho","voidfraction","Volume","Cell Type"
275.78,0.0015943,-0.00092677,4.2888,8.7183,0.00046436,-0.00019727,0.0037478,1.21,0.99889,1.9629e-05,1
