"p","U:0","U:1","U:2","Ksl","Us:0","Us:1","Us:2","rho","voidfraction","Volume","Cell Type"
78.674,-0.0033666,-0.0069675,2.2601,6699.1,-0.00081749,-0.00031635,0.0029778,1.21,0.65137,1.9629e-05,1
