"p","U:0","U:1","U:2","Ksl","Us:0","Us:1","Us:2","rho","voidfraction","Volume","Cell Type"
277.87,3.6082e-05,-7.5618e-05,4.2886,9.6151,-0.00081674,0.00031097,0.0027728,1.21,0.99876,1.9629e-05,1
