"p","U:0","U:1","U:2","Ksl","Us:0","Us:1","Us:2","rho","voidfraction","Volume","Cell Type"
252.72,0.0020297,0.11015,3.7277,606.48,0.026881,-0.0071144,0.041835,1.21,0.93795,1.9629e-05,1
