"p","U:0","U:1","U:2","Ksl","Us:0","Us:1","Us:2","rho","voidfraction","Volume","Cell Type"
29.874,-0.00032845,-0.00051103,0.97412,7338.5,-2.7089e-07,-8.7183e-06,5.9083e-05,1.21,0.62963,1.9629e-05,1
