"p","U:0","U:1","U:2","Ksl","Us:0","Us:1","Us:2","rho","voidfraction","Volume","Cell Type"
244.19,-0.0031896,0.015107,3.7757,242.48,-0.0019723,-0.0071119,0.022073,1.21,0.97264,1.9629e-05,1
