"p","U:0","U:1","U:2","Ksl","Us:0","Us:1","Us:2","rho","voidfraction","Volume","Cell Type"
40.807,0.0064278,0.0059433,1.3446,6018.9,-0.00026851,-0.0001132,0.0020311,1.21,0.62959,1.9629e-05,1
