"p","U:0","U:1","U:2","Ksl","Us:0","Us:1","Us:2","rho","voidfraction","Volume","Cell Type"
25.435,-0.0019533,-0.00019117,0.87388,7016.5,-8.0298e-05,-4.7782e-05,0.003809,1.21,0.63135,1.9629e-05,1
