"p","U:0","U:1","U:2","Ksl","Us:0","Us:1","Us:2","rho","voidfraction","Volume","Cell Type"
38.967,0.003084,0.00046458,1.2409,6026.8,1.82e-05,2.1206e-05,0.0016708,1.21,0.62925,1.9629e-05,1
